dia_mes_ano,hora_minuto,irr,massaPM1,massaPM2,massaPM4,massaPM10,numPM1,numPM2,numPM4,numPM10,tamanho_medio,temp,vento_dir,vento_vel,rainfall,P_AC,I_AC,I_DC,V_AC,V_DC,IRR,P_DC
20191228,000000,0,0,0,0,0,0,0,0,0,0,0,0,0,0,0,0.1,0,216,42.8,0,0
20191228,000100,0,0,0,0,0,0,0,0,0,0,0,0,0,0,0,0.1,0,216,42.8,0,0
20191228,000200,0,0,0,0,0,0,0,0,0,0,0,0,0,0,0,0.1,0,216,42.9,0,0
20191228,000300,0,0,0,0,0,0,0,0,0,0,0,0,0,0,0,0.1,0,216,43,0,0
20191228,000400,0,0,0,0,0,0,0,0,0,0,0,0,0,0,0,0.1,0,216,43.1,0,0
20191228,000500,0,0,0,0,0,0,0,0,0,0,0,0,0,0,0,0.1,0,216,43.1,0,0
20191228,000600,0,0,0,0,0,0,0,0,0,0,0,0,0,0,0,0.1,0,216,43.2,0,0
20191228,000700,0,0,0,0,0,0,0,0,0,0,0,0,0,0,0,0.1,0,216,43.5,0,0
20191228,000800,0,0,0,0,0,0,0,0,0,0,0,0,0,0,0,0.1,0,216,43.7,0,0
20191228,000900,0,0,0,0,0,0,0,0,0,0,0,0,0,0,0,0.1,0,216,44,0,0
20191228,001000,0,0,0,0,0,0,0,0,0,0,0,0,0,0,0,0.1,0,216,44.1,0,0
20191228,001100,0,0,0,0,0,0,0,0,0,0,0,0,0,0,0,0.1,0,216,44.1,0,0
20191228,001200,0,0,0,0,0,0,0,0,0,0,0,0,0,0,0,0.1,0,216,44.1,0,0
20191228,001300,0,0,0,0,0,0,0,0,0,0,0,0,0,0,0,0.1,0,216,44.1,0,0
20191228,001400,0,0,0,0,0,0,0,0,0,0,0,0,0,0,0,0.1,0,216,44.1,0,0
20191228,001500,0,0,0,0,0,0,0,0,0,0,0,0,0,0,0,0.1,0,216,44,0,0
20191228,001600,0,0,0,0,0,0,0,0,0,0,0,0,0,0,0,0.1,0,216,44,0,0
20191228,001700,0,0,0,0,0,0,0,0,0,0,0,0,0,0,0,0.1,0,216,44,0,0
20191228,001800,0,0,0,0,0,0,0,0,0,0,0,0,0,0,0,0.1,0,216,44,0,0
20191228,001900,0,0,0,0,0,0,0,0,0,0,0,0,0,0,0,0.1,0,216,43.9,0,0
20191228,002000,0,0,0,0,0,0,0,0,0,0,0,0,0,0,0,0.1,0,216,43.9,0,0
20191228,002100,0,0,0,0,0,0,0,0,0,0,0,0,0,0,0,0.1,0,216,43.9,0,0
20191228,002200,0,0,0,0,0,0,0,0,0,0,0,0,0,0,0,0.1,0,216,43.9,0,0
20191228,002300,0,0,0,0,0,0,0,0,0,0,0,0,0,0,0,0.1,0,216,43.7,0,0
20191228,002400,0,0,0,0,0,0,0,0,0,0,0,0,0,0,0,0.1,0,216,43.7,0,0
20191228,002500,0,0,0,0,0,0,0,0,0,0,0,0,0,0,0,0.1,0,216,43.6,0,0
20191228,002600,0,0,0,0,0,0,0,0,0,0,0,0,0,0,0,0.1,0,216,43.6,0,0
20191228,002700,0,0,0,0,0,0,0,0,0,0,0,0,0,0,0,0.1,0,216,43.5,0,0
20191228,002800,0,0,0,0,0,0,0,0,0,0,0,0,0,0,0,0.1,0,216,43.5,0,0
20191228,002900,0,0,0,0,0,0,0,0,0,0,0,0,0,0,0,0.1,0,216,43.5,0,0
20191228,003000,0,0,0,0,0,0,0,0,0,0,0,0,0,0,0,0.1,0,216,43.5,0,0
20191228,003100,0,0,0,0,0,0,0,0,0,0,0,0,0,0,0,0.1,0,216,43.6,0,0
20191228,003200,0,0,0,0,0,0,0,0,0,0,0,0,0,0,0,0.1,0,216,43.6,0,0
20191228,003300,0,0,0,0,0,0,0,0,0,0,0,0,0,0,0,0.1,0,216,43.4,0,0
20191228,003400,0,0,0,0,0,0,0,0,0,0,0,0,0,0,0,0.1,0,216,43.4,0,0
20191228,003500,0,0,0,0,0,0,0,0,0,0,0,0,0,0,0,0.1,0,216,43.1,0,0
20191228,003600,0,0,0,0,0,0,0,0,0,0,0,0,0,0,0,0.1,0,216,43.1,0,0
20191228,003700,0,0,0,0,0,0,0,0,0,0,0,0,0,0,0,0.1,0,216,42.8,0,0
20191228,003800,0,0,0,0,0,0,0,0,0,0,0,0,0,0,0,0.1,0,216,42.7,0,0
20191228,003900,0,0,0,0,0,0,0,0,0,0,0,0,0,0,0,0.1,0,216,42.7,0,0
20191228,004000,0,0,0,0,0,0,0,0,0,0,0,0,0,0,0,0.1,0,216,42.6,0,0
20191228,004100,0,0,0,0,0,0,0,0,0,0,0,0,0,0,0,0.1,0,216,42.6,0,0
20191228,004200,0,0,0,0,0,0,0,0,0,0,0,0,0,0,0,0.1,0,216,42.6,0,0
20191228,004300,0,0,0,0,0,0,0,0,0,0,0,0,0,0,0,0.1,0,216,42.5,0,0
20191228,004400,0,0,0,0,0,0,0,0,0,0,0,0,0,0,0,0.1,0,216,42.5,0,0
20191228,004500,0,0,0,0,0,0,0,0,0,0,0,0,0,0,0,0.1,0,216,42.4,0,0
20191228,004600,0,0,0,0,0,0,0,0,0,0,0,0,0,0,0,0.1,0,216,42.3,0,0
20191228,004700,0,0,0,0,0,0,0,0,0,0,0,0,0,0,0,0.1,0,216,42.1,0,0
20191228,004800,0,0,0,0,0,0,0,0,0,0,0,0,0,0,0,0.1,0,216,42,0,0
20191228,004900,0,0,0,0,0,0,0,0,0,0,0,0,0,0,0,0.1,0,216,41.9,0,0
20191228,005000,0,0,0,0,0,0,0,0,0,0,0,0,0,0,0,0.1,0,216,41.9,0,0
20191228,005100,0,0,0,0,0,0,0,0,0,0,0,0,0,0,0,0.1,0,216,41.9,0,0
20191228,005200,0,0,0,0,0,0,0,0,0,0,0,0,0,0,0,0.1,0,216,41.9,0,0
20191228,005300,0,0,0,0,0,0,0,0,0,0,0,0,0,0,0,0.1,0,216,41.9,0,0
20191228,005400,0,0,0,0,0,0,0,0,0,0,0,0,0,0,0,0.1,0,216,41.5,0,0
20191228,005500,0,0,0,0,0,0,0,0,0,0,0,0,0,0,0,0.1,0,216,41.5,0,0
20191228,005600,0,0,0,0,0,0,0,0,0,0,0,0,0,0,0,0.1,0,216,40.9,0,0
20191228,050500,0,0,0,0,0,0,0,0,0,0,0,0,0,0,13,0.1,0.09,219.9,457.5,6,41.17
20191228,050600,0,0,0,0,0,0,0,0,0,0,0,0,0,0,16,0.11,0.11,220.1,426.4,7,46.9
20191228,050700,0,0,0,0,0,0,0,0,0,0,0,0,0,0,27,0.14,0.11,220,478.2,7,52.6
20191228,050800,0,0,0,0,0,0,0,0,0,0,0,0,0,0,34,0.18,0.13,220.2,482.7,9,62.75
20191228,050900,0,0,0,0,0,0,0,0,0,0,0,0,0,0,39,0.21,0.15,220.3,469.8,9,70.47
20191228,051000,0,0,0,0,0,0,0,0,0,0,0,0,0,0,48,0.23,0.15,220.3,497.8,10,74.67
20191228,051100,0,0,0,0,0,0,0,0,0,0,0,0,0,0,53,0.26,0.17,220.5,498.5,10,84.75
20191228,051200,0,0,0,0,0,0,0,0,0,0,0,0,0,0,63,0.3,0.18,220.5,496.2,12,89.32
20191228,051300,0,0,0,0,0,0,0,0,0,0,0,0,0,0,72,0.34,0.2,220.5,497.9,12,99.58
20191228,051400,0,0,0,0,0,0,0,0,0,0,0,0,0,0,81,0.38,0.22,220.5,505.7,13,111.25
20191228,051500,0,0,0,0,0,0,0,0,0,0,0,0,0,0,90,0.42,0.24,220.5,507.5,13,121.8
20191228,051600,0,0,0,0,0,0,0,0,0,0,0,0,0,0,99,0.47,0.25,220.6,504.5,16,126.12
20191228,051700,0,0,0,0,0,0,0,0,0,0,0,0,0,0,108,0.5,0.27,220.3,504.5,16,136.22
20191228,051800,0,0,0,0,0,0,0,0,0,0,0,0,0,0,114,0.53,0.28,220.5,506.2,18,141.74
20191228,051900,0,0,0,0,0,0,0,0,0,0,0,0,0,0,123,0.56,0.29,220.4,506.8,18,146.97
20191228,052000,0,0,0,0,0,0,0,0,0,0,0,0,0,0,132,0.6,0.31,220.8,503.1,19,155.96
20191228,052100,0,0,0,0,0,0,0,0,0,0,0,0,0,0,141,0.65,0.33,220.7,507.8,21,167.57
20191228,052200,0,0,0,0,0,0,0,0,0,0,0,0,0,0,155,0.71,0.35,220.8,521.4,22,182.49
20191228,052300,0,0,0,0,0,0,0,0,0,0,0,0,0,0,166,0.77,0.38,220.8,515.7,24,195.97
20191228,052400,0,0,0,0,0,0,0,0,0,0,0,0,0,0,178,0.82,0.39,220.9,522.4,24,203.74
20191228,052500,0,0,0,0,0,0,0,0,0,0,0,0,0,0,189,0.87,0.42,221,522.3,25,219.37
20191228,052600,0,0,0,0,0,0,0,0,0,0,0,0,0,0,199,0.91,0.44,220.9,521.5,27,229.46
20191228,052700,0,0,0,0,0,0,0,0,0,0,0,0,0,0,207,0.95,0.44,220.9,529.2,27,232.85
20191228,052800,0,0,0,0,0,0,0,0,0,0,0,0,0,0,219,1,0.47,220.9,527.6,28,247.97
20191228,052900,0,0,0,0,0,0,0,0,0,0,0,0,0,0,228,1.04,0.49,220.7,527,30,258.23
20191228,053000,0,0,0,0,0,0,0,0,0,0,0,0,0,0,233,1.07,0.5,220.7,527.7,30,263.85
20191228,053100,0,0,0,0,0,0,0,0,0,0,0,0,0,0,240,1.1,0.5,220.8,532.4,27,266.2
20191228,053200,0,0,0,0,0,0,0,0,0,0,0,0,0,0,246,1.13,0.52,220.8,524.1,31,272.53
20191228,053300,0,0,0,0,0,0,0,0,0,0,0,0,0,0,255,1.16,0.53,220.9,526.8,33,279.2
20191228,053400,0,0,0,0,0,0,0,0,0,0,0,0,0,0,261,1.19,0.55,220.8,522.7,33,287.49
20191228,053500,0,0,0,0,0,0,0,0,0,0,0,0,0,0,267,1.22,0.55,220.8,532.7,35,292.99
20191228,053600,0,0,0,0,0,0,0,0,0,0,0,0,0,0,277,1.26,0.57,220.8,527.8,35,300.85
20191228,053700,0,0,0,0,0,0,0,0,0,0,0,0,0,0,286,1.3,0.59,220.5,527.8,36,311.4
20191228,053800,0,0,0,0,0,0,0,0,0,0,0,0,0,0,291,1.34,0.6,220.5,532.8,36,319.68
20191228,053900,0,0,0,0,0,0,0,0,0,0,0,0,0,0,303,1.39,0.62,220.5,532.8,39,330.34
20191228,054000,0,0,0,0,0,0,0,0,0,0,0,0,0,0,312,1.44,0.64,220.6,528.2,39,338.05
20191228,054100,0,0,0,0,0,0,0,0,0,0,0,0,0,0,328,1.49,0.67,220.8,537.4,41,360.06
20191228,054200,0,0,0,0,0,0,0,0,0,0,0,0,0,0,344,1.57,0.69,220.7,537.6,44,370.94
20191228,054300,0,0,0,0,0,0,0,0,0,0,0,0,0,0,363,1.65,0.72,220.7,533,44,383.76
20191228,054400,0,0,0,0,0,0,0,0,0,0,0,0,0,0,378,1.73,0.76,220.6,533.2,47,405.23
20191228,054500,0,0,0,0,0,0,0,0,0,0,0,0,0,0,323,1.6,0.75,220.7,511.7,51,383.78
20191228,054600,0,0,0,0,0,0,0,0,0,0,0,0,0,0,420,1.92,0.83,220.5,540.3,51,448.45
20191228,054700,0,0,0,0,0,0,0,0,0,0,0,0,0,0,440,2.01,0.87,220.6,533.3,54,463.97
20191228,054800,0,0,0,0,0,0,0,0,0,0,0,0,0,0,459,2.09,0.9,220.9,542.4,54,488.16
20191228,054900,0,0,0,0,0,0,0,0,0,0,0,0,0,0,480,2.18,0.94,220.8,542.6,57,510.04
20191228,055000,0,0,0,0,0,0,0,0,0,0,0,0,0,0,504,2.29,0.98,220.8,538.3,62,527.53
20191228,055100,0,0,0,0,0,0,0,0,0,0,0,0,0,0,526,2.4,1.03,220.5,541.8,62,558.05
20191228,055200,0,0,0,0,0,0,0,0,0,0,0,0,0,0,552,2.52,1.06,220.7,547.2,65,580.03
20191228,055300,0,0,0,0,0,0,0,0,0,0,0,0,0,0,579,2.63,1.12,220.7,543,68,608.16
20191228,055400,0,0,0,0,0,0,0,0,0,0,0,0,0,0,603,2.74,1.16,220.9,543.4,71,630.34
20191228,055500,0,0,0,0,0,0,0,0,0,0,0,0,0,0,628,2.86,1.2,221,543.9,73,652.68
20191228,055600,0,0,0,0,0,0,0,0,0,0,0,0,0,0,654,2.97,1.24,221.1,552.3,76,684.85
20191228,055700,0,0,0,0,0,0,0,0,0,0,0,0,0,0,678,3.07,1.28,221.1,544.8,77,697.34
20191228,055800,0,0,0,0,0,0,0,0,0,0,0,0,0,0,699,3.16,1.33,221.1,551.7,80,733.76
20191228,055900,0,0,0,0,0,0,0,0,0,0,0,0,0,0,714,3.24,1.34,221,549.4,82,736.2
20191228,060000,0,0,0,0,0,0,0,0,0,0,0,0,0,0,729,3.31,1.38,221,550.5,85,759.69
20191228,060100,0,0,0,0,0,0,0,0,0,0,0,0,0,0,744,3.38,1.4,220.9,550.7,85,770.98
20191228,060200,0,0,0,0,0,0,0,0,0,0,0,0,0,0,759,3.45,1.43,221,552,86,789.36
20191228,060300,0,0,0,0,0,0,0,0,0,0,0,0,0,0,780,3.53,1.47,221.1,548.4,88,806.15
20191228,060400,0,0,0,0,0,0,0,0,0,0,0,0,0,0,801,3.63,1.51,221.2,552.5,89,834.28
20191228,060500,0,0,0,0,0,0,0,0,0,0,0,0,0,0,819,3.72,1.54,220.9,552.7,92,851.16
20191228,060600,0,0,0,0,0,0,0,0,0,0,0,0,0,0,843,3.83,1.57,221.1,555.2,95,871.66
20191228,060700,0,0,0,0,0,0,0,0,0,0,0,0,0,0,869,3.94,1.62,221,551.1,97,892.78
20191228,060800,0,0,0,0,0,0,0,0,0,0,0,0,0,0,894,4.05,1.66,221,550.8,101,914.33
20191228,060900,0,0,0,0,0,0,0,0,0,0,0,0,0,0,918,4.17,1.72,221,555.4,103,955.29
20191228,061000,0,0,0,0,0,0,0,0,0,0,0,0,0,0,942,4.28,1.77,221.1,554.1,106,980.76
20191228,061100,0,0,0,0,0,0,0,0,0,0,0,0,0,0,966,4.38,1.81,221.1,553.5,108,1001.84
20191228,061200,0,0,0,0,0,0,0,0,0,0,0,0,0,0,987,4.48,1.83,220.8,554.6,112,1014.92
20191228,061300,0,0,0,0,0,0,0,0,0,0,0,0,0,0,1008,4.56,1.88,221.3,556.2,112,1045.66
20191228,061400,0,0,0,0,0,0,0,0,0,0,0,0,0,0,1023,4.63,1.91,221.4,551.5,114,1053.37
20191228,061500,0,0,0,0,0,0,0,0,0,0,0,0,0,0,1041,4.71,1.93,221.3,556.4,117,1073.85
20191228,061600,0,0,0,0,0,0,0,0,0,0,0,0,0,0,1057,4.79,1.98,221.3,548.9,117,1086.82
20191228,061700,0,0,0,0,0,0,0,0,0,0,0,0,0,0,1083,4.88,2.01,221.5,551.5,120,1108.51
20191228,061800,0,0,0,0,0,0,0,0,0,0,0,0,0,0,1105,5,2.05,221.5,556.7,123,1141.23
20191228,061900,0,0,0,0,0,0,0,0,0,0,0,0,0,0,1134,5.13,2.1,221.5,551.2,126,1157.52
20191228,062000,0,0,0,0,0,0,0,0,0,0,0,0,0,0,1170,5.28,2.16,221.3,551.4,130,1191.02
20191228,062100,0,0,0,0,0,0,0,0,0,0,0,0,0,0,1203,5.44,2.24,221.5,554.7,132,1242.53
20191228,062200,0,0,0,0,0,0,0,0,0,0,0,0,0,0,1245,5.62,2.28,221.5,560.6,137,1278.17
20191228,062300,0,0,0,0,0,0,0,0,0,0,0,0,0,0,1281,5.78,2.35,221.7,560.9,141,1318.12
20191228,062400,0,0,0,0,0,0,0,0,0,0,0,0,0,0,1311,5.93,2.39,221.8,557.4,144,1332.19
20191228,062500,0,0,0,0,0,0,0,0,0,0,0,0,0,0,1338,6.04,2.46,221.8,559.1,146,1375.39
20191228,062600,0,0,0,0,0,0,0,0,0,0,0,0,0,0,1338,6.04,2.44,221.7,559.4,146,1364.94
20191228,062700,0,0,0,0,0,0,0,0,0,0,0,0,0,0,1329,6.01,2.45,221.5,552.4,146,1353.38
20191228,062800,0,0,0,0,0,0,0,0,0,0,0,0,0,0,1326,5.99,2.44,221.6,554.5,146,1352.98
20191228,062900,0,0,0,0,0,0,0,0,0,0,0,0,0,0,1317,5.95,2.44,221.6,553.8,144,1351.27
20191228,063000,0,0,0,0,0,0,0,0,0,0,0,0,0,0,1311,5.92,2.42,221.6,554.7,144,1342.37
20191228,063100,0,0,0,0,0,0,0,0,0,0,0,0,0,0,1308,5.91,2.42,221.5,552.3,144,1336.57
20191228,063200,0,0,0,0,0,0,0,0,0,0,0,0,0,0,1323,5.98,2.44,221.4,556.4,144,1357.62
20191228,063300,0,0,0,0,0,0,0,0,0,0,0,0,0,0,1346,6.09,2.48,221.3,551.8,147,1368.46
20191228,063400,0,0,0,0,0,0,0,0,0,0,0,0,0,0,1362,6.15,2.52,221.5,555,149,1398.6
20191228,063500,0,0,0,0,0,0,0,0,0,0,0,0,0,0,1359,6.15,2.5,221.1,553.3,147,1383.25
20191228,063600,0,0,0,0,0,0,0,0,0,0,0,0,0,0,1392,6.31,2.58,221,553.8,149,1428.8
20191228,063700,0,0,0,0,0,0,0,0,0,0,0,0,0,0,1605,7.26,2.93,221.4,556.3,170,1629.96
20191228,063800,0,0,0,0,0,0,0,0,0,0,0,0,0,0,1767,8,3.18,221.2,564.6,185,1795.43
20191228,063900,0,0,0,0,0,0,0,0,0,0,0,0,0,0,1536,6.91,2.79,220.9,558.4,165,1557.94
20191228,064000,0,0,0,0,0,0,0,0,0,0,0,0,0,0,1389,6.29,2.56,220.8,550.7,152,1409.79
20191228,064100,0,0,0,0,0,0,0,0,0,0,0,0,0,0,1395,6.33,2.59,220.5,555.2,153,1437.97
20191228,064200,0,0,0,0,0,0,0,0,0,0,0,0,0,0,1413,6.41,2.6,220.6,552.6,155,1436.76
20191228,064300,0,0,0,0,0,0,0,0,0,0,0,0,0,0,1440,6.54,2.67,220.6,552.9,159,1476.24
20191228,064400,0,0,0,0,0,0,0,0,0,0,0,0,0,0,1467,6.66,2.7,220.4,552.1,161,1490.67
20191228,064500,0,0,0,0,0,0,0,0,0,0,0,0,0,0,1488,6.75,2.73,220.7,555,162,1515.15
20191228,064600,0,0,0,0,0,0,0,0,0,0,0,0,0,0,1488,6.75,2.76,220.7,551.2,164,1521.31
20191228,064700,0,0,0,0,0,0,0,0,0,0,0,0,0,0,1482,6.71,2.74,220.8,551.8,164,1511.93
20191228,064800,0,0,0,0,0,0,0,0,0,0,0,0,0,0,1464,6.63,2.7,220.6,553.2,161,1493.64
20191228,064900,0,0,0,0,0,0,0,0,0,0,0,0,0,0,1444,6.53,2.68,220.7,549.1,159,1471.59
20191228,065000,0,0,0,0,0,0,0,0,0,0,0,0,0,0,1426,6.48,2.65,220.6,553.2,158,1465.98
20191228,065100,0,0,0,0,0,0,0,0,0,0,0,0,0,0,1422,6.44,2.63,220.5,548.7,158,1443.08
20191228,065200,0,0,0,0,0,0,0,0,0,0,0,0,0,0,1413,6.42,2.63,220.3,553.9,156,1456.76
20191228,065300,0,0,0,0,0,0,0,0,0,0,0,0,0,0,1404,6.39,2.62,220.3,552.7,156,1448.07
20191228,065400,0,0,0,0,0,0,0,0,0,0,0,0,0,0,1395,6.35,2.58,220.3,550.9,156,1421.32
20191228,065500,0,0,0,0,0,0,0,0,0,0,0,0,0,0,1389,6.3,2.59,220.2,550,155,1424.5
20191228,065600,0,0,0,0,0,0,0,0,0,0,0,0,0,0,1383,6.28,2.55,220.5,553.9,155,1412.44
20191228,065700,0,0,0,0,0,0,0,0,0,0,0,0,0,0,1389,6.31,2.59,220.3,548.7,155,1421.13
20191228,065800,0,0,0,0,0,0,0,0,0,0,0,0,0,0,1412,6.41,2.61,220.4,554.7,156,1447.77
20191228,065900,0,0,0,0,0,0,0,0,0,0,0,0,0,0,1434,6.52,2.64,220.3,550.8,159,1454.11
20191228,070000,0,0,0,0,0,0,0,0,0,0,0,0,0,0,1455,6.62,2.7,220.5,554.7,161,1497.69
20191228,070100,0,0,0,0,0,0,0,0,0,0,0,0,0,0,1470,6.66,2.73,221.1,553.4,162,1510.78
20191228,070200,0,0,0,0,0,0,0,0,0,0,0,0,0,0,1483,6.72,2.73,221,553.2,164,1510.24
20191228,070300,0,0,0,0,0,0,0,0,0,0,0,0,0,0,1497,6.78,2.78,221.1,551.5,165,1533.17
20191228,070400,0,0,0,0,0,0,0,0,0,0,0,0,0,0,1504,6.81,2.78,221,555.5,167,1544.29
20191228,070500,0,0,0,0,0,0,0,0,0,0,0,0,0,0,1528,6.92,2.82,221,550.6,168,1552.69
20191228,070600,0,0,0,0,0,0,0,0,0,0,0,0,0,0,1554,7.02,2.87,221.2,554.3,172,1590.84
20191228,070700,0,0,0,0,0,0,0,0,0,0,0,0,0,0,1578,7.13,2.9,221.3,551.7,175,1599.93
20191228,070800,0,0,0,0,0,0,0,0,0,0,0,0,0,0,1599,7.24,2.97,221.3,553.6,178,1644.19
20191228,070900,0,0,0,0,0,0,0,0,0,0,0,0,0,0,1620,7.33,3,221.3,552.5,179,1657.5
20191228,071000,0,0,0,0,0,0,0,0,0,0,0,0,0,0,1642,7.43,3.01,221.2,553.9,182,1667.24
20191228,071100,0,0,0,0,0,0,0,0,0,0,0,0,0,0,1665,7.52,3.08,221.3,551.3,184,1698
20191228,071200,0,0,0,0,0,0,0,0,0,0,0,0,0,0,1688,7.65,3.12,221.1,555.5,187,1733.16
20191228,071300,0,0,0,0,0,0,0,0,0,0,0,0,0,0,1716,7.77,3.16,220.9,550.8,190,1740.53
20191228,071400,0,0,0,0,0,0,0,0,0,0,0,0,0,0,1740,7.89,3.23,220.9,553.9,191,1789.1
20191228,071500,0,0,0,0,0,0,0,0,0,0,0,0,0,0,1767,8.01,3.25,220.8,553.5,194,1798.88
20191228,071600,0,0,0,0,0,0,0,0,0,0,0,0,0,0,1791,8.11,3.29,220.9,553.5,196,1821.02
20191228,071700,0,0,0,0,0,0,0,0,0,0,0,0,0,0,1809,8.19,3.34,221,551.6,200,1842.34
20191228,071800,0,0,0,0,0,0,0,0,0,0,0,0,0,0,1821,8.26,3.34,220.9,554.5,202,1852.03
20191228,071900,0,0,0,0,0,0,0,0,0,0,0,0,0,0,1836,8.31,3.39,220.9,551,202,1867.89
20191228,072000,0,0,0,0,0,0,0,0,0,0,0,0,0,0,1854,8.4,3.42,221,555.5,203,1899.81
20191228,072100,0,0,0,0,0,0,0,0,0,0,0,0,0,0,1872,8.48,3.44,220.9,551,207,1895.44
20191228,072200,0,0,0,0,0,0,0,0,0,0,0,0,0,0,1890,8.57,3.49,220.9,553.9,208,1933.11
20191228,072300,0,0,0,0,0,0,0,0,0,0,0,0,0,0,1906,8.64,3.5,220.8,552.8,210,1934.8
20191228,072400,0,0,0,0,0,0,0,0,0,0,0,0,0,0,1923,8.72,3.56,220.7,551.3,213,1962.63
20191228,072500,0,0,0,0,0,0,0,0,0,0,0,0,0,0,1941,8.79,3.59,221,550.7,214,1977.01
20191228,072600,0,0,0,0,0,0,0,0,0,0,0,0,0,0,1962,8.88,3.6,221.1,555.2,216,1998.72
20191228,072700,0,0,0,0,0,0,0,0,0,0,0,0,0,0,1982,8.96,3.64,221.2,550.3,219,2003.09
20191228,072800,0,0,0,0,0,0,0,0,0,0,0,0,0,0,1659,7.7,3.39,220.8,508.8,219,1724.83
20191228,072900,0,0,0,0,0,0,0,0,0,0,0,0,0,0,2010,9.08,3.68,221.5,552.9,222,2034.67
20191228,073000,0,0,0,0,0,0,0,0,0,0,0,0,0,0,2022,9.13,3.72,221.4,555,222,2064.6
20191228,073100,0,0,0,0,0,0,0,0,0,0,0,0,0,0,2031,9.19,3.71,221.2,555.5,223,2060.91
20191228,073200,0,0,0,0,0,0,0,0,0,0,0,0,0,0,2043,9.29,3.73,220.1,556.2,225,2074.63
20191228,073300,0,0,0,0,0,0,0,0,0,0,0,0,0,0,2058,9.35,3.78,220.1,551.9,226,2086.18
20191228,073400,0,0,0,0,0,0,0,0,0,0,0,0,0,0,2073,9.43,3.8,220.1,556.9,228,2116.22
20191228,073500,0,0,0,0,0,0,0,0,0,0,0,0,0,0,2093,9.52,3.82,220,552.3,231,2109.79
20191228,073600,0,0,0,0,0,0,0,0,0,0,0,0,0,0,2119,9.64,3.91,220.1,555.9,234,2173.57
20191228,073700,0,0,0,0,0,0,0,0,0,0,0,0,0,0,2145,9.75,3.92,220.2,553.7,235,2170.5
20191228,073800,0,0,0,0,0,0,0,0,0,0,0,0,0,0,2169,9.86,4,220.2,554.3,239,2217.2
20191228,073900,0,0,0,0,0,0,0,0,0,0,0,0,0,0,2193,9.97,4.04,220.1,553.9,242,2237.76
20191228,074000,0,0,0,0,0,0,0,0,0,0,0,0,0,0,2214,10.05,4.04,220.2,557.8,243,2253.51
20191228,074100,0,0,0,0,0,0,0,0,0,0,0,0,0,0,2232,10.14,4.09,220.2,557.5,246,2280.17
20191228,074200,0,0,0,0,0,0,0,0,0,0,0,0,0,0,2250,10.22,4.11,220.3,553.3,248,2274.06
20191228,074300,0,0,0,0,0,0,0,0,0,0,0,0,0,0,2274,10.34,4.18,220.1,556.8,249,2327.42
20191228,074400,0,0,0,0,0,0,0,0,0,0,0,0,0,0,2298,10.45,4.18,220.2,554.7,252,2318.65
20191228,074500,0,0,0,0,0,0,0,0,0,0,0,0,0,0,2331,10.6,4.28,220,555.2,255,2376.26
20191228,074600,0,0,0,0,0,0,0,0,0,0,0,0,0,0,2361,10.75,4.31,220.1,556.1,260,2396.79
20191228,074700,0,0,0,0,0,0,0,0,0,0,0,0,0,0,2400,10.91,4.4,220.1,557.3,263,2452.12
20191228,074800,0,0,0,0,0,0,0,0,0,0,0,0,0,0,2436,11.07,4.46,220.2,552.6,267,2464.6
20191228,074900,0,0,0,0,0,0,0,0,0,0,0,0,0,0,2472,11.23,4.53,220.3,557.3,270,2524.57
20191228,075000,0,0,0,0,0,0,0,0,0,0,0,0,0,0,2508,11.39,4.57,220.3,553.8,275,2530.87
20191228,075100,0,0,0,0,0,0,0,0,0,0,0,0,0,0,2544,11.56,4.68,220.4,555.8,280,2601.14
20191228,075200,0,0,0,0,0,0,0,0,0,0,0,0,0,0,2587,11.76,4.71,220.3,555.5,284,2616.41
20191228,075300,0,0,0,0,0,0,0,0,0,0,0,0,0,0,2634,11.95,4.83,220.5,554,287,2675.82
20191228,075400,0,0,0,0,0,0,0,0,0,0,0,0,0,0,2685,12.19,4.89,220.5,556.7,293,2722.26
20191228,075500,0,0,0,0,0,0,0,0,0,0,0,0,0,0,2745,12.45,5.03,220.6,557.6,299,2804.73
20191228,075600,0,0,0,0,0,0,0,0,0,0,0,0,0,0,2811,12.74,5.15,220.6,552.7,307,2846.41
20191228,075700,0,0,0,0,0,0,0,0,0,0,0,0,0,0,2883,13.07,5.29,220.6,556.6,315,2944.41
20191228,075800,0,0,0,0,0,0,0,0,0,0,0,0,0,0,2955,13.38,5.38,221,554.6,322,2983.75
20191228,075900,0,0,0,0,0,0,0,0,0,0,0,0,0,0,3007,13.56,5.3,221.1,571.5,330,3028.95
20191228,080000,0,0,0,0,0,0,0,0,0,0,0,0,0,0,3087,13.95,5.63,221.1,552.5,336,3110.57
20191228,080100,0,0,0,0,0,0,0,0,0,0,0,0,0,0,3141,14.2,5.77,221.3,556.1,342,3208.7
20191228,080200,0,0,0,0,0,0,0,0,0,0,0,0,0,0,3198,14.47,5.82,221.4,554.8,348,3228.94
20191228,080300,0,0,0,0,0,0,0,0,0,0,0,0,0,0,3259,14.71,5.98,221.6,556.4,354,3327.27
20191228,080400,0,0,0,0,0,0,0,0,0,0,0,0,0,0,3291,14.86,6.03,221.5,553,360,3334.59
20191228,080500,0,0,0,0,0,0,0,0,0,0,0,0,0,0,3357,15.17,6.12,221.5,557.3,365,3410.68
20191228,080600,0,0,0,0,0,0,0,0,0,0,0,0,0,0,3411,15.43,6.22,221.1,560.4,377,3485.69
20191228,080700,0,0,0,0,0,0,0,0,0,0,0,0,0,0,3582,16.14,6.52,221.8,552.5,392,3602.3
20191228,080800,0,0,0,0,0,0,0,0,0,0,0,0,0,0,3672,16.71,6.83,222.5,557.3,409,3806.36
20191228,080900,0,0,0,0,0,0,0,0,0,0,0,0,0,0,3840,17.29,7,222.4,554.8,415,3883.6
20191228,081000,0,0,0,0,0,0,0,0,0,0,0,0,0,0,4170,18.84,7.67,223.1,554.6,449,4253.78
20191228,081100,0,0,0,0,0,0,0,0,0,0,0,0,0,0,4420,19.79,8.07,223.3,552.6,474,4459.48
20191228,081200,0,0,0,0,0,0,0,0,0,0,0,0,0,0,4524,20.46,8.6,223.4,557.1,493,4791.06
20191228,081300,0,0,0,0,0,0,0,0,0,0,0,0,0,0,5919,25.96,10.56,224.6,556.1,604,5872.42
20191228,081400,0,0,0,0,0,0,0,0,0,0,0,0,0,0,4820,21.62,8.95,223.4,548.4,519,4908.18
20191228,081500,0,0,0,0,0,0,0,0,0,0,0,0,0,0,5275,23.56,9.81,223.7,551.4,561,5409.23
20191228,081600,0,0,0,0,0,0,0,0,0,0,0,0,0,0,5931,26.51,10.96,224.6,555.6,648,6089.38
20191228,081700,0,0,0,0,0,0,0,0,0,0,0,0,0,0,8276,36.43,14.45,227.1,581.6,936,8404.12
20191228,081800,0,0,0,0,0,0,0,0,0,0,0,0,0,0,5182,23.04,9.62,223.6,545.5,566,5247.71
20191228,081900,0,0,0,0,0,0,0,0,0,0,0,0,0,0,4843,21.7,8.98,223,543.8,529,4883.32
20191228,082000,0,0,0,0,0,0,0,0,0,0,0,0,0,0,4846,21.71,9.12,223.2,540.7,526,4931.18
20191228,082100,0,0,0,0,0,0,0,0,0,0,0,0,0,0,5367,24,10.05,223.7,547.8,581,5505.39
20191228,082200,0,0,0,0,0,0,0,0,0,0,0,0,0,0,5478,24.45,10.24,223.8,543.6,593,5566.46
20191228,082300,0,0,0,0,0,0,0,0,0,0,0,0,0,0,5829,26.04,10.8,223.9,546,630,5896.8
20191228,082400,0,0,0,0,0,0,0,0,0,0,0,0,0,0,5565,24.88,10.29,223.6,546.8,616,5626.57
20191228,082500,0,0,0,0,0,0,0,0,0,0,0,0,0,0,6114,27.17,11.35,224.2,544.6,665,6181.21
20191228,082600,0,0,0,0,0,0,0,0,0,0,0,0,0,0,5340,23.97,9.94,223.2,548.2,589,5449.11
20191228,082700,0,0,0,0,0,0,0,0,0,0,0,0,0,0,4979,22.3,9.34,222.8,541.5,541,5057.61
20191228,082800,0,0,0,0,0,0,0,0,0,0,0,0,0,0,6273,27.99,11.53,224.1,543.4,654,6265.4
20191228,082900,0,0,0,0,0,0,0,0,0,0,0,0,0,0,5926,26.3,11.08,224,539.2,639,5974.34
20191228,083000,0,0,0,0,0,0,0,0,0,0,0,0,0,0,4687,21.09,8.79,222.4,539.3,511,4740.45
20191228,083100,0,0,0,0,0,0,0,0,0,0,0,0,0,0,4520,20.33,8.49,222.3,543.6,496,4615.16
20191228,083200,0,0,0,0,0,0,0,0,0,0,0,0,0,0,4563,20.5,8.51,222.4,538.6,496,4583.49
20191228,083300,0,0,0,0,0,0,0,0,0,0,0,0,0,0,4411,19.83,8.29,222.4,542.4,481,4496.5
20191228,083400,0,0,0,0,0,0,0,0,0,0,0,0,0,0,4501,20.21,8.44,222.3,540.9,487,4565.2
20191228,083500,0,0,0,0,0,0,0,0,0,0,0,0,0,0,4879,21.87,9.23,222.8,544.3,528,5023.89
20191228,083600,0,0,0,0,0,0,0,0,0,0,0,0,0,0,4587,20.63,8.56,222.4,548.7,496,4696.87
20191228,083700,0,0,0,0,0,0,0,0,0,0,0,0,0,0,5100,23.26,9.67,223,545,567,5270.15
20191228,083800,0,0,0,0,0,0,0,0,0,0,0,0,0,0,5184,23.43,9.78,222.9,546.1,567,5340.86
20191228,083900,0,0,0,0,0,0,0,0,0,0,0,0,0,0,7587,33.63,13.8,225.5,544.4,814,7512.72
20191228,084000,0,0,0,0,0,0,0,0,0,0,0,0,0,0,5853,26.2,10.98,223.6,546.5,616,6000.57
20191228,084100,0,0,0,0,0,0,0,0,0,0,0,0,0,0,8274,36.55,15.24,226,556,974,8473.44
20191228,084200,0,0,0,0,0,0,0,0,0,0,0,0,0,0,7451,32.83,13.65,225,542.6,831,7406.49
20191228,084300,0,0,0,0,0,0,0,0,0,0,0,0,0,0,6630,29.56,12.43,224.2,539.2,749,6702.26
20191228,084400,0,0,0,0,0,0,0,0,0,0,0,0,0,0,5049,22.56,9.52,222.4,532.7,554,5071.3
20191228,084500,0,0,0,0,0,0,0,0,0,0,0,0,0,0,5352,24.47,10.4,222.5,539.9,589,5614.96
20191228,084600,0,0,0,0,0,0,0,0,0,0,0,0,0,0,5256,23.78,9.95,222.2,536.7,584,5340.16
20191228,084700,0,0,0,0,0,0,0,0,0,0,0,0,0,0,5448,24.6,10.16,220,537.3,615,5458.97
20191228,084800,0,0,0,0,0,0,0,0,0,0,0,0,0,0,5144,23.14,9.54,219.4,537.1,563,5123.93
20191228,084900,0,0,0,0,0,0,0,0,0,0,0,0,0,0,4339,19.88,8.15,218.3,538.5,482,4388.78
20191228,085000,0,0,0,0,0,0,0,0,0,0,0,0,0,0,4615,21.22,8.81,218.6,535.9,514,4721.28
20191228,085100,0,0,0,0,0,0,0,0,0,0,0,0,0,0,5643,25.71,10.72,219.7,536.8,615,5754.5
20191228,085200,0,0,0,0,0,0,0,0,0,0,0,0,0,0,7365,33.21,13.68,221.6,538.8,838,7370.78
20191228,085300,0,0,0,0,0,0,0,0,0,0,0,0,0,0,4854,22.18,9.15,219.1,538.2,534,4924.53
20191228,085400,0,0,0,0,0,0,0,0,0,0,0,0,0,0,5340,24.26,10.1,219.7,535,580,5403.5
20191228,085500,0,0,0,0,0,0,0,0,0,0,0,0,0,0,8277,37.13,14.67,222.8,573.2,994,8408.84
20191228,085600,0,0,0,0,0,0,0,0,0,0,0,0,0,0,8277,37.17,14.4,222.6,585.9,1051,8436.96
20191228,085700,0,0,0,0,0,0,0,0,0,0,0,0,0,0,8276,37.08,14.61,223.1,576.9,1030,8428.51
20191228,085800,0,0,0,0,0,0,0,0,0,0,0,0,0,0,8276,37.04,14.77,223.4,570.2,1018,8421.85
20191228,085900,0,0,0,0,0,0,0,0,0,0,0,0,0,0,8277,37.05,14.88,223.3,565.4,1009,8413.15
20191228,090000,0,0,0,0,0,0,0,0,0,0,0,0,0,0,8274,37.07,15,223,559.7,1000,8395.5
20191228,090100,0,0,0,0,0,0,0,0,0,0,0,0,0,0,8275,37.06,15.22,223.1,553.5,992,8424.27
20191228,090200,0,0,0,0,0,0,0,0,0,0,0,0,0,0,8276,37.1,15.31,222.9,549,984,8405.19
20191228,090300,0,0,0,0,0,0,0,0,0,0,0,0,0,0,8277,37.04,15.47,223.4,545.4,972,8437.34
20191228,090400,0,0,0,0,0,0,0,0,0,0,0,0,0,0,8262,36.98,15.61,223.4,540,962,8429.4
20191228,090500,0,0,0,0,0,0,0,0,0,0,0,0,0,0,8199,36.67,15.46,223.3,538.2,953,8320.57
20191228,090600,0,0,0,0,0,0,0,0,0,0,0,0,0,0,8277,37.02,16.07,223.4,523.4,948,8411.04
20191228,090700,0,0,0,0,0,0,0,0,0,0,0,0,0,0,8236,36.89,16.15,223.1,517.6,939,8359.24
20191228,090800,0,0,0,0,0,0,0,0,0,0,0,0,0,0,8172,36.6,16.17,223.2,514.8,933,8324.32
20191228,090900,0,0,0,0,0,0,0,0,0,0,0,0,0,0,8113,35.95,16.13,225.5,511.8,928,8255.33
20191228,091000,0,0,0,0,0,0,0,0,0,0,0,0,0,0,8046,35.65,15.96,225.4,511.8,919,8168.33
20191228,091100,0,0,0,0,0,0,0,0,0,0,0,0,0,0,7969,35.3,16.02,225.1,505.7,911,8101.31
20191228,091200,0,0,0,0,0,0,0,0,0,0,0,0,0,0,7945,35.69,15.74,222.6,517,908,8137.58
20191228,091300,0,0,0,0,0,0,0,0,0,0,0,0,0,0,7921,35.6,15.65,222.4,514.6,904,8053.49
20191228,091400,0,0,0,0,0,0,0,0,0,0,0,0,0,0,7873,35.47,15.58,222,514.5,899,8015.91
20191228,091500,0,0,0,0,0,0,0,0,0,0,0,0,0,0,7812,35.2,15.38,221.8,514.2,892,7908.4
20191228,091600,0,0,0,0,0,0,0,0,0,0,0,0,0,0,7761,34.93,15.4,222,514.2,886,7918.68
20191228,091700,0,0,0,0,0,0,0,0,0,0,0,0,0,0,7749,34.85,15.33,222.2,516,886,7910.28
20191228,091800,0,0,0,0,0,0,0,0,0,0,0,0,0,0,6252,32.99,15.52,221.6,533.4,884,8278.37
20191228,091900,0,0,0,0,0,0,0,0,0,0,0,0,0,0,7731,34.88,15.26,221.6,518.5,881,7912.31
20191228,092000,0,0,0,0,0,0,0,0,0,0,0,0,0,0,7740,34.92,15.31,221.5,518.9,881,7944.36
20191228,092100,0,0,0,0,0,0,0,0,0,0,0,0,0,0,7713,34.82,15.12,221.5,515.3,876,7791.34
20191228,092200,0,0,0,0,0,0,0,0,0,0,0,0,0,0,7719,34.84,15.13,221.4,516.6,878,7816.16
20191228,092300,0,0,0,0,0,0,0,0,0,0,0,0,0,0,7698,34.75,15.08,221.4,517.4,876,7802.39
20191228,092400,0,0,0,0,0,0,0,0,0,0,0,0,0,0,7665,34.61,15.15,221.5,514.4,869,7793.16
20191228,092500,0,0,0,0,0,0,0,0,0,0,0,0,0,0,7639,34.52,14.82,221.2,520.8,863,7718.26
20191228,092600,0,0,0,0,0,0,0,0,0,0,0,0,0,0,7596,34.29,14.86,221.5,521.3,858,7746.52
20191228,092700,0,0,0,0,0,0,0,0,0,0,0,0,0,0,7539,34.03,14.59,221.3,522.9,851,7629.11
20191228,092800,0,0,0,0,0,0,0,0,0,0,0,0,0,0,7512,33.88,14.57,221.6,523.7,846,7630.31
20191228,092900,0,0,0,0,0,0,0,0,0,0,0,0,0,0,7461,33.64,14.63,221.6,521,841,7622.23
20191228,093000,0,0,0,0,0,0,0,0,0,0,0,0,0,0,7402,33.39,14.51,221.7,521.6,834,7568.42
20191228,093100,0,0,0,0,0,0,0,0,0,0,0,0,0,0,7458,33.65,14.63,221.5,518.8,841,7590.04
20191228,093200,0,0,0,0,0,0,0,0,0,0,0,0,0,0,7476,33.74,14.63,221.6,518,844,7578.34
20191228,093300,0,0,0,0,0,0,0,0,0,0,0,0,0,0,7365,33.21,14.64,221.8,515,846,7539.6
20191228,093400,0,0,0,0,0,0,0,0,0,0,0,0,0,0,7482,33.7,14.66,222,518,852,7593.88
20191228,093500,0,0,0,0,0,0,0,0,0,0,0,0,0,0,7495,33.76,14.43,221.6,527.5,854,7611.82
20191228,093600,0,0,0,0,0,0,0,0,0,0,0,0,0,0,7523,33.69,14.9,221.8,510.1,854,7600.49
20191228,093700,0,0,0,0,0,0,0,0,0,0,0,0,0,0,7568,34.08,14.86,221.8,520,852,7727.2
20191228,093800,0,0,0,0,0,0,0,0,0,0,0,0,0,0,7593,34.21,14.88,221.9,518.8,855,7719.74
20191228,093900,0,0,0,0,0,0,0,0,0,0,0,0,0,0,7522,33.76,14.07,221.4,535,858,7527.45
20191228,094000,0,0,0,0,0,0,0,0,0,0,0,0,0,0,7623,34.36,14.92,221.8,522.6,861,7797.19
20191228,094100,0,0,0,0,0,0,0,0,0,0,0,0,0,0,7626,34.39,14.85,221.7,518.8,861,7704.18
20191228,094200,0,0,0,0,0,0,0,0,0,0,0,0,0,0,7638,34.44,14.99,221.7,521.6,863,7818.78
20191228,094300,0,0,0,0,0,0,0,0,0,0,0,0,0,0,7647,34.52,14.86,221.4,520.4,864,7733.14
20191228,094400,0,0,0,0,0,0,0,0,0,0,0,0,0,0,7686,34.66,15.09,221.8,519.3,869,7836.24
20191228,094500,0,0,0,0,0,0,0,0,0,0,0,0,0,0,7710,34.81,15.02,221.5,522.3,870,7844.95
20191228,094600,0,0,0,0,0,0,0,0,0,0,0,0,0,0,7706,34.84,15.08,221.2,518.3,872,7815.96
20191228,094700,0,0,0,0,0,0,0,0,0,0,0,0,0,0,7731,34.88,15.12,221.6,522.9,873,7906.25
20191228,094800,0,0,0,0,0,0,0,0,0,0,0,0,0,0,7743,34.88,15.19,221.8,518.4,875,7874.5
20191228,094900,0,0,0,0,0,0,0,0,0,0,0,0,0,0,7682,34.66,15.42,221.5,504.7,878,7782.47
20191228,095000,0,0,0,0,0,0,0,0,0,0,0,0,0,0,7758,35.05,15.16,221.3,518.1,881,7854.4
20191228,095100,0,0,0,0,0,0,0,0,0,0,0,0,0,0,7765,35.01,15.21,221.8,523,881,7954.83
20191228,095200,0,0,0,0,0,0,0,0,0,0,0,0,0,0,7791,35.16,15.3,221.5,522.1,882,7988.13
20191228,095300,0,0,0,0,0,0,0,0,0,0,0,0,0,0,7817,35.23,15.2,221.8,521.5,886,7926.8
20191228,095400,0,0,0,0,0,0,0,0,0,0,0,0,0,0,7821,35.26,15.18,221.7,519.9,887,7892.08
20191228,095500,0,0,0,0,0,0,0,0,0,0,0,0,0,0,7847,35.4,15.41,221.6,518.9,892,7996.25
20191228,095600,0,0,0,0,0,0,0,0,0,0,0,0,0,0,7836,35.3,15.25,222,522.5,896,7968.12
20191228,095700,0,0,0,0,0,0,0,0,0,0,0,0,0,0,7848,35.32,15.55,222.1,515.7,896,8019.14
20191228,095800,0,0,0,0,0,0,0,0,0,0,0,0,0,0,7857,35.37,15.59,222,514.7,898,8024.17
20191228,095900,0,0,0,0,0,0,0,0,0,0,0,0,0,0,7830,35.21,15.37,222.4,523.5,898,8046.2
20191228,100000,0,0,0,0,0,0,0,0,0,0,0,0,0,0,7854,35.33,15.33,222.4,517.6,899,7934.81
20191228,100100,0,0,0,0,0,0,0,0,0,0,0,0,0,0,7860,35.36,15.59,222.3,511.8,902,7978.96
20191228,100200,0,0,0,0,0,0,0,0,0,0,0,0,0,0,7866,35.44,15.52,221.9,515.6,905,8002.11
20191228,100300,0,0,0,0,0,0,0,0,0,0,0,0,0,0,7860,35.35,15.5,222.3,512.1,907,7937.55
20191228,100400,0,0,0,0,0,0,0,0,0,0,0,0,0,0,7854,35.29,15.75,222.5,506.6,908,7978.95
20191228,100500,0,0,0,0,0,0,0,0,0,0,0,0,0,0,7863,35.31,15.71,222.5,510.7,913,8023.1
20191228,100600,0,0,0,0,0,0,0,0,0,0,0,0,0,0,7878,35.42,15.83,222.5,510.4,914,8079.63
20191228,100700,0,0,0,0,0,0,0,0,0,0,0,0,0,0,7882,35.42,15.66,222.5,508.3,916,7959.98
20191228,100800,0,0,0,0,0,0,0,0,0,0,0,0,0,0,7881,35.43,15.6,222.4,514.7,919,8029.32
20191228,100900,0,0,0,0,0,0,0,0,0,0,0,0,0,0,7891,35.54,15.9,221.9,506.6,922,8054.94
20191228,101000,0,0,0,0,0,0,0,0,0,0,0,0,0,0,7917,35.66,15.71,221.9,511.6,924,8037.24
20191228,101100,0,0,0,0,0,0,0,0,0,0,0,0,0,0,7953,35.77,15.9,222.2,509.3,927,8097.87
20191228,101200,0,0,0,0,0,0,0,0,0,0,0,0,0,0,7995,35.96,16,222.1,511.4,928,8182.4
20191228,101300,0,0,0,0,0,0,0,0,0,0,0,0,0,0,8010,36.04,15.91,222.1,511.8,930,8142.74
20191228,101400,0,0,0,0,0,0,0,0,0,0,0,0,0,0,8018,36.18,16.03,221.5,512.5,933,8215.38
20191228,101500,0,0,0,0,0,0,0,0,0,0,0,0,0,0,8046,36.29,15.93,221.7,512,937,8156.16
20191228,101600,0,0,0,0,0,0,0,0,0,0,0,0,0,0,8052,36.26,16.08,221.9,511.1,939,8218.49
20191228,101700,0,0,0,0,0,0,0,0,0,0,0,0,0,0,8046,36.27,16.33,222,504.8,942,8243.38
20191228,101800,0,0,0,0,0,0,0,0,0,0,0,0,0,0,8055,36.31,16.22,221.8,507.8,943,8236.52
20191228,101900,0,0,0,0,0,0,0,0,0,0,0,0,0,0,8093,36.43,16.44,222.1,504,948,8285.76
20191228,102000,0,0,0,0,0,0,0,0,0,0,0,0,0,0,8073,36.34,16.63,222.1,493.3,951,8203.58
20191228,102100,0,0,0,0,0,0,0,0,0,0,0,0,0,0,8142,36.6,16.48,222.4,504.1,954,8307.57
20191228,102200,0,0,0,0,0,0,0,0,0,0,0,0,0,0,8147,36.64,16.48,222.3,503.6,957,8299.33
20191228,102300,0,0,0,0,0,0,0,0,0,0,0,0,0,0,8118,36.5,16.75,222.3,493.1,960,8259.43
20191228,102400,0,0,0,0,0,0,0,0,0,0,0,0,0,0,8169,36.75,16.63,222.2,500.2,963,8318.33
20191228,102500,0,0,0,0,0,0,0,0,0,0,0,0,0,0,8183,36.42,16.67,224.7,499.9,963,8333.33
20191228,102600,0,0,0,0,0,0,0,0,0,0,0,0,0,0,8194,36.5,16.86,224.5,495.1,965,8347.39
20191228,102700,0,0,0,0,0,0,0,0,0,0,0,0,0,0,8246,36.68,16.78,224.8,499.7,969,8384.97
20191228,102800,0,0,0,0,0,0,0,0,0,0,0,0,0,0,8277,37.25,16.25,222.1,517.9,975,8415.88
20191228,102900,0,0,0,0,0,0,0,0,0,0,0,0,0,0,8277,37.23,16.11,222.2,523.6,978,8435.2
20191228,103000,0,0,0,0,0,0,0,0,0,0,0,0,0,0,8277,37.27,15.97,222,528,984,8432.16
20191228,103100,0,0,0,0,0,0,0,0,0,0,0,0,0,0,8277,37.25,15.94,222.1,528.9,986,8430.67
20191228,103200,0,0,0,0,0,0,0,0,0,0,0,0,0,0,8277,37.27,15.86,222,532.3,986,8442.28
20191228,103300,0,0,0,0,0,0,0,0,0,0,0,0,0,0,8275,37.26,15.84,222,532.2,988,8430.05
20191228,103400,0,0,0,0,0,0,0,0,0,0,0,0,0,0,8277,37.3,15.81,221.8,533.2,989,8429.89
20191228,103500,0,0,0,0,0,0,0,0,0,0,0,0,0,0,8277,37.25,15.77,222.1,534.6,992,8430.64
20191228,103600,0,0,0,0,0,0,0,0,0,0,0,0,0,0,8274,37.26,15.8,222.1,532.9,998,8419.82
20191228,103700,0,0,0,0,0,0,0,0,0,0,0,0,0,0,8277,37.23,15.87,222.3,531.3,1000,8431.73
20191228,103800,0,0,0,0,0,0,0,0,0,0,0,0,0,0,8276,37.25,15.81,222.1,534.2,1003,8445.7
20191228,103900,0,0,0,0,0,0,0,0,0,0,0,0,0,0,8276,37.29,15.76,221.9,534.5,1003,8423.72
20191228,104000,0,0,0,0,0,0,0,0,0,0,0,0,0,0,8277,37.22,15.85,222.4,532.3,1004,8436.96
20191228,104100,0,0,0,0,0,0,0,0,0,0,0,0,0,0,8275,37.24,15.97,222.1,523,991,8352.31
20191228,104200,0,0,0,0,0,0,0,0,0,0,0,0,0,0,7764,35.01,15.83,221.6,498.1,934,7884.92
20191228,104300,0,0,0,0,0,0,0,0,0,0,0,0,0,0,8214,37.03,16.34,221.8,510.5,1003,8341.57
20191228,104400,0,0,0,0,0,0,0,0,0,0,0,0,0,0,8251,37.13,16.3,222,514.7,1004,8389.61
20191228,104500,0,0,0,0,0,0,0,0,0,0,0,0,0,0,8274,37.26,16.12,222,526.1,1026,8480.73
20191228,104600,0,0,0,0,0,0,0,0,0,0,0,0,0,0,8275,37.28,15.7,221.9,535.4,1035,8405.78
20191228,104700,0,0,0,0,0,0,0,0,0,0,0,0,0,0,8271,37.33,15.6,221.6,539.4,1044,8414.64
20191228,104800,0,0,0,0,0,0,0,0,0,0,0,0,0,0,8276,37.29,15.39,221.8,546.5,1061,8410.64
20191228,104900,0,0,0,0,0,0,0,0,0,0,0,0,0,0,8275,37.29,15.67,221.9,538,1029,8430.46
20191228,105000,0,0,0,0,0,0,0,0,0,0,0,0,0,0,8075,36.4,16.53,221.7,502.2,960,8301.37
20191228,105100,0,0,0,0,0,0,0,0,0,0,0,0,0,0,6605,30.05,13.48,219.8,502.1,768,6768.31
20191228,105200,0,0,0,0,0,0,0,0,0,0,0,0,0,0,5704,25.72,11.24,219,508.4,695,5714.42
20191228,105300,0,0,0,0,0,0,0,0,0,0,0,0,0,0,6150,28.01,12.33,219.6,504,730,6214.32
20191228,105400,0,0,0,0,0,0,0,0,0,0,0,0,0,0,7581,34.37,15.36,221.3,502.7,890,7721.47
20191228,105500,0,0,0,0,0,0,0,0,0,0,0,0,0,0,7860,35.06,15.51,221.3,504.2,902,7820.14
20191228,105600,0,0,0,0,0,0,0,0,0,0,0,0,0,0,7275,33.39,14.94,221.3,503.8,855,7526.77
20191228,105700,0,0,0,0,0,0,0,0,0,0,0,0,0,0,8274,37.23,15.48,222.2,537.5,986,8320.5
20191228,105800,0,0,0,0,0,0,0,0,0,0,0,0,0,0,7176,32.53,14.51,220.7,509.4,905,7391.39
20191228,105900,0,0,0,0,0,0,0,0,0,0,0,0,0,0,8276,36.85,15.39,224.5,544.1,1009,8373.7
20191228,110000,0,0,0,0,0,0,0,0,0,0,0,0,0,0,8277,36.85,15.52,224.5,542.6,1038,8421.15
20191228,110100,0,0,0,0,0,0,0,0,0,0,0,0,0,0,8273,36.84,15.47,224.5,536.6,1035,8301.2
20191228,110200,0,0,0,0,0,0,0,0,0,0,0,0,0,0,8277,37.28,15.41,221.9,546.1,1053,8415.4
20191228,110300,0,0,0,0,0,0,0,0,0,0,0,0,0,0,8274,37.32,15.54,221.7,542.5,1055,8430.45
20191228,110400,0,0,0,0,0,0,0,0,0,0,0,0,0,0,8277,37.3,15.64,221.8,538.8,1055,8426.83
20191228,110500,0,0,0,0,0,0,0,0,0,0,0,0,0,0,8276,36.82,15.7,224.6,536.2,1055,8418.34
20191228,110600,0,0,0,0,0,0,0,0,0,0,0,0,0,0,8276,36.85,15.67,224.5,538.2,1059,8433.59
20191228,110700,0,0,0,0,0,0,0,0,0,0,0,0,0,0,8270,36.89,15.57,224.1,542.5,1070,8446.73
20191228,110800,0,0,0,0,0,0,0,0,0,0,0,0,0,0,8274,37.3,15.47,221.7,544,1073,8415.68
20191228,110900,0,0,0,0,0,0,0,0,0,0,0,0,0,0,8274,37.27,15.55,221.9,541,1071,8412.55
20191228,111000,0,0,0,0,0,0,0,0,0,0,0,0,0,0,8271,37.28,15.58,221.9,539.4,1065,8403.85
20191228,111100,0,0,0,0,0,0,0,0,0,0,0,0,0,0,8274,37.28,15.69,221.9,536.8,1059,8422.39
20191228,111200,0,0,0,0,0,0,0,0,0,0,0,0,0,0,8277,37.35,15.86,221.5,530.6,1050,8415.32
20191228,111300,0,0,0,0,0,0,0,0,0,0,0,0,0,0,8271,36.88,16.54,224,509.5,1010,8427.13
20191228,111400,0,0,0,0,0,0,0,0,0,0,0,0,0,0,8274,36.92,16.15,224,522,1048,8430.3
20191228,111500,0,0,0,0,0,0,0,0,0,0,0,0,0,0,1962,9.05,4.23,217.1,480.1,277,2030.82
20191228,111600,0,0,0,0,0,0,0,0,0,0,0,0,0,0,6553,29.81,13.33,219.4,499.7,788,6661
20191228,111700,0,0,0,0,0,0,0,0,0,0,0,0,0,0,7107,32.67,14.82,220.2,498.4,852,7386.29
20191228,111800,0,0,0,0,0,0,0,0,0,0,0,0,0,0,8088,36.49,16.64,221.4,494.7,983,8231.81
20191228,111900,0,0,0,0,0,0,0,0,0,0,0,0,0,0,8037,36.25,16.31,221.6,501.2,956,8174.57
20191228,112000,0,0,0,0,0,0,0,0,0,0,0,0,0,0,8274,37.31,16.34,221.7,516,1029,8431.44
20191228,112100,0,0,0,0,0,0,0,0,0,0,0,0,0,0,8274,37.27,15.93,222,528.1,1045,8412.63
20191228,112200,0,0,0,0,0,0,0,0,0,0,0,0,0,0,8277,37.3,15.89,221.8,530.1,1053,8423.29
20191228,112300,0,0,0,0,0,0,0,0,0,0,0,0,0,0,8247,37.21,16.66,221.5,502.7,1010,8374.98
20191228,112400,0,0,0,0,0,0,0,0,0,0,0,0,0,0,8274,37.4,16.05,221.1,524.8,1045,8423.04
20191228,112500,0,0,0,0,0,0,0,0,0,0,0,0,0,0,8277,37.28,16.02,221.9,525.5,1048,8418.51
20191228,112600,0,0,0,0,0,0,0,0,0,0,0,0,0,0,8277,37.29,15.94,221.9,527.9,1055,8414.73
20191228,112700,0,0,0,0,0,0,0,0,0,0,0,0,0,0,8274,36.89,15.95,224.2,527.4,1050,8412.03
20191228,112800,0,0,0,0,0,0,0,0,0,0,0,0,0,0,8269,36.89,16.07,224.1,523.6,1047,8414.25
20191228,112900,0,0,0,0,0,0,0,0,0,0,0,0,0,0,8274,36.9,16.23,224.1,521.8,1050,8468.81
20191228,113000,0,0,0,0,0,0,0,0,0,0,0,0,0,0,8278,36.87,16.15,224.3,522.4,1055,8436.76
20191228,113100,0,0,0,0,0,0,0,0,0,0,0,0,0,0,8278,37.3,16.29,221.9,517,1045,8421.93
20191228,113200,0,0,0,0,0,0,0,0,0,0,0,0,0,0,8277,37.31,16.17,221.7,521.5,1059,8432.66
20191228,113300,0,0,0,0,0,0,0,0,0,0,0,0,0,0,4101,20.09,10.31,216.9,517.1,452,5331.3
20191228,113400,0,0,0,0,0,0,0,0,0,0,0,0,0,0,6225,36.62,15.73,222.1,528.4,532,8311.73
20191228,113500,0,0,0,0,0,0,0,0,0,0,0,0,0,0,8271,36.83,15.81,224.5,533.9,1094,8440.96
20191228,113600,0,0,0,0,0,0,0,0,0,0,0,0,0,0,8276,36.83,15.65,224.6,537.5,1100,8411.88
20191228,113700,0,0,0,0,0,0,0,0,0,0,0,0,0,0,7743,35.06,14.27,222.3,527.6,966,7528.85
20191228,113800,0,0,0,0,0,0,0,0,0,0,0,0,0,0,8271,37.23,15.67,222,535.5,1055,8391.28
20191228,113900,0,0,0,0,0,0,0,0,0,0,0,0,0,0,8277,37.3,15.35,221.8,547,1121,8396.45
20191228,114000,0,0,0,0,0,0,0,0,0,0,0,0,0,0,8277,37.33,15.48,221.7,543.6,1111,8414.93
20191228,114100,0,0,0,0,0,0,0,0,0,0,0,0,0,0,8277,37.37,15.59,221.4,539.2,1103,8406.13
20191228,114200,0,0,0,0,0,0,0,0,0,0,0,0,0,0,8277,37.35,15.56,221.5,539.4,1108,8393.06
20191228,114300,0,0,0,0,0,0,0,0,0,0,0,0,0,0,8277,37.32,15.58,221.7,541,1125,8428.78
20191228,114400,0,0,0,0,0,0,0,0,0,0,0,0,0,0,8277,37.32,15.6,221.8,538.2,1118,8395.92
20191228,114500,0,0,0,0,0,0,0,0,0,0,0,0,0,0,8277,37.36,15.71,221.5,536.3,1112,8425.27
20191228,114600,0,0,0,0,0,0,0,0,0,0,0,0,0,0,8277,37.46,15.62,220.9,539.2,1120,8422.3
20191228,114700,0,0,0,0,0,0,0,0,0,0,0,0,0,0,2577,10.45,4.17,214.5,516.7,487,2154.64
20191228,114800,0,0,0,0,0,0,0,0,0,0,0,0,0,0,5607,26.41,7.61,218.5,503.5,657,3831.64
20191228,114900,0,0,0,0,0,0,0,0,0,0,0,0,0,0,8277,37.42,15.35,221.1,549.4,1123,8433.29
20191228,115000,0,0,0,0,0,0,0,0,0,0,0,0,0,0,8277,37.35,15.5,221.5,543.6,1100,8425.8
20191228,115100,0,0,0,0,0,0,0,0,0,0,0,0,0,0,8277,37.36,15.54,221.4,541.4,1097,8413.36
20191228,115200,0,0,0,0,0,0,0,0,0,0,0,0,0,0,8277,37.35,15.6,221.6,540.2,1096,8427.12
20191228,115300,0,0,0,0,0,0,0,0,0,0,0,0,0,0,8277,37.38,15.64,221.3,539.3,1102,8434.65
20191228,115400,0,0,0,0,0,0,0,0,0,0,0,0,0,0,2076,9.7,4.28,214.4,492,270,2105.76
20191228,115500,0,0,0,0,0,0,0,0,0,0,0,0,0,0,8274,37.37,15.27,221.3,552.4,1147,8435.15
20191228,115600,0,0,0,0,0,0,0,0,0,0,0,0,0,0,8277,37.36,15.12,221.5,556,1164,8406.72
20191228,115700,0,0,0,0,0,0,0,0,0,0,0,0,0,0,8277,37.38,15.03,221.3,557.6,1080,8380.73
20191228,115800,0,0,0,0,0,0,0,0,0,0,0,0,0,0,8275,36.99,15.3,223.6,551.2,1137,8433.36
20191228,115900,0,0,0,0,0,0,0,0,0,0,0,0,0,0,5124,12.27,4.61,217.7,498.4,776,2297.62
20191228,120000,0,0,0,0,0,0,0,0,0,0,0,0,0,0,2001,9.22,4.6,217.1,498.5,296,2293.1
20191228,120100,0,0,0,0,0,0,0,0,0,0,0,0,0,0,8274,37.33,15.19,221.6,556.3,1178,8450.2
20191228,120200,0,0,0,0,0,0,0,0,0,0,0,0,0,0,8276,37.37,15.24,221.3,553.3,1158,8432.29
20191228,120300,0,0,0,0,0,0,0,0,0,0,0,0,0,0,8275,37.35,15.3,221.5,549.5,1161,8407.35
20191228,120400,0,0,0,0,0,0,0,0,0,0,0,0,0,0,8273,37.33,15.26,221.6,548.8,1181,8374.69
20191228,120500,0,0,0,0,0,0,0,0,0,0,0,0,0,0,8274,36.89,15.2,224.1,554.2,1120,8423.84
20191228,120600,0,0,0,0,0,0,0,0,0,0,0,0,0,0,8270,36.93,15.22,223.9,551.4,1201,8392.31
20191228,120700,0,0,0,0,0,0,0,0,0,0,0,0,0,0,2595,11.65,5.15,217.6,493.5,345,2541.52
20191228,120800,0,0,0,0,0,0,0,0,0,0,0,0,0,0,1942,9.05,4.03,214.6,491.9,234,1982.36
20191228,120900,0,0,0,0,0,0,0,0,0,0,0,0,0,0,8277,37.33,14.49,221.6,575.2,933,8334.65
20191228,121000,0,0,0,0,0,0,0,0,0,0,0,0,0,0,8277,37.32,14.86,221.7,564.8,1158,8392.93
20191228,121100,0,0,0,0,0,0,0,0,0,0,0,0,0,0,2193,10.23,4.54,214.3,487.9,257,2215.07
20191228,121200,0,0,0,0,0,0,0,0,0,0,0,0,0,0,8274,37.27,15.41,221.9,554.8,1120,8549.47
20191228,121300,0,0,0,0,0,0,0,0,0,0,0,0,0,0,8277,37.3,15.1,221.8,556.1,1134,8397.11
20191228,121400,0,0,0,0,0,0,0,0,0,0,0,0,0,0,8277,37.35,15.19,221.5,555,1150,8430.45
20191228,121500,0,0,0,0,0,0,0,0,0,0,0,0,0,0,8274,36.88,15.34,224.2,551.1,1143,8453.87
20191228,121600,0,0,0,0,0,0,0,0,0,0,0,0,0,0,8274,36.88,15.32,224.2,550.5,1144,8433.66
20191228,121700,0,0,0,0,0,0,0,0,0,0,0,0,0,0,8275,36.91,15.37,224.1,548.4,1143,8428.91
20191228,121800,0,0,0,0,0,0,0,0,0,0,0,0,0,0,8277,37.37,15.51,221.4,543.7,1132,8432.79
20191228,121900,0,0,0,0,0,0,0,0,0,0,0,0,0,0,1660,7.78,3.54,213.6,475.7,207,1683.98
20191228,122000,0,0,0,0,0,0,0,0,0,0,0,0,0,0,3117,20.2,9.81,217.1,527,522,5169.87
20191228,122100,0,0,0,0,0,0,0,0,0,0,0,0,0,0,6423,22.09,7.8,217.9,526.4,946,4105.92
20191228,122200,0,0,0,0,0,0,0,0,0,0,0,0,0,0,2881,13.34,5.96,215.4,496,366,2956.16
20191228,122300,0,0,0,0,0,0,0,0,0,0,0,0,0,0,6814,31.86,14.97,224.1,527.8,1117,7901.17
20191228,122400,0,0,0,0,0,0,0,0,0,0,0,0,0,0,8274,36.69,15.09,225.4,560.8,1169,8462.47
20191228,122500,0,0,0,0,0,0,0,0,0,0,0,0,0,0,7731,34.42,14.94,224.7,523,899,7813.62
20191228,122600,0,0,0,0,0,0,0,0,0,0,0,0,0,0,2088,9.69,4.34,215.4,493.3,249,2140.92
20191228,122700,0,0,0,0,0,0,0,0,0,0,0,0,0,0,8277,37.22,15.08,222.3,560.6,1141,8453.85
20191228,122800,0,0,0,0,0,0,0,0,0,0,0,0,0,0,1569,7.3,3.29,215.1,489,191,1608.81
20191228,122900,0,0,0,0,0,0,0,0,0,0,0,0,0,0,1521,7.02,3.17,217.4,488.5,188,1548.55
20191228,123000,0,0,0,0,0,0,0,0,0,0,0,0,0,0,1458,6.67,2.94,217.3,498.6,179,1465.88
20191228,123100,0,0,0,0,0,0,0,0,0,0,0,0,0,0,1731,7.98,3.65,217.4,507.3,205,1851.64
20191228,123200,0,0,0,0,0,0,0,0,0,0,0,0,0,0,8270,36.92,14.42,224,582.8,1131,8403.98
20191228,123300,0,0,0,0,0,0,0,0,0,0,0,0,0,0,8271,36.74,14.53,225,580.2,1179,8430.31
20191228,123400,0,0,0,0,0,0,0,0,0,0,0,0,0,0,4356,16.94,6.93,220.1,525.3,608,3640.33
20191228,123500,0,0,0,0,0,0,0,0,0,0,0,0,0,0,8270,36.78,15.12,224.8,550.1,1086,8317.51
20191228,123600,0,0,0,0,0,0,0,0,0,0,0,0,0,0,3129,16.57,7.59,217.1,514.4,397,3904.3
20191228,123700,0,0,0,0,0,0,0,0,0,0,0,0,0,0,3909,17.46,6.78,217.2,548.4,464,3718.15
20191228,123800,0,0,0,0,0,0,0,0,0,0,0,0,0,0,2289,10.64,4.61,215.7,509.6,269,2349.26
20191228,123900,0,0,0,0,0,0,0,0,0,0,0,0,0,0,3181,14.67,6.79,216.6,519.3,394,3526.05
20191228,124000,0,0,0,0,0,0,0,0,0,0,0,0,0,0,8277,37.2,14.66,222.3,577.6,1029,8467.62
20191228,124100,0,0,0,0,0,0,0,0,0,0,0,0,0,0,8274,36.73,14.9,225.1,571.9,1181,8521.31
20191228,124200,0,0,0,0,0,0,0,0,0,0,0,0,0,0,1856,8.53,3.76,217.8,504.8,225,1898.05
20191228,124300,0,0,0,0,0,0,0,0,0,0,0,0,0,0,1784,8.21,3.6,217.4,505.2,210,1818.72
20191228,124400,0,0,0,0,0,0,0,0,0,0,0,0,0,0,1812,8.35,3.63,217.3,514.2,214,1866.55
20191228,124500,0,0,0,0,0,0,0,0,0,0,0,0,0,0,1809,8.33,3.57,217.3,518.9,211,1852.47
20191228,124600,0,0,0,0,0,0,0,0,0,0,0,0,0,0,1866,8.59,3.66,217.5,521.1,216,1907.23
20191228,124700,0,0,0,0,0,0,0,0,0,0,0,0,0,0,1956,8.99,3.8,217.5,523.8,225,1990.44
20191228,124800,0,0,0,0,0,0,0,0,0,0,0,0,0,0,7890,34.31,12.81,224,565.1,1176,7238.93
20191228,124900,0,0,0,0,0,0,0,0,0,0,0,0,0,0,8277,36.78,14.19,224.9,592.6,1179,8408.99
20191228,125000,0,0,0,0,0,0,0,0,0,0,0,0,0,0,2544,11.64,4.95,218.6,526.6,305,2606.67
20191228,125100,0,0,0,0,0,0,0,0,0,0,0,0,0,0,2475,11.32,4.88,218.5,515.2,295,2514.18
20191228,125200,0,0,0,0,0,0,0,0,0,0,0,0,0,0,2147,9.86,4.2,217.8,519.5,252,2181.9
20191228,125300,0,0,0,0,0,0,0,0,0,0,0,0,0,0,1935,8.85,3.8,217.9,514.8,225,1956.24
20191228,125400,0,0,0,0,0,0,0,0,0,0,0,0,0,0,2016,9.21,3.89,217.9,522.7,235,2033.3
20191228,125500,0,0,0,0,0,0,0,0,0,0,0,0,0,0,1974,9.07,3.89,217.7,525.5,225,2044.2
20191228,125600,0,0,0,0,0,0,0,0,0,0,0,0,0,0,1875,8.64,3.6,217.4,525.6,216,1892.16
20191228,125800,0,0,0,0,0,0,0,0,0,0,0,0,0,0,1834,8.42,3.49,217.7,530.3,211,1850.75
20191228,125900,0,0,0,0,0,0,0,0,0,0,0,0,0,0,1857,8.54,3.58,217.7,533.3,211,1909.21
20191228,130000,0,0,0,0,0,0,0,0,0,0,0,0,0,0,1929,8.87,3.67,217.6,530.9,219,1948.4
20191228,130100,0,0,0,0,0,0,0,0,0,0,0,0,0,0,1929,8.87,3.69,217.6,533.6,217,1968.98
20191228,130200,0,0,0,0,0,0,0,0,0,0,0,0,0,0,2022,9.28,3.86,218,530.3,226,2046.96
20191228,130300,0,0,0,0,0,0,0,0,0,0,0,0,0,0,2223,10.28,4.28,218.3,530.8,248,2271.82
20191228,130400,0,0,0,0,0,0,0,0,0,0,0,0,0,0,2325,10.64,4.4,218.6,534.3,260,2350.92
20191228,130500,0,0,0,0,0,0,0,0,0,0,0,0,0,0,2313,10.6,4.39,218.2,539,257,2366.21
20191228,130600,0,0,0,0,0,0,0,0,0,0,0,0,0,0,2352,10.77,4.43,218.4,535.9,263,2374.04
20191228,130700,0,0,0,0,0,0,0,0,0,0,0,0,0,0,5430,20.33,7.89,220.9,542.3,596,4278.75
20191228,130800,0,0,0,0,0,0,0,0,0,0,0,0,0,0,8274,36.74,14.01,225.1,601,1128,8420.01
20191228,130900,0,0,0,0,0,0,0,0,0,0,0,0,0,0,8277,36.8,14.42,224.8,585.5,1118,8442.91
20191228,131000,0,0,0,0,0,0,0,0,0,0,0,0,0,0,1827,8.38,3.61,217.9,518.3,213,1871.06
20191228,131100,0,0,0,0,0,0,0,0,0,0,0,0,0,0,1683,7.74,3.27,217.7,519.8,196,1699.75
20191228,131200,0,0,0,0,0,0,0,0,0,0,0,0,0,0,1518,6.96,2.91,217.4,526.9,176,1533.28
20191228,131300,0,0,0,0,0,0,0,0,0,0,0,0,0,0,1383,6.38,2.7,217.1,526,162,1420.2
20191228,131400,0,0,0,0,0,0,0,0,0,0,0,0,0,0,1331,6.13,2.55,217.3,530.9,156,1353.79
20191228,131500,0,0,0,0,0,0,0,0,0,0,0,0,0,0,1350,6.25,2.58,217.2,538.5,159,1389.33
20191228,131600,0,0,0,0,0,0,0,0,0,0,0,0,0,0,1411,6.5,2.64,217.3,542.3,164,1431.67
20191228,131700,0,0,0,0,0,0,0,0,0,0,0,0,0,0,1470,6.78,2.79,217.1,540.7,170,1508.55
20191228,131800,0,0,0,0,0,0,0,0,0,0,0,0,0,0,5661,29.87,12.98,223.2,571.1,424,7412.88
20191228,131900,0,0,0,0,0,0,0,0,0,0,0,0,0,0,1626,7.48,3.19,217.6,534.1,182,1703.78
20191228,132000,0,0,0,0,0,0,0,0,0,0,0,0,0,0,1558,7.19,2.96,217.5,534.6,178,1582.42
20191228,132100,0,0,0,0,0,0,0,0,0,0,0,0,0,0,1572,7.31,3,217.3,544.5,181,1633.5
20191228,132200,0,0,0,0,0,0,0,0,0,0,0,0,0,0,8276,36.78,14.11,224.9,593.7,1023,8377.11
20191228,132300,0,0,0,0,0,0,0,0,0,0,0,0,0,0,8276,36.78,14.35,224.9,587.5,1030,8430.62
20191228,132400,0,0,0,0,0,0,0,0,0,0,0,0,0,0,8268,36.77,14.6,224.9,578.4,1029,8444.64
20191228,132500,0,0,0,0,0,0,0,0,0,0,0,0,0,0,8250,36.67,14.65,224.8,573,1035,8394.45
20191228,132600,0,0,0,0,0,0,0,0,0,0,0,0,0,0,8247,36.65,14.8,225,568.1,1048,8407.88
20191228,132700,0,0,0,0,0,0,0,0,0,0,0,0,0,0,8259,36.7,14.9,225,564.5,1064,8411.05
20191228,132800,0,0,0,0,0,0,0,0,0,0,0,0,0,0,3982,18.54,5.89,220.4,550.4,1085,3241.86
20191228,132900,0,0,0,0,0,0,0,0,0,0,0,0,0,0,7015,27.09,9.87,222.5,530.7,945,5238.01
20191228,133000,0,0,0,0,0,0,0,0,0,0,0,0,0,0,2241,10.29,4.52,217.9,504.3,269,2279.44
20191228,133100,0,0,0,0,0,0,0,0,0,0,0,0,0,0,1950,8.72,4.02,217.7,477,267,1917.54
20191228,133200,0,0,0,0,0,0,0,0,0,0,0,0,0,0,2600,11.91,5.05,218.4,514.9,869,2600.24
20191228,133300,0,0,0,0,0,0,0,0,0,0,0,0,0,0,2052,9.4,4.05,217.9,517.7,242,2096.68
20191228,133400,0,0,0,0,0,0,0,0,0,0,0,0,0,0,2010,9.23,3.91,217.8,524.5,234,2050.8
20191228,133500,0,0,0,0,0,0,0,0,0,0,0,0,0,0,1899,8.72,3.65,217.8,525.3,222,1917.34
20191228,133600,0,0,0,0,0,0,0,0,0,0,0,0,0,0,1854,8.52,3.53,217.9,530.6,216,1873.02
20191228,133700,0,0,0,0,0,0,0,0,0,0,0,0,0,0,1869,8.58,3.6,217.8,532.2,217,1915.92
20191228,133800,0,0,0,0,0,0,0,0,0,0,0,0,0,0,1857,8.54,3.54,217.6,532.7,214,1885.76
20191228,133900,0,0,0,0,0,0,0,0,0,0,0,0,0,0,1815,8.33,3.49,217.6,530.2,208,1850.4
20191228,134000,0,0,0,0,0,0,0,0,0,0,0,0,0,0,1864,8.57,3.56,217.8,534.5,213,1902.82
20191228,134100,0,0,0,0,0,0,0,0,0,0,0,0,0,0,1913,8.79,3.67,217.9,529.6,216,1943.63
20191228,134200,0,0,0,0,0,0,0,0,0,0,0,0,0,0,2013,9.27,3.87,217.9,532.8,228,2061.94
20191228,134300,0,0,0,0,0,0,0,0,0,0,0,0,0,0,2097,9.63,3.98,218.1,531.9,235,2116.96
20191228,134400,0,0,0,0,0,0,0,0,0,0,0,0,0,0,2157,9.89,4.1,218.3,535.7,240,2196.37
20191228,134500,0,0,0,0,0,0,0,0,0,0,0,0,0,0,2121,9.73,4.03,218.1,531.5,239,2141.95
20191228,134600,0,0,0,0,0,0,0,0,0,0,0,0,0,0,2097,9.64,4,217.7,535.4,234,2141.6
20191228,134700,0,0,0,0,0,0,0,0,0,0,0,0,0,0,2022,9.29,3.83,217.5,532.3,225,2038.71
20191228,134800,0,0,0,0,0,0,0,0,0,0,0,0,0,0,1917,8.79,3.65,217.5,533.8,214,1948.37
20191228,134900,0,0,0,0,0,0,0,0,0,0,0,0,0,0,1920,8.93,3.69,217.2,534.3,220,1971.57
20191228,135000,0,0,0,0,0,0,0,0,0,0,0,0,0,0,1863,8.58,3.51,217,535,207,1877.85
20191228,135100,0,0,0,0,0,0,0,0,0,0,0,0,0,0,1779,8.21,3.39,217.1,535.7,199,1816.02
20191228,135200,0,0,0,0,0,0,0,0,0,0,0,0,0,0,1737,8.01,3.31,216.9,531.5,196,1759.27
20191228,135300,0,0,0,0,0,0,0,0,0,0,0,0,0,0,1722,7.94,3.29,216.8,535.2,193,1760.81
20191228,135400,0,0,0,0,0,0,0,0,0,0,0,0,0,0,1672,7.74,3.18,216.4,537,188,1707.66
20191228,135500,0,0,0,0,0,0,0,0,0,0,0,0,0,0,1686,7.79,3.19,216.8,540.8,191,1725.15
20191228,135600,0,0,0,0,0,0,0,0,0,0,0,0,0,0,1743,8.05,3.29,216.9,536.6,197,1765.41
20191228,135700,0,0,0,0,0,0,0,0,0,0,0,0,0,0,1719,7.93,3.26,217,535,194,1744.1
20191228,135800,0,0,0,0,0,0,0,0,0,0,0,0,0,0,1707,7.87,3.25,216.8,535.6,194,1740.7
20191228,135900,0,0,0,0,0,0,0,0,0,0,0,0,0,0,1686,7.78,3.22,217,531.4,193,1711.11
20191228,140000,0,0,0,0,0,0,0,0,0,0,0,0,0,0,1824,8.39,3.46,217.3,537.8,208,1860.79
20191228,140100,0,0,0,0,0,0,0,0,0,0,0,0,0,0,1869,8.61,3.5,217.3,540.4,210,1891.4
20191228,140200,0,0,0,0,0,0,0,0,0,0,0,0,0,0,1797,8.29,3.4,217.2,536.5,205,1824.1
20191228,140300,0,0,0,0,0,0,0,0,0,0,0,0,0,0,1845,8.5,3.47,217,542.9,210,1883.86
20191228,140400,0,0,0,0,0,0,0,0,0,0,0,0,0,0,1821,8.38,3.41,217.2,538.7,207,1836.97
20191228,140500,0,0,0,0,0,0,0,0,0,0,0,0,0,0,1753,8.07,3.26,217.3,547.4,199,1784.52
20191228,140600,0,0,0,0,0,0,0,0,0,0,0,0,0,0,1607,7.4,2.98,217.3,547.8,184,1632.44
20191228,140700,0,0,0,0,0,0,0,0,0,0,0,0,0,0,1395,6.44,2.59,216.7,542.9,161,1406.11
20191228,140800,0,0,0,0,0,0,0,0,0,0,0,0,0,0,1206,5.57,2.27,217,547.5,141,1242.83
20191228,140900,0,0,0,0,0,0,0,0,0,0,0,0,0,0,999,4.57,1.87,216.7,538,117,1006.06
20191228,141000,0,0,0,0,0,0,0,0,0,0,0,0,0,0,807,3.73,1.53,216.4,543,98,830.79
20191228,141100,0,0,0,0,0,0,0,0,0,0,0,0,0,0,720,3.33,1.36,216.1,537.9,89,731.54
20191228,141200,0,0,0,0,0,0,0,0,0,0,0,0,0,0,642,2.95,1.22,216.3,537.9,79,656.24
20191228,141300,0,0,0,0,0,0,0,0,0,0,0,0,0,0,579,2.69,1.15,216.3,522.8,71,601.22
20191228,141400,0,0,0,0,0,0,0,0,0,0,0,0,0,0,564,2.63,1.14,216.2,521.2,68,594.17
20191228,141500,0,0,0,0,0,0,0,0,0,0,0,0,0,0,558,2.59,1.13,215.8,518.7,68,586.13
20191228,141600,0,0,0,0,0,0,0,0,0,0,0,0,0,0,555,2.58,1.11,216,522.5,68,579.98
20191228,141700,0,0,0,0,0,0,0,0,0,0,0,0,0,0,566,2.63,1.14,215.9,518.1,68,590.63
20191228,141800,0,0,0,0,0,0,0,0,0,0,0,0,0,0,609,2.83,1.22,216.1,522.5,73,637.45
20191228,141900,0,0,0,0,0,0,0,0,0,0,0,0,0,0,657,3.05,1.31,216,518.7,77,679.5
20191228,142000,0,0,0,0,0,0,0,0,0,0,0,0,0,0,724,3.37,1.43,216.5,527.8,86,754.75
20191228,142100,0,0,0,0,0,0,0,0,0,0,0,0,0,0,810,3.76,1.57,216.4,530.7,95,833.2
20191228,142200,0,0,0,0,0,0,0,0,0,0,0,0,0,0,879,4.07,1.72,216.6,531.6,103,914.35
20191228,142300,0,0,0,0,0,0,0,0,0,0,0,0,0,0,978,4.53,1.89,216.5,533.6,114,1008.5
20191228,142400,0,0,0,0,0,0,0,0,0,0,0,0,0,0,1065,4.93,2.04,216.8,536.1,123,1093.64
20191228,142500,0,0,0,0,0,0,0,0,0,0,0,0,0,0,1158,5.37,2.23,217,536,132,1195.28
20191228,142600,0,0,0,0,0,0,0,0,0,0,0,0,0,0,1254,5.78,2.38,217,538,141,1280.44
20191228,142700,0,0,0,0,0,0,0,0,0,0,0,0,0,0,1341,6.21,2.52,216.9,540.7,150,1362.56
20191228,142800,0,0,0,0,0,0,0,0,0,0,0,0,0,0,1443,6.67,2.74,217,541.9,161,1484.81
20191228,142900,0,0,0,0,0,0,0,0,0,0,0,0,0,0,1521,7,2.86,217.5,542.6,170,1551.84
20191228,143000,0,0,0,0,0,0,0,0,0,0,0,0,0,0,1569,7.22,2.97,217.6,542.9,175,1612.41
20191228,143100,0,0,0,0,0,0,0,0,0,0,0,0,0,0,1591,7.32,3.01,217.6,539.5,176,1623.89
20191228,143200,0,0,0,0,0,0,0,0,0,0,0,0,0,0,1593,7.33,2.99,217.4,544.2,176,1627.16
20191228,143300,0,0,0,0,0,0,0,0,0,0,0,0,0,0,1565,7.2,2.96,217.7,540.8,175,1600.77
20191228,143400,0,0,0,0,0,0,0,0,0,0,0,0,0,0,1530,7.03,2.87,217.7,543.4,170,1559.56
20191228,143500,0,0,0,0,0,0,0,0,0,0,0,0,0,0,1443,6.61,2.73,217.6,536.7,161,1465.19
20191228,143600,0,0,0,0,0,0,0,0,0,0,0,0,0,0,1305,5.99,2.48,217.1,536,147,1329.28
20191228,143700,0,0,0,0,0,0,0,0,0,0,0,0,0,0,1173,5.39,2.22,217,538.2,132,1194.8
20191228,143800,0,0,0,0,0,0,0,0,0,0,0,0,0,0,1109,5.12,2.13,216.9,531.5,124,1132.1
20191228,143900,0,0,0,0,0,0,0,0,0,0,0,0,0,0,1095,5.06,2.09,217.1,534.3,126,1116.69
20191228,144000,0,0,0,0,0,0,0,0,0,0,0,0,0,0,1074,4.96,2.08,216.9,530.2,121,1102.82
20191228,144100,0,0,0,0,0,0,0,0,0,0,0,0,0,0,1046,4.81,2,217.1,537.9,118,1075.8
20191228,144200,0,0,0,0,0,0,0,0,0,0,0,0,0,0,976,4.5,1.86,217,536.6,111,998.08
20191228,144300,0,0,0,0,0,0,0,0,0,0,0,0,0,0,930,4.29,1.79,217.1,535.7,105,958.9
20191228,144400,0,0,0,0,0,0,0,0,0,0,0,0,0,0,900,4.15,1.71,216.9,543.7,103,929.73
20191228,144500,0,0,0,0,0,0,0,0,0,0,0,0,0,0,867,4,1.65,216.9,542.5,98,895.12
20191228,144600,0,0,0,0,0,0,0,0,0,0,0,0,0,0,844,3.9,1.59,216.9,541.3,97,860.67
20191228,144700,0,0,0,0,0,0,0,0,0,0,0,0,0,0,855,3.95,1.62,216.8,543.9,98,881.12
20191228,144800,0,0,0,0,0,0,0,0,0,0,0,0,0,0,920,4.26,1.74,216.7,544.2,108,946.91
20191228,144900,0,0,0,0,0,0,0,0,0,0,0,0,0,0,1000,4.63,1.9,217.1,547.2,117,1039.68
20191228,145000,0,0,0,0,0,0,0,0,0,0,0,0,0,0,1104,5.09,2.06,217.2,547.9,127,1128.67
20191228,145100,0,0,0,0,0,0,0,0,0,0,0,0,0,0,1197,5.5,2.25,217.5,545,137,1226.25
20191228,145200,0,0,0,0,0,0,0,0,0,0,0,0,0,0,1241,5.72,2.31,217.4,548.8,141,1267.73
20191228,145300,0,0,0,0,0,0,0,0,0,0,0,0,0,0,1275,5.87,2.39,217.4,544.7,144,1301.83
20191228,145400,0,0,0,0,0,0,0,0,0,0,0,0,0,0,1296,5.97,2.42,217.7,548.8,147,1328.1
20191228,145500,0,0,0,0,0,0,0,0,0,0,0,0,0,0,1327,6.1,2.44,217.8,552.3,150,1347.61
20191228,145600,0,0,0,0,0,0,0,0,0,0,0,0,0,0,1357,6.24,2.49,217.7,553.5,153,1378.22
20191228,145700,0,0,0,0,0,0,0,0,0,0,0,0,0,0,1383,6.37,2.56,217.5,554.8,153,1420.29
20191228,145800,0,0,0,0,0,0,0,0,0,0,0,0,0,0,1413,6.51,2.6,217.6,555.3,159,1443.78
20191228,145900,0,0,0,0,0,0,0,0,0,0,0,0,0,0,1451,6.67,2.66,217.6,561.2,164,1492.79
20191228,150000,0,0,0,0,0,0,0,0,0,0,0,0,0,0,1481,6.81,2.69,217.8,558.9,167,1503.44
20191228,150100,0,0,0,0,0,0,0,0,0,0,0,0,0,0,1500,6.89,2.74,217.8,559.3,168,1532.48
20191228,150200,0,0,0,0,0,0,0,0,0,0,0,0,0,0,1530,7.02,2.76,218,563,173,1553.88
20191228,150300,0,0,0,0,0,0,0,0,0,0,0,0,0,0,1565,7.2,2.79,217.5,571.6,178,1594.76
20191228,150400,0,0,0,0,0,0,0,0,0,0,0,0,0,0,1605,7.39,3.02,217.3,543.3,181,1640.77
20191228,150500,0,0,0,0,0,0,0,0,0,0,0,0,0,0,1632,7.54,3.06,217.2,544.5,184,1666.17
20191228,150600,0,0,0,0,0,0,0,0,0,0,0,0,0,0,1683,7.75,3.17,217.6,542.1,190,1718.46
20191228,150700,0,0,0,0,0,0,0,0,0,0,0,0,0,0,2255,10.44,4.22,218.5,548.3,248,2313.83
20191228,150800,0,0,0,0,0,0,0,0,0,0,0,0,0,0,2842,12.79,5.12,219.5,548.7,301,2809.34
20191228,150900,0,0,0,0,0,0,0,0,0,0,0,0,0,0,2802,12.77,4.88,219.4,549.6,290,2682.05
20191228,151000,0,0,0,0,0,0,0,0,0,0,0,0,0,0,1893,8.68,3.5,218.7,546.7,214,1913.45
20191228,151100,0,0,0,0,0,0,0,0,0,0,0,0,0,0,2037,9.31,3.78,218.8,546.4,229,2065.39
20191228,151200,0,0,0,0,0,0,0,0,0,0,0,0,0,0,3735,16.93,7.01,220.5,565.5,430,3964.15
20191228,151300,0,0,0,0,0,0,0,0,0,0,0,0,0,0,5676,24.16,9.49,222,559.1,590,5305.86
20191228,151400,0,0,0,0,0,0,0,0,0,0,0,0,0,0,3136,12.55,5.72,219.8,483.1,350,2763.33
20191228,151500,0,0,0,0,0,0,0,0,0,0,0,0,0,0,3591,18,7.76,221.2,547.1,411,4245.5
20191228,151600,0,0,0,0,0,0,0,0,0,0,0,0,0,0,5172,21.91,8.78,222.2,546.5,576,4798.27
20191228,151700,0,0,0,0,0,0,0,0,0,0,0,0,0,0,3297,14.98,6.06,220.1,536.3,360,3249.98
20191228,151800,0,0,0,0,0,0,0,0,0,0,0,0,0,0,2598,11.84,4.84,219.5,543.5,298,2630.54
20191228,151900,0,0,0,0,0,0,0,0,0,0,0,0,0,0,2399,10.95,4.51,219,542.2,274,2445.32
20191228,152000,0,0,0,0,0,0,0,0,0,0,0,0,0,0,2481,11.33,4.62,219.1,545.6,283,2520.67
20191228,152100,0,0,0,0,0,0,0,0,0,0,0,0,0,0,2409,11,4.5,218.8,541.3,274,2435.85
20191228,152200,0,0,0,0,0,0,0,0,0,0,0,0,0,0,2241,10.19,4.17,219,545.6,255,2275.15
20191228,152300,0,0,0,0,0,0,0,0,0,0,0,0,0,0,2250,10.3,4.2,219.1,541,258,2272.2
20191228,152400,0,0,0,0,0,0,0,0,0,0,0,0,0,0,2301,10.48,4.35,219.1,536.2,261,2332.47
20191228,152500,0,0,0,0,0,0,0,0,0,0,0,0,0,0,2313,10.55,4.36,218.9,536.6,263,2339.58
20191228,152600,0,0,0,0,0,0,0,0,0,0,0,0,0,0,2304,10.52,4.35,219.1,536,261,2331.6
20191228,152700,0,0,0,0,0,0,0,0,0,0,0,0,0,0,2313,10.56,4.37,219.1,540.5,261,2361.99
20191228,152800,0,0,0,0,0,0,0,0,0,0,0,0,0,0,2298,10.49,4.36,219.4,539.8,260,2353.53
20191228,152900,0,0,0,0,0,0,0,0,0,0,0,0,0,0,2349,10.73,4.4,219.3,541.1,264,2380.84
20191228,153000,0,0,0,0,0,0,0,0,0,0,0,0,0,0,2427,11.06,4.55,219.3,545.3,272,2481.11
20191228,153100,0,0,0,0,0,0,0,0,0,0,0,0,0,0,2496,11.4,4.65,219.5,541.7,280,2518.91
20191228,153200,0,0,0,0,0,0,0,0,0,0,0,0,0,0,2580,11.79,4.82,219.7,542.6,287,2615.33
20191228,153300,0,0,0,0,0,0,0,0,0,0,0,0,0,0,2704,12.32,5.07,219.5,543.1,298,2753.52
20191228,153400,0,0,0,0,0,0,0,0,0,0,0,0,0,0,2904,13.21,5.35,220,546.7,319,2924.85
20191228,153500,0,0,0,0,0,0,0,0,0,0,0,0,0,0,2847,12.94,5.23,220,550.5,318,2879.12
20191228,153600,0,0,0,0,0,0,0,0,0,0,0,0,0,0,2775,12.63,5.09,219.8,550.7,310,2803.06
20191228,153700,0,0,0,0,0,0,0,0,0,0,0,0,0,0,2678,12.18,4.9,219.6,555,299,2719.5
20191228,153800,0,0,0,0,0,0,0,0,0,0,0,0,0,0,2718,12.44,5.01,219.6,551.5,309,2763.01
20191228,153900,0,0,0,0,0,0,0,0,0,0,0,0,0,0,2641,12.03,4.88,219.9,550.2,298,2684.98
20191228,154000,0,0,0,0,0,0,0,0,0,0,0,0,0,0,2606,11.91,4.84,219.8,553.1,293,2677
20191228,154100,0,0,0,0,0,0,0,0,0,0,0,0,0,0,2967,13.46,5.19,220.3,572.2,354,2969.72
20191228,154200,0,0,0,0,0,0,0,0,0,0,0,0,0,0,2304,10.49,4.19,218.7,554.6,261,2323.77
20191228,154300,0,0,0,0,0,0,0,0,0,0,0,0,0,0,2087,9.51,3.8,219,558.7,243,2123.06
20191228,154400,0,0,0,0,0,0,0,0,0,0,0,0,0,0,1806,8.27,3.45,218.7,529.1,223,1825.4
20191228,154500,0,0,0,0,0,0,0,0,0,0,0,0,0,0,1537,7.03,2.86,218.3,547.9,240,1566.99
20191228,154600,0,0,0,0,0,0,0,0,0,0,0,0,0,0,2804,12.99,5.66,219.6,519.4,429,2939.8
20191228,154700,0,0,0,0,0,0,0,0,0,0,0,0,0,0,936,4.09,1.93,217.5,459.4,123,886.64
20191228,154800,0,0,0,0,0,0,0,0,0,0,0,0,0,0,510,2.33,1.01,217.1,517.6,62,522.78
20191228,154900,0,0,0,0,0,0,0,0,0,0,0,0,0,0,396,1.83,0.83,217,502.9,50,417.41
20191228,155000,0,0,0,0,0,0,0,0,0,0,0,0,0,0,339,1.56,0.72,216.6,502.1,42,361.51
20191228,155100,0,0,0,0,0,0,0,0,0,0,0,0,0,0,312,1.44,0.67,216.9,502,39,336.34
20191228,155200,0,0,0,0,0,0,0,0,0,0,0,0,0,0,300,1.39,0.64,217,503.2,39,322.05
20191228,155300,0,0,0,0,0,0,0,0,0,0,0,0,0,0,297,1.38,0.64,216.9,499.8,38,319.87
20191228,155400,0,0,0,0,0,0,0,0,0,0,0,0,0,0,300,1.4,0.65,216.5,506.9,38,329.48
20191228,155500,0,0,0,0,0,0,0,0,0,0,0,0,0,0,303,1.4,0.65,216.7,505.5,38,328.58
20191228,155600,0,0,0,0,0,0,0,0,0,0,0,0,0,0,303,1.4,0.65,216.8,503.4,36,327.21
20191228,155700,0,0,0,0,0,0,0,0,0,0,0,0,0,0,297,1.38,0.63,216.9,512.4,38,322.81
20191228,155800,0,0,0,0,0,0,0,0,0,0,0,0,0,0,279,1.3,0.6,216.6,504.1,35,302.46
20191228,155900,0,0,0,0,0,0,0,0,0,0,0,0,0,0,246,1.14,0.54,216.9,499.2,31,269.57
20191228,160000,0,0,0,0,0,0,0,0,0,0,0,0,0,0,219,1.03,0.49,216.9,499.2,28,244.61
20191228,160100,0,0,0,0,0,0,0,0,0,0,0,0,0,0,216,1,0.48,216.9,504.2,28,242.02
20191228,160200,0,0,0,0,0,0,0,0,0,0,0,0,0,0,222,1.02,0.49,216.7,504.3,27,247.11
20191228,160300,0,0,0,0,0,0,0,0,0,0,0,0,0,0,210,0.98,0.46,216.7,508.7,27,234
20191228,160400,0,0,0,0,0,0,0,0,0,0,0,0,0,0,197,0.91,0.43,216.9,500.2,24,215.09
20191228,160500,0,0,0,0,0,0,0,0,0,0,0,0,0,0,175,0.82,0.4,217,494.2,22,197.68
20191228,160600,0,0,0,0,0,0,0,0,0,0,0,0,0,0,156,0.73,0.37,217.1,490.8,19,181.6
20191228,160700,0,0,0,0,0,0,0,0,0,0,0,0,0,0,138,0.64,0.33,216.9,494.1,16,163.05
20191228,160800,0,0,0,0,0,0,0,0,0,0,0,0,0,0,118,0.56,0.29,217.2,489.1,16,141.84
20191228,160900,0,0,0,0,0,0,0,0,0,0,0,0,0,0,102,0.48,0.26,217.2,487.1,15,126.65
20191228,161000,0,0,0,0,0,0,0,0,0,0,0,0,0,0,93,0.44,0.25,217.4,485.7,13,121.42
20191228,161100,0,0,0,0,0,0,0,0,0,0,0,0,0,0,81,0.4,0.23,217.1,483.3,13,111.16
20191228,161200,0,0,0,0,0,0,0,0,0,0,0,0,0,0,72,0.35,0.2,217.4,481.3,12,96.26
20191228,161300,0,0,0,0,0,0,0,0,0,0,0,0,0,0,60,0.3,0.18,217.5,484.9,10,87.28
20191228,161400,0,0,0,0,0,0,0,0,0,0,0,0,0,0,54,0.26,0.17,217.2,483,9,82.11
20191228,161500,0,0,0,0,0,0,0,0,0,0,0,0,0,0,48,0.23,0.16,217.1,479,9,76.64
20191228,161600,0,0,0,0,0,0,0,0,0,0,0,0,0,0,39,0.2,0.14,217.2,466.3,7,65.28
20191228,161700,0,0,0,0,0,0,0,0,0,0,0,0,0,0,36,0.19,0.14,217.2,455.1,7,63.71
20191228,161800,0,0,0,0,0,0,0,0,0,0,0,0,0,0,30,0.17,0.13,217.4,465.2,7,60.48
20191228,161900,0,0,0,0,0,0,0,0,0,0,0,0,0,0,27,0.15,0.12,217,468.7,6,56.24
20191228,162000,0,0,0,0,0,0,0,0,0,0,0,0,0,0,24,0.13,0.11,217.2,468.8,6,51.57
20191228,162100,0,0,0,0,0,0,0,0,0,0,0,0,0,0,16,0.11,0.09,217.1,463.4,6,41.71
20191228,162200,0,0,0,0,0,0,0,0,0,0,0,0,0,0,11,0.1,0.09,217,443.7,4,39.93
20191228,162300,0,0,0,0,0,0,0,0,0,0,0,0,0,0,6,0.09,0.07,216.9,449.2,4,31.44
20191228,162400,0,0,0,0,0,0,0,0,0,0,0,0,0,0,0,0.08,0.06,217,444,3,26.64
20191228,162500,0,0,0,0,0,0,0,0,0,0,0,0,0,0,0,0.08,0.05,216.8,450.3,1,22.52
20191228,162600,0,0,0,0,0,0,0,0,0,0,0,0,0,0,0,0.07,0.04,216.6,419.2,0,16.77
20191228,162700,0,0,0,0,0,0,0,0,0,0,0,0,0,0,0,0.08,0.04,216.4,431.3,0,17.25
20191228,162800,0,0,0,0,0,0,0,0,0,0,0,0,0,0,0,0.09,0.03,216.6,394.4,0,11.83
20191228,162900,0,0,0,0,0,0,0,0,0,0,0,0,0,0,0,0.09,0.03,216.6,386.8,0,11.6
20191228,163000,0,0,0,0,0,0,0,0,0,0,0,0,0,0,0,0.09,0.02,216.8,392.7,0,7.85
20191228,163100,0,0,0,0,0,0,0,0,0,0,0,0,0,0,0,0.09,0.02,216.6,412.8,0,8.26
20191228,163200,0,0,0,0,0,0,0,0,0,0,0,0,0,0,0,0.09,0,216.6,522.7,0,0
20191228,163300,0,0,0,0,0,0,0,0,0,0,0,0,0,0,0,0.09,0,216.6,521.6,0,0
20191228,163400,0,0,0,0,0,0,0,0,0,0,0,0,0,0,0,0.09,0,216.6,521.6,0,0
20191228,163500,0,0,0,0,0,0,0,0,0,0,0,0,0,0,0,0.09,0,216.6,524.3,0,0
20191228,163600,0,0,0,0,0,0,0,0,0,0,0,0,0,0,0,0.09,0,216.6,524.3,1,0
20191228,163700,0,0,0,0,0,0,0,0,0,0,0,0,0,0,0,0.09,0,216.6,529.3,0,0
20191228,163800,0,0,0,0,0,0,0,0,0,0,0,0,0,0,0,0.09,0,216.6,527,0,0
20191228,163900,0,0,0,0,0,0,0,0,0,0,0,0,0,0,0,0.09,0,216.6,525.6,0,0
20191228,164000,0,0,0,0,0,0,0,0,0,0,0,0,0,0,0,0.09,0,216.6,528.9,0,0
20191228,165400,0,0,0,0,0,0,0,0,0,0,0,0,0,0,0,0.09,0,216.6,532,0,0
20191228,165500,0,0,0,0,0,0,0,0,0,0,0,0,0,0,0,0.09,0,216.6,533.6,1,0
20191228,165600,0,0,0,0,0,0,0,0,0,0,0,0,0,0,0,0.09,0,216.6,533.6,3,0
20191228,165700,0,0,0,0,0,0,0,0,0,0,0,0,0,0,0,0.09,0,216.6,543.5,4,0
20191228,165800,0,0,0,0,0,0,0,0,0,0,0,0,0,0,0,0.09,0,216.6,543.5,3,0
20191228,165900,0,0,0,0,0,0,0,0,0,0,0,0,0,0,0,0.09,0,216.6,543.6,3,0
20191228,170000,0,0,0,0,0,0,0,0,0,0,0,0,0,0,0,0.09,0,216.6,541.8,0,0
20191228,170100,0,0,0,0,0,0,0,0,0,0,0,0,0,0,0,0.09,0,216.6,540.9,0,0
20191228,170200,0,0,0,0,0,0,0,0,0,0,0,0,0,0,0,0.09,0,216.6,539,0,0
20191228,170300,0,0,0,0,0,0,0,0,0,0,0,0,0,0,0,0.09,0,216.6,531.9,0,0
20191228,170400,0,0,0,0,0,0,0,0,0,0,0,0,0,0,0,0.09,0,216.6,538.3,0,0
20191228,170500,0,0,0,0,0,0,0,0,0,0,0,0,0,0,0,0.09,0,216.6,538.3,0,0
20191228,170600,0,0,0,0,0,0,0,0,0,0,0,0,0,0,0,0.09,0,216.6,538,0,0
20191228,170700,0,0,0,0,0,0,0,0,0,0,0,0,0,0,0,0.09,0,216.6,538,1,0
20191228,170800,0,0,0,0,0,0,0,0,0,0,0,0,0,0,0,0.09,0,216.6,537.3,0,0
20191228,170900,0,0,0,0,0,0,0,0,0,0,0,0,0,0,0,0.09,0,216.6,536.9,0,0
20191228,171000,0,0,0,0,0,0,0,0,0,0,0,0,0,0,0,0.09,0,216.6,537.9,0,0
20191228,171100,0,0,0,0,0,0,0,0,0,0,0,0,0,0,0,0.09,0,216.6,537.7,1,0
20191228,171200,0,0,0,0,0,0,0,0,0,0,0,0,0,0,0,0.09,0,216.6,538.8,1,0
20191228,171300,0,0,0,0,0,0,0,0,0,0,0,0,0,0,0,0.09,0,216.6,538.4,0,0
20191228,171400,0,0,0,0,0,0,0,0,0,0,0,0,0,0,0,0.09,0,216.6,538.4,1,0
20191228,171500,0,0,0,0,0,0,0,0,0,0,0,0,0,0,0,0.09,0,216.6,538.4,1,0
20191228,171600,0,0,0,0,0,0,0,0,0,0,0,0,0,0,0,0.09,0,216.6,538.4,1,0
20191228,171700,0,0,0,0,0,0,0,0,0,0,0,0,0,0,0,0.09,0,216.6,538.2,0,0
20191228,171800,0,0,0,0,0,0,0,0,0,0,0,0,0,0,0,0.09,0,216.6,538.2,0,0
20191228,171900,0,0,0,0,0,0,0,0,0,0,0,0,0,0,0,0.09,0,216.6,537.2,1,0
20191228,172000,0,0,0,0,0,0,0,0,0,0,0,0,0,0,0,0.09,0,216.6,536.5,1,0
20191228,172100,0,0,0,0,0,0,0,0,0,0,0,0,0,0,0,0.09,0,216.6,536.5,1,0
20191228,172200,0,0,0,0,0,0,0,0,0,0,0,0,0,0,0,0.09,0,216.6,534.9,1,0
20191228,172300,0,0,0,0,0,0,0,0,0,0,0,0,0,0,0,0.09,0,216.6,529,0,0
20191228,172400,0,0,0,0,0,0,0,0,0,0,0,0,0,0,0,0.09,0,216.6,532.7,1,0
20191228,172500,0,0,0,0,0,0,0,0,0,0,0,0,0,0,0,0.09,0,216.6,532.7,1,0
20191228,172600,0,0,0,0,0,0,0,0,0,0,0,0,0,0,0,0.09,0,216.6,531.6,0,0
20191228,172700,0,0,0,0,0,0,0,0,0,0,0,0,0,0,0,0.09,0,216.6,531.6,0,0
20191228,172800,0,0,0,0,0,0,0,0,0,0,0,0,0,0,0,0.09,0,216.6,531.1,1,0
20191228,172900,0,0,0,0,0,0,0,0,0,0,0,0,0,0,0,0.09,0,216.6,530.4,0,0
20191228,173000,0,0,0,0,0,0,0,0,0,0,0,0,0,0,0,0.09,0,216.6,530,0,0
20191228,173100,0,0,0,0,0,0,0,0,0,0,0,0,0,0,0,0.09,0,216.6,529.6,1,0
20191228,173200,0,0,0,0,0,0,0,0,0,0,0,0,0,0,0,0.09,0,216.6,530.3,0,0
20191228,173300,0,0,0,0,0,0,0,0,0,0,0,0,0,0,0,0.09,0,216.6,529.3,0,0
20191228,173400,0,0,0,0,0,0,0,0,0,0,0,0,0,0,0,0.09,0,216.6,529.3,1,0
20191228,173500,0,0,0,0,0,0,0,0,0,0,0,0,0,0,0,0.09,0,216.6,529.4,0,0
20191228,173600,0,0,0,0,0,0,0,0,0,0,0,0,0,0,0,0.09,0,216.6,529.4,0,0
20191228,173700,0,0,0,0,0,0,0,0,0,0,0,0,0,0,0,0.09,0,216.6,529.7,0,0
20191228,173800,0,0,0,0,0,0,0,0,0,0,0,0,0,0,0,0.09,0,216.6,529.7,1,0
20191228,173900,0,0,0,0,0,0,0,0,0,0,0,0,0,0,0,0.09,0,216.6,528.9,0,0
20191228,174000,0,0,0,0,0,0,0,0,0,0,0,0,0,0,0,0.09,0,216.6,528,0,0
20191228,174100,0,0,0,0,0,0,0,0,0,0,0,0,0,0,0,0.09,0,216.6,527.3,0,0
20191228,174200,0,0,0,0,0,0,0,0,0,0,0,0,0,0,0,0.09,0,216.6,525.5,1,0
20191228,174300,0,0,0,0,0,0,0,0,0,0,0,0,0,0,0,0.09,0,216.6,520.7,0,0
20191228,174400,0,0,0,0,0,0,0,0,0,0,0,0,0,0,0,0.09,0,216.6,522,0,0
20191228,174500,0,0,0,0,0,0,0,0,0,0,0,0,0,0,0,0.09,0,216.6,522,0,0
20191228,174600,0,0,0,0,0,0,0,0,0,0,0,0,0,0,0,0.09,0,216.6,518,0,0
20191228,174700,0,0,0,0,0,0,0,0,0,0,0,0,0,0,0,0.09,0,216.6,518,0,0
20191228,174800,0,0,0,0,0,0,0,0,0,0,0,0,0,0,0,0.09,0,216.6,514.4,0,0
20191228,174900,0,0,0,0,0,0,0,0,0,0,0,0,0,0,0,0.09,0,216.6,514.4,0,0
20191228,175000,0,0,0,0,0,0,0,0,0,0,0,0,0,0,0,0.09,0,216.6,509.9,1,0
20191228,175100,0,0,0,0,0,0,0,0,0,0,0,0,0,0,0,0.09,0,216.6,507,1,0
20191228,175200,0,0,0,0,0,0,0,0,0,0,0,0,0,0,0,0.09,0,216.6,505,0,0
20191228,175300,0,0,0,0,0,0,0,0,0,0,0,0,0,0,0,0.09,0,216.6,501.8,0,0
20191228,175400,0,0,0,0,0,0,0,0,0,0,0,0,0,0,0,0.09,0,216.6,493,0,0
20191228,175500,0,0,0,0,0,0,0,0,0,0,0,0,0,0,0,0.09,0,216.6,495.1,0,0
20191228,175600,0,0,0,0,0,0,0,0,0,0,0,0,0,0,0,0.09,0,216.6,495.1,0,0
20191228,175700,0,0,0,0,0,0,0,0,0,0,0,0,0,0,0,0.09,0,216.6,487,0,0
20191228,175800,0,0,0,0,0,0,0,0,0,0,0,0,0,0,0,0.09,0,216.6,487,0,0
20191228,175900,0,0,0,0,0,0,0,0,0,0,0,0,0,0,0,0.09,0,216.6,477.7,0,0
20191228,180000,0,0,0,0,0,0,0,0,0,0,0,0,0,0,0,0.09,0,216.6,472.2,0,0
20191228,180100,0,0,0,0,0,0,0,0,0,0,0,0,0,0,0,0.09,0,216.6,466.4,0,0
20191228,180200,0,0,0,0,0,0,0,0,0,0,0,0,0,0,0,0.09,0,216.6,460,0,0
20191228,180300,0,0,0,0,0,0,0,0,0,0,0,0,0,0,0,0.09,0,216.6,454.2,0,0
20191228,180400,0,0,0,0,0,0,0,0,0,0,0,0,0,0,0,0.09,0,216.6,447,0,0
20191228,180500,0,0,0,0,0,0,0,0,0,0,0,0,0,0,0,0.09,0,216.6,447,0,0
20191228,180600,0,0,0,0,0,0,0,0,0,0,0,0,0,0,0,0.09,0,216.6,433.3,0,0
20191228,180700,0,0,0,0,0,0,0,0,0,0,0,0,0,0,0,0.09,0,216.6,433.3,0,0
20191228,180800,0,0,0,0,0,0,0,0,0,0,0,0,0,0,0,0.09,0,216.6,418.3,0,0
20191228,180900,0,0,0,0,0,0,0,0,0,0,0,0,0,0,0,0.09,0,216.6,418.3,0,0
20191228,181000,0,0,0,0,0,0,0,0,0,0,0,0,0,0,0,0.09,0,216.6,403,0,0
20191228,181100,0,0,0,0,0,0,0,0,0,0,0,0,0,0,0,0.09,0,216.6,392.9,0,0
20191228,181200,0,0,0,0,0,0,0,0,0,0,0,0,0,0,0,0.09,0,216.6,381.3,0,0
20191228,181300,0,0,0,0,0,0,0,0,0,0,0,0,0,0,0,0.09,0,216.6,368.8,0,0
20191228,181400,0,0,0,0,0,0,0,0,0,0,0,0,0,0,0,0.09,0,216.6,334,0,0
20191228,181500,0,0,0,0,0,0,0,0,0,0,0,0,0,0,0,0.09,0,216.6,347.4,0,0
20191228,181600,0,0,0,0,0,0,0,0,0,0,0,0,0,0,0,0.09,0,216.6,347.4,0,0
20191228,181700,0,0,0,0,0,0,0,0,0,0,0,0,0,0,0,0.09,0,216.6,323.4,0,0
20191228,181800,0,0,0,0,0,0,0,0,0,0,0,0,0,0,0,0.09,0,216.6,323.4,0,0
20191228,181900,0,0,0,0,0,0,0,0,0,0,0,0,0,0,0,0.09,0,216.6,297.2,0,0
20191228,182000,0,0,0,0,0,0,0,0,0,0,0,0,0,0,0,0.09,0,216.6,297.2,0,0
20191228,182100,0,0,0,0,0,0,0,0,0,0,0,0,0,0,0,0.09,0,216.6,264.7,0,0
20191228,182200,0,0,0,0,0,0,0,0,0,0,0,0,0,0,0,0.09,0,216.6,245.7,0,0
20191228,182300,0,0,0,0,0,0,0,0,0,0,0,0,0,0,0,0.09,0,216.6,187.5,0,0
20191228,182400,0,0,0,0,0,0,0,0,0,0,0,0,0,0,0,0.09,0,216.6,197.9,0,0
20191228,182500,0,0,0,0,0,0,0,0,0,0,0,0,0,0,0,0.09,0,216.6,197.9,0,0
20191228,182600,0,0,0,0,0,0,0,0,0,0,0,0,0,0,0,0.09,0,216.6,142.6,0,0
20191228,182700,0,0,0,0,0,0,0,0,0,0,0,0,0,0,0,0.09,0,216.6,124.8,0,0
20191228,182800,0,0,0,0,0,0,0,0,0,0,0,0,0,0,0,0.09,0,216.6,102,0,0
20191228,182900,0,0,0,0,0,0,0,0,0,0,0,0,0,0,0,0.09,0,216.6,94.7,0,0
20191228,183000,0,0,0,0,0,0,0,0,0,0,0,0,0,0,0,0.09,0,216.6,94.7,0,0
20191228,183100,0,0,0,0,0,0,0,0,0,0,0,0,0,0,0,0.09,0,216.6,71,0,0
20191228,183200,0,0,0,0,0,0,0,0,0,0,0,0,0,0,0,0.09,0,216.6,71,0,0
20191228,183300,0,0,0,0,0,0,0,0,0,0,0,0,0,0,0,0.09,0,216.6,56.1,0,0
20191228,183400,0,0,0,0,0,0,0,0,0,0,0,0,0,0,0,0.09,0,216.6,56.1,0,0
20191228,183500,0,0,0,0,0,0,0,0,0,0,0,0,0,0,0,0.09,0,216.6,51.6,0,0
20191228,183600,0,0,0,0,0,0,0,0,0,0,0,0,0,0,0,0.09,0,216.6,51.6,0,0
20191228,183700,0,0,0,0,0,0,0,0,0,0,0,0,0,0,0,0.09,0,216.6,50.4,0,0
20191228,183800,0,0,0,0,0,0,0,0,0,0,0,0,0,0,0,0.09,0,216.6,50.4,0,0
20191228,183900,0,0,0,0,0,0,0,0,0,0,0,0,0,0,0,0.09,0,216.6,49.5,0,0
20191228,184000,0,0,0,0,0,0,0,0,0,0,0,0,0,0,0,0.09,0,216.6,49.5,0,0
20191228,184100,0,0,0,0,0,0,0,0,0,0,0,0,0,0,0,0.09,0,216.6,48.9,0,0
20191228,184200,0,0,0,0,0,0,0,0,0,0,0,0,0,0,0,0.09,0,216.6,48.7,0,0
20191228,184300,0,0,0,0,0,0,0,0,0,0,0,0,0,0,0,0.09,0,216.6,48.3,1,0
20191228,184400,0,0,0,0,0,0,0,0,0,0,0,0,0,0,0,0.09,0,216.6,48.1,0,0
20191228,184500,0,0,0,0,0,0,0,0,0,0,0,0,0,0,0,0.09,0,216.6,47.8,0,0
20191228,184600,0,0,0,0,0,0,0,0,0,0,0,0,0,0,0,0.09,0,216.6,47.7,0,0
20191228,184700,0,0,0,0,0,0,0,0,0,0,0,0,0,0,0,0.09,0,216.6,47,0,0
20191228,184800,0,0,0,0,0,0,0,0,0,0,0,0,0,0,0,0.09,0,216.6,45.9,0,0
20191228,184900,0,0,0,0,0,0,0,0,0,0,0,0,0,0,0,0.09,0,216.6,45.3,0,0
20191228,185000,0,0,0,0,0,0,0,0,0,0,0,0,0,0,0,0.09,0,216.6,45,0,0
20191228,185100,0,0,0,0,0,0,0,0,0,0,0,0,0,0,0,0.09,0,216.6,44.7,0,0
20191228,185200,0,0,0,0,0,0,0,0,0,0,0,0,0,0,0,0.09,0,216.6,44.5,0,0
20191228,185300,0,0,0,0,0,0,0,0,0,0,0,0,0,0,0,0.09,0,216.6,44.4,0,0
20191228,185400,0,0,0,0,0,0,0,0,0,0,0,0,0,0,0,0.09,0,216.6,44.4,0,0
20191228,185500,0,0,0,0,0,0,0,0,0,0,0,0,0,0,0,0.09,0,216.6,44.4,0,0
20191228,185600,0,0,0,0,0,0,0,0,0,0,0,0,0,0,0,0.09,0,216.6,44.3,0,0
20191228,185700,0,0,0,0,0,0,0,0,0,0,0,0,0,0,0,0.09,0,216.6,44.3,0,0
20191228,185800,0,0,0,0,0,0,0,0,0,0,0,0,0,0,0,0.09,0,216.6,44.4,0,0
20191228,185900,0,0,0,0,0,0,0,0,0,0,0,0,0,0,0,0.09,0,216.6,44.4,0,0
20191228,190000,0,0,0,0,0,0,0,0,0,0,0,0,0,0,0,0.09,0,216.6,44.5,0,0
20191228,190100,0,0,0,0,0,0,0,0,0,0,0,0,0,0,0,0.09,0,216.6,44.5,0,0
20191228,190200,0,0,0,0,0,0,0,0,0,0,0,0,0,0,0,0.09,0,216.6,44.5,0,0
20191228,190300,0,0,0,0,0,0,0,0,0,0,0,0,0,0,0,0.09,0,216.6,44.5,0,0
20191228,190400,0,0,0,0,0,0,0,0,0,0,0,0,0,0,0,0.09,0,216.6,44.2,0,0
20191228,190500,0,0,0,0,0,0,0,0,0,0,0,0,0,0,0,0.09,0,216.6,44.2,0,0
20191228,190600,0,0,0,0,0,0,0,0,0,0,0,0,0,0,0,0.09,0,216.6,43.8,0,0
20191228,190700,0,0,0,0,0,0,0,0,0,0,0,0,0,0,0,0.09,0,216.6,43.8,0,0
20191228,190800,0,0,0,0,0,0,0,0,0,0,0,0,0,0,0,0.09,0,216.6,43.5,0,0
20191228,190900,0,0,0,0,0,0,0,0,0,0,0,0,0,0,0,0.09,0,216.6,43.5,0,0
20191228,191000,0,0,0,0,0,0,0,0,0,0,0,0,0,0,0,0.09,0,216.6,43.5,0,0
20191228,191100,0,0,0,0,0,0,0,0,0,0,0,0,0,0,0,0.09,0,216.6,43.5,0,0
20191228,191200,0,0,0,0,0,0,0,0,0,0,0,0,0,0,0,0.09,0,216.6,43.6,0,0
20191228,191300,0,0,0,0,0,0,0,0,0,0,0,0,0,0,0,0.09,0,216.6,43.6,0,0
20191228,191400,0,0,0,0,0,0,0,0,0,0,0,0,0,0,0,0.09,0,216.6,43.7,0,0
20191228,191500,0,0,0,0,0,0,0,0,0,0,0,0,0,0,0,0.09,0,216.6,43.7,0,0
20191228,191600,0,0,0,0,0,0,0,0,0,0,0,0,0,0,0,0.09,0,216.6,43.7,0,0
20191228,191700,0,0,0,0,0,0,0,0,0,0,0,0,0,0,0,0.09,0,216.6,43.7,0,0
20191228,191800,0,0,0,0,0,0,0,0,0,0,0,0,0,0,0,0.09,0,216.6,44.1,0,0
20191228,191900,0,0,0,0,0,0,0,0,0,0,0,0,0,0,0,0.09,0,216.6,44.1,0,0
20191228,192000,0,0,0,0,0,0,0,0,0,0,0,0,0,0,0,0.09,0,216.6,44.3,0,0
20191228,192100,0,0,0,0,0,0,0,0,0,0,0,0,0,0,0,0.09,0,216.6,44.3,0,0
20191228,192200,0,0,0,0,0,0,0,0,0,0,0,0,0,0,0,0.09,0,216.6,44.5,0,0
20191228,192300,0,0,0,0,0,0,0,0,0,0,0,0,0,0,0,0.09,0,216.6,44.6,0,0
20191228,192400,0,0,0,0,0,0,0,0,0,0,0,0,0,0,0,0.09,0,216.6,44.6,0,0
20191228,192500,0,0,0,0,0,0,0,0,0,0,0,0,0,0,0,0.09,0,216.6,44.6,0,0
20191228,192600,0,0,0,0,0,0,0,0,0,0,0,0,0,0,0,0.09,0,216.6,44.7,0,0
20191228,192700,0,0,0,0,0,0,0,0,0,0,0,0,0,0,0,0.09,0,216.6,44.6,0,0
20191228,192800,0,0,0,0,0,0,0,0,0,0,0,0,0,0,0,0.09,0,216.6,44.6,0,0
20191228,192900,0,0,0,0,0,0,0,0,0,0,0,0,0,0,0,0.09,0,216.6,44.4,0,0
20191228,193000,0,0,0,0,0,0,0,0,0,0,0,0,0,0,0,0.09,0,216.6,44.2,0,0
20191228,193100,0,0,0,0,0,0,0,0,0,0,0,0,0,0,0,0.09,0,216.6,44.1,0,0
20191228,193200,0,0,0,0,0,0,0,0,0,0,0,0,0,0,0,0.09,0,216.6,44.1,0,0
20191228,193300,0,0,0,0,0,0,0,0,0,0,0,0,0,0,0,0.09,0,216.6,44.2,0,0
20191228,193400,0,0,0,0,0,0,0,0,0,0,0,0,0,0,0,0.09,0,216.6,44.2,0,0
20191228,193500,0,0,0,0,0,0,0,0,0,0,0,0,0,0,0,0.09,0,216.6,44.4,0,0
20191228,193600,0,0,0,0,0,0,0,0,0,0,0,0,0,0,0,0.09,0,216.6,44.5,0,0
20191228,193700,0,0,0,0,0,0,0,0,0,0,0,0,0,0,0,0.09,0,216.6,44.6,0,0
20191228,193800,0,0,0,0,0,0,0,0,0,0,0,0,0,0,0,0.09,0,216.6,44.6,0,0
20191228,193900,0,0,0,0,0,0,0,0,0,0,0,0,0,0,0,0.09,0,216.6,44.7,0,0
20191228,194000,0,0,0,0,0,0,0,0,0,0,0,0,0,0,0,0.09,0,216.6,44.7,0,0
20191228,194100,0,0,0,0,0,0,0,0,0,0,0,0,0,0,0,0.09,0,216.6,44.2,0,0
20191228,194200,0,0,0,0,0,0,0,0,0,0,0,0,0,0,0,0.09,0,216.6,44.2,0,0
20191228,194300,0,0,0,0,0,0,0,0,0,0,0,0,0,0,0,0.09,0,216.6,43.3,0,0
20191228,194400,0,0,0,0,0,0,0,0,0,0,0,0,0,0,0,0.09,0,216.6,43.3,0,0
20191228,194500,0,0,0,0,0,0,0,0,0,0,0,0,0,0,0,0.09,0,216.6,42.7,0,0
20191228,194600,0,0,0,0,0,0,0,0,0,0,0,0,0,0,0,0.09,0,216.6,42.7,0,0
20191228,194700,0,0,0,0,0,0,0,0,0,0,0,0,0,0,0,0.09,0,216.6,43,0,0
20191228,194800,0,0,0,0,0,0,0,0,0,0,0,0,0,0,0,0.09,0,216.6,43,0,0
20191228,194900,0,0,0,0,0,0,0,0,0,0,0,0,0,0,0,0.09,0,216.6,43.4,0,0
20191228,195000,0,0,0,0,0,0,0,0,0,0,0,0,0,0,0,0.09,0,216.6,43.4,0,0
20191228,195100,0,0,0,0,0,0,0,0,0,0,0,0,0,0,0,0.09,0,216.6,44,0,0
20191228,195200,0,0,0,0,0,0,0,0,0,0,0,0,0,0,0,0.09,0,216.6,44,0,0
20191228,195300,0,0,0,0,0,0,0,0,0,0,0,0,0,0,0,0.09,0,216.6,44.2,0,0
20191228,195400,0,0,0,0,0,0,0,0,0,0,0,0,0,0,0,0.09,0,216.6,44.2,0,0
20191228,195500,0,0,0,0,0,0,0,0,0,0,0,0,0,0,0,0.09,0,216.6,43.5,0,0
20191228,195600,0,0,0,0,0,0,0,0,0,0,0,0,0,0,0,0.09,0,216.6,43.5,0,0
20191228,195700,0,0,0,0,0,0,0,0,0,0,0,0,0,0,0,0.09,0,216.6,42.9,0,0
20191228,195800,0,0,0,0,0,0,0,0,0,0,0,0,0,0,0,0.09,0,216.6,42.9,0,0
20191228,195900,0,0,0,0,0,0,0,0,0,0,0,0,0,0,0,0.09,0,216.6,42.9,0,0
20191228,200000,0,0,0,0,0,0,0,0,0,0,0,0,0,0,0,0.09,0,216.6,42.9,0,0
20191228,200100,0,0,0,0,0,0,0,0,0,0,0,0,0,0,0,0.09,0,216.6,43.3,0,0
20191228,200200,0,0,0,0,0,0,0,0,0,0,0,0,0,0,0,0.09,0,216.6,43.5,0,0
20191228,200300,0,0,0,0,0,0,0,0,0,0,0,0,0,0,0,0.09,0,216.6,43.7,0,0
20191228,200400,0,0,0,0,0,0,0,0,0,0,0,0,0,0,0,0.09,0,216.6,43.7,0,0
20191228,200500,0,0,0,0,0,0,0,0,0,0,0,0,0,0,0,0.09,0,216.6,43.7,0,0
20191228,200600,0,0,0,0,0,0,0,0,0,0,0,0,0,0,0,0.09,0,216.6,43.8,0,0
20191228,200700,0,0,0,0,0,0,0,0,0,0,0,0,0,0,0,0.09,0,216.6,43.8,0,0
20191228,200800,0,0,0,0,0,0,0,0,0,0,0,0,0,0,0,0.09,0,216.6,44,0,0
20191228,200900,0,0,0,0,0,0,0,0,0,0,0,0,0,0,0,0.09,0,216.6,44.1,0,0
20191228,201000,0,0,0,0,0,0,0,0,0,0,0,0,0,0,0,0.09,0,216.6,44.2,0,0
20191228,201100,0,0,0,0,0,0,0,0,0,0,0,0,0,0,0,0.09,0,216.6,44.3,0,0
20191228,201200,0,0,0,0,0,0,0,0,0,0,0,0,0,0,0,0.09,0,216.6,44.3,0,0
20191228,201300,0,0,0,0,0,0,0,0,0,0,0,0,0,0,0,0.09,0,216.6,44.3,0,0
20191228,201400,0,0,0,0,0,0,0,0,0,0,0,0,0,0,0,0.09,0,216.6,44.3,0,0
20191228,201500,0,0,0,0,0,0,0,0,0,0,0,0,0,0,0,0.09,0,216.6,44.3,0,0
20191228,201600,0,0,0,0,0,0,0,0,0,0,0,0,0,0,0,0.09,0,216.6,44.3,0,0
20191228,201700,0,0,0,0,0,0,0,0,0,0,0,0,0,0,0,0.09,0,216.6,44.3,0,0
20191228,201800,0,0,0,0,0,0,0,0,0,0,0,0,0,0,0,0.09,0,216.6,44.2,0,0
20191228,201900,0,0,0,0,0,0,0,0,0,0,0,0,0,0,0,0.09,0,216.6,44.2,0,0
20191228,202000,0,0,0,0,0,0,0,0,0,0,0,0,0,0,0,0.09,0,216.6,44.5,0,0
20191228,202100,0,0,0,0,0,0,0,0,0,0,0,0,0,0,0,0.09,0,216.6,44.5,0,0
20191228,202200,0,0,0,0,0,0,0,0,0,0,0,0,0,0,0,0.09,0,216.6,45,0,0
20191228,202300,0,0,0,0,0,0,0,0,0,0,0,0,0,0,0,0.09,0,216.6,45,0,0
20191228,202400,0,0,0,0,0,0,0,0,0,0,0,0,0,0,0,0.09,0,216.6,45.4,0,0
20191228,202500,0,0,0,0,0,0,0,0,0,0,0,0,0,0,0,0.09,0,216.6,45.4,0,0
20191228,202600,0,0,0,0,0,0,0,0,0,0,0,0,0,0,0,0.09,0,216.6,45.6,0,0
20191228,202700,0,0,0,0,0,0,0,0,0,0,0,0,0,0,0,0.09,0,216.6,45.6,0,0
20191228,202800,0,0,0,0,0,0,0,0,0,0,0,0,0,0,0,0.09,0,216.6,45.4,1,0
20191228,202900,0,0,0,0,0,0,0,0,0,0,0,0,0,0,0,0.09,0,216.6,45.4,0,0
20191228,203000,0,0,0,0,0,0,0,0,0,0,0,0,0,0,0,0.09,0,216.6,45.3,0,0
20191228,203100,0,0,0,0,0,0,0,0,0,0,0,0,0,0,0,0.09,0,216.6,45.3,0,0
20191228,203200,0,0,0,0,0,0,0,0,0,0,0,0,0,0,0,0.09,0,216.6,45.2,0,0
20191228,203300,0,0,0,0,0,0,0,0,0,0,0,0,0,0,0,0.09,0,216.6,45.2,0,0
20191228,203400,0,0,0,0,0,0,0,0,0,0,0,0,0,0,0,0.09,0,216.6,45.2,0,0
20191228,203500,0,0,0,0,0,0,0,0,0,0,0,0,0,0,0,0.09,0,216.6,45.2,0,0
20191228,203600,0,0,0,0,0,0,0,0,0,0,0,0,0,0,0,0.09,0,216.6,44.9,0,0
20191228,203700,0,0,0,0,0,0,0,0,0,0,0,0,0,0,0,0.09,0,216.6,44.9,0,0
20191228,203800,0,0,0,0,0,0,0,0,0,0,0,0,0,0,0,0.09,0,216.6,44.9,0,0
20191228,203900,0,0,0,0,0,0,0,0,0,0,0,0,0,0,0,0.09,0,216.6,44.9,0,0
20191228,204000,0,0,0,0,0,0,0,0,0,0,0,0,0,0,0,0.09,0,216.6,45.1,0,0
20191228,204100,0,0,0,0,0,0,0,0,0,0,0,0,0,0,0,0.09,0,216.6,45.1,0,0
20191228,204200,0,0,0,0,0,0,0,0,0,0,0,0,0,0,0,0.09,0,216.6,45.3,0,0
20191228,204300,0,0,0,0,0,0,0,0,0,0,0,0,0,0,0,0.09,0,216.6,45.4,0,0
20191228,204400,0,0,0,0,0,0,0,0,0,0,0,0,0,0,0,0.09,0,216.6,45.4,0,0
20191228,204500,0,0,0,0,0,0,0,0,0,0,0,0,0,0,0,0.09,0,216.6,45.4,0,0
20191228,204600,0,0,0,0,0,0,0,0,0,0,0,0,0,0,0,0.09,0,216.6,45.4,0,0
20191228,204700,0,0,0,0,0,0,0,0,0,0,0,0,0,0,0,0.09,0,216.6,45.3,0,0
20191228,204800,0,0,0,0,0,0,0,0,0,0,0,0,0,0,0,0.09,0,216.6,45.2,0,0
20191228,204900,0,0,0,0,0,0,0,0,0,0,0,0,0,0,0,0.09,0,216.6,45,0,0
20191228,205000,0,0,0,0,0,0,0,0,0,0,0,0,0,0,0,0.09,0,216.6,44.8,0,0
20191228,205100,0,0,0,0,0,0,0,0,0,0,0,0,0,0,0,0.09,0,216.6,44.6,0,0
20191228,205200,0,0,0,0,0,0,0,0,0,0,0,0,0,0,0,0.09,0,216.6,44.4,0,0
20191228,205300,0,0,0,0,0,0,0,0,0,0,0,0,0,0,0,0.09,0,216.6,44.3,0,0
20191228,205400,0,0,0,0,0,0,0,0,0,0,0,0,0,0,0,0.09,0,216.6,44.3,0,0
20191228,205500,0,0,0,0,0,0,0,0,0,0,0,0,0,0,0,0.09,0,216.6,44.4,0,0
20191228,205600,0,0,0,0,0,0,0,0,0,0,0,0,0,0,0,0.09,0,216.6,44.4,0,0
20191228,205700,0,0,0,0,0,0,0,0,0,0,0,0,0,0,0,0.09,0,216.6,44.6,0,0
20191228,205800,0,0,0,0,0,0,0,0,0,0,0,0,0,0,0,0.09,0,216.6,44.6,0,0
20191228,205900,0,0,0,0,0,0,0,0,0,0,0,0,0,0,0,0.09,0,216.6,45.2,0,0
20191228,210000,0,0,0,0,0,0,0,0,0,0,0,0,0,0,0,0.09,0,216.6,45.2,0,0
20191228,210100,0,0,0,0,0,0,0,0,0,0,0,0,0,0,0,0.09,0,216.6,45.4,0,0
20191228,210200,0,0,0,0,0,0,0,0,0,0,0,0,0,0,0,0.09,0,216.6,45.4,0,0
20191228,210300,0,0,0,0,0,0,0,0,0,0,0,0,0,0,0,0.09,0,216.6,45.5,0,0
20191228,210400,0,0,0,0,0,0,0,0,0,0,0,0,0,0,0,0.09,0,216.6,45.5,0,0
20191228,210500,0,0,0,0,0,0,0,0,0,0,0,0,0,0,0,0.09,0,216.6,45.5,0,0
20191228,210600,0,0,0,0,0,0,0,0,0,0,0,0,0,0,0,0.09,0,216.6,45.5,0,0
20191228,210700,0,0,0,0,0,0,0,0,0,0,0,0,0,0,0,0.09,0,216.6,45.3,0,0
20191228,210800,0,0,0,0,0,0,0,0,0,0,0,0,0,0,0,0.09,0,216.6,45.3,0,0
20191228,210900,0,0,0,0,0,0,0,0,0,0,0,0,0,0,0,0.09,0,216.6,45.3,0,0
20191228,211000,0,0,0,0,0,0,0,0,0,0,0,0,0,0,0,0.09,0,216.6,45.3,0,0
20191228,211100,0,0,0,0,0,0,0,0,0,0,0,0,0,0,0,0.09,0,216.6,45.5,0,0
20191228,211200,0,0,0,0,0,0,0,0,0,0,0,0,0,0,0,0.09,0,216.6,45.5,0,0
20191228,211300,0,0,0,0,0,0,0,0,0,0,0,0,0,0,0,0.09,0,216.6,45.8,0,0
20191228,211400,0,0,0,0,0,0,0,0,0,0,0,0,0,0,0,0.09,0,216.6,45.8,0,0
20191228,211500,0,0,0,0,0,0,0,0,0,0,0,0,0,0,0,0.09,0,216.6,45.9,0,0
20191228,211600,0,0,0,0,0,0,0,0,0,0,0,0,0,0,0,0.09,0,216.6,45.9,0,0
20191228,211700,0,0,0,0,0,0,0,0,0,0,0,0,0,0,0,0.09,0,216.6,45.8,0,0
20191228,211800,0,0,0,0,0,0,0,0,0,0,0,0,0,0,0,0.09,0,216.6,45.8,0,0
20191228,211900,0,0,0,0,0,0,0,0,0,0,0,0,0,0,0,0.09,0,216.6,45.8,0,0
20191228,212000,0,0,0,0,0,0,0,0,0,0,0,0,0,0,0,0.09,0,216.6,45.8,0,0
20191228,212100,0,0,0,0,0,0,0,0,0,0,0,0,0,0,0,0.09,0,216.6,45.7,0,0
20191228,212200,0,0,0,0,0,0,0,0,0,0,0,0,0,0,0,0.09,0,216.6,45.7,0,0
20191228,212300,0,0,0,0,0,0,0,0,0,0,0,0,0,0,0,0.09,0,216.6,45.6,0,0
20191228,212400,0,0,0,0,0,0,0,0,0,0,0,0,0,0,0,0.09,0,216.6,45.5,0,0
20191228,212500,0,0,0,0,0,0,0,0,0,0,0,0,0,0,0,0.09,0,216.6,45.4,0,0
20191228,212600,0,0,0,0,0,0,0,0,0,0,0,0,0,0,0,0.09,0,216.6,45.4,0,0
20191228,212700,0,0,0,0,0,0,0,0,0,0,0,0,0,0,0,0.09,0,216.6,45.4,0,0
20191228,212800,0,0,0,0,0,0,0,0,0,0,0,0,0,0,0,0.09,0,216.6,45.3,0,0
20191228,212900,0,0,0,0,0,0,0,0,0,0,0,0,0,0,0,0.09,0,216.6,45.2,0,0
20191228,213000,0,0,0,0,0,0,0,0,0,0,0,0,0,0,0,0.09,0,216.6,45.1,0,0
20191228,213100,0,0,0,0,0,0,0,0,0,0,0,0,0,0,0,0.09,0,216.6,45,0,0
20191228,213200,0,0,0,0,0,0,0,0,0,0,0,0,0,0,0,0.09,0,216.6,44.9,0,0
20191228,213300,0,0,0,0,0,0,0,0,0,0,0,0,0,0,0,0.09,0,216.6,44.8,0,0
20191228,213400,0,0,0,0,0,0,0,0,0,0,0,0,0,0,0,0.09,0,216.6,44.8,0,0
20191228,213500,0,0,0,0,0,0,0,0,0,0,0,0,0,0,0,0.09,0,216.6,44.6,0,0
20191228,213600,0,0,0,0,0,0,0,0,0,0,0,0,0,0,0,0.09,0,216.6,44.6,0,0
20191228,213700,0,0,0,0,0,0,0,0,0,0,0,0,0,0,0,0.09,0,216.6,44.5,0,0
20191228,213800,0,0,0,0,0,0,0,0,0,0,0,0,0,0,0,0.09,0,216.6,44.4,0,0
20191228,213900,0,0,0,0,0,0,0,0,0,0,0,0,0,0,0,0.09,0,216.6,44.4,0,0
20191228,214000,0,0,0,0,0,0,0,0,0,0,0,0,0,0,0,0.09,0,216.6,44.3,0,0
20191228,214100,0,0,0,0,0,0,0,0,0,0,0,0,0,0,0,0.09,0,216.6,44.3,0,0
20191228,214200,0,0,0,0,0,0,0,0,0,0,0,0,0,0,0,0.09,0,216.6,44.3,0,0
20191228,214300,0,0,0,0,0,0,0,0,0,0,0,0,0,0,0,0.09,0,216.6,44.3,0,0
20191228,214400,0,0,0,0,0,0,0,0,0,0,0,0,0,0,0,0.09,0,216.6,44.4,0,0
20191228,214500,0,0,0,0,0,0,0,0,0,0,0,0,0,0,0,0.09,0,216.6,44.4,0,0
20191228,214600,0,0,0,0,0,0,0,0,0,0,0,0,0,0,0,0.09,0,216.6,44.5,0,0
20191228,214700,0,0,0,0,0,0,0,0,0,0,0,0,0,0,0,0.09,0,216.6,44.5,0,0
20191228,214800,0,0,0,0,0,0,0,0,0,0,0,0,0,0,0,0.09,0,216.6,44.6,0,0
20191228,214900,0,0,0,0,0,0,0,0,0,0,0,0,0,0,0,0.09,0,216.6,44.6,0,0
20191228,215000,0,0,0,0,0,0,0,0,0,0,0,0,0,0,0,0.09,0,216.6,44.5,0,0
20191228,215100,0,0,0,0,0,0,0,0,0,0,0,0,0,0,0,0.09,0,216.6,44.5,0,0
20191228,215200,0,0,0,0,0,0,0,0,0,0,0,0,0,0,0,0.09,0,216.6,44.5,0,0
20191228,215300,0,0,0,0,0,0,0,0,0,0,0,0,0,0,0,0.09,0,216.6,44.5,0,0
20191228,215400,0,0,0,0,0,0,0,0,0,0,0,0,0,0,0,0.09,0,216.6,44.5,0,0
20191228,215500,0,0,0,0,0,0,0,0,0,0,0,0,0,0,0,0.09,0,216.6,44.5,0,0
20191228,215600,0,0,0,0,0,0,0,0,0,0,0,0,0,0,0,0.09,0,216.6,44.4,0,0
20191228,215700,0,0,0,0,0,0,0,0,0,0,0,0,0,0,0,0.09,0,216.6,44.4,0,0
20191228,215800,0,0,0,0,0,0,0,0,0,0,0,0,0,0,0,0.09,0,216.6,44.4,0,0
20191228,215900,0,0,0,0,0,0,0,0,0,0,0,0,0,0,0,0.09,0,216.6,44.4,0,0
20191228,220000,0,0,0,0,0,0,0,0,0,0,0,0,0,0,0,0.09,0,216.6,44.4,0,0
20191228,220100,0,0,0,0,0,0,0,0,0,0,0,0,0,0,0,0.09,0,216.6,44.4,0,0
20191228,220200,0,0,0,0,0,0,0,0,0,0,0,0,0,0,0,0.09,0,216.6,44.5,0,0
20191228,220300,0,0,0,0,0,0,0,0,0,0,0,0,0,0,0,0.09,0,216.6,44.6,0,0
20191228,220400,0,0,0,0,0,0,0,0,0,0,0,0,0,0,0,0.09,0,216.6,44.7,0,0
20191228,220500,0,0,0,0,0,0,0,0,0,0,0,0,0,0,0,0.09,0,216.6,44.9,0,0
20191228,220600,0,0,0,0,0,0,0,0,0,0,0,0,0,0,0,0.09,0,216.6,45.1,0,0
20191228,220700,0,0,0,0,0,0,0,0,0,0,0,0,0,0,0,0.09,0,216.6,45.2,0,0
20191228,220800,0,0,0,0,0,0,0,0,0,0,0,0,0,0,0,0.09,0,216.6,45.3,0,0
20191228,220900,0,0,0,0,0,0,0,0,0,0,0,0,0,0,0,0.09,0,216.6,45.4,0,0
20191228,221000,0,0,0,0,0,0,0,0,0,0,0,0,0,0,0,0.09,0,216.6,45.6,0,0
20191228,221100,0,0,0,0,0,0,0,0,0,0,0,0,0,0,0,0.09,0,216.6,45.5,0,0
20191228,221200,0,0,0,0,0,0,0,0,0,0,0,0,0,0,0,0.09,0,216.6,45.4,0,0
20191228,221300,0,0,0,0,0,0,0,0,0,0,0,0,0,0,0,0.09,0,216.6,45.3,0,0
20191228,221400,0,0,0,0,0,0,0,0,0,0,0,0,0,0,0,0.09,0,216.6,45.2,0,0
20191228,221500,0,0,0,0,0,0,0,0,0,0,0,0,0,0,0,0.09,0,216.6,45,0,0
20191228,221600,0,0,0,0,0,0,0,0,0,0,0,0,0,0,0,0.09,0,216.6,45,0,0
20191228,221700,0,0,0,0,0,0,0,0,0,0,0,0,0,0,0,0.09,0,216.6,44.9,0,0
20191228,221800,0,0,0,0,0,0,0,0,0,0,0,0,0,0,0,0.09,0,216.6,44.9,0,0
20191228,221900,0,0,0,0,0,0,0,0,0,0,0,0,0,0,0,0.09,0,216.6,44.6,0,0
20191228,222000,0,0,0,0,0,0,0,0,0,0,0,0,0,0,0,0.09,0,216.6,44.6,0,0
20191228,222100,0,0,0,0,0,0,0,0,0,0,0,0,0,0,0,0.09,0,216.6,44.4,0,0
20191228,222200,0,0,0,0,0,0,0,0,0,0,0,0,0,0,0,0.09,0,216.6,44.4,0,0
20191228,222300,0,0,0,0,0,0,0,0,0,0,0,0,0,0,0,0.09,0,216.6,44.3,0,0
20191228,222400,0,0,0,0,0,0,0,0,0,0,0,0,0,0,0,0.09,0,216.6,44.3,0,0
20191228,222500,0,0,0,0,0,0,0,0,0,0,0,0,0,0,0,0.09,0,216.6,44.2,0,0
20191228,222600,0,0,0,0,0,0,0,0,0,0,0,0,0,0,0,0.09,0,216.6,44.2,0,0
20191228,222700,0,0,0,0,0,0,0,0,0,0,0,0,0,0,0,0.09,0,216.6,44.2,0,0
20191228,222800,0,0,0,0,0,0,0,0,0,0,0,0,0,0,0,0.09,0,216.6,44.2,0,0
20191228,222900,0,0,0,0,0,0,0,0,0,0,0,0,0,0,0,0.09,0,216.6,44.6,0,0
20191228,223000,0,0,0,0,0,0,0,0,0,0,0,0,0,0,0,0.09,0,216.6,44.6,0,0
20191228,223100,0,0,0,0,0,0,0,0,0,0,0,0,0,0,0,0.09,0,216.6,44.7,0,0
20191228,223200,0,0,0,0,0,0,0,0,0,0,0,0,0,0,0,0.09,0,216.6,44.7,0,0
20191228,223300,0,0,0,0,0,0,0,0,0,0,0,0,0,0,0,0.09,0,216.6,44.2,0,0
20191228,223400,0,0,0,0,0,0,0,0,0,0,0,0,0,0,0,0.09,0,216.6,44.2,0,0
20191228,223500,0,0,0,0,0,0,0,0,0,0,0,0,0,0,0,0.09,0,216.6,43.9,0,0
20191228,223600,0,0,0,0,0,0,0,0,0,0,0,0,0,0,0,0.09,0,216.6,43.9,0,0
20191228,223700,0,0,0,0,0,0,0,0,0,0,0,0,0,0,0,0.09,0,216.6,44,0,0
20191228,223800,0,0,0,0,0,0,0,0,0,0,0,0,0,0,0,0.09,0,216.6,44,0,0
20191228,223900,0,0,0,0,0,0,0,0,0,0,0,0,0,0,0,0.09,0,216.6,44.3,0,0
20191228,224000,0,0,0,0,0,0,0,0,0,0,0,0,0,0,0,0.09,0,216.6,44.3,0,0
20191228,224100,0,0,0,0,0,0,0,0,0,0,0,0,0,0,0,0.09,0,216.6,44.2,0,0
20191228,224200,0,0,0,0,0,0,0,0,0,0,0,0,0,0,0,0.09,0,216.6,44.2,0,0
20191228,224300,0,0,0,0,0,0,0,0,0,0,0,0,0,0,0,0.09,0,216.6,44.1,0,0
20191228,224400,0,0,0,0,0,0,0,0,0,0,0,0,0,0,0,0.09,0,216.6,44,0,0
20191228,224500,0,0,0,0,0,0,0,0,0,0,0,0,0,0,0,0.09,0,216.6,44,0,0
20191228,224600,0,0,0,0,0,0,0,0,0,0,0,0,0,0,0,0.09,0,216.6,44.1,0,0
20191228,224700,0,0,0,0,0,0,0,0,0,0,0,0,0,0,0,0.09,0,216.6,44.3,0,0
20191228,224800,0,0,0,0,0,0,0,0,0,0,0,0,0,0,0,0.09,0,216.6,44.4,0,0
20191228,224900,0,0,0,0,0,0,0,0,0,0,0,0,0,0,0,0.09,0,216.6,44.4,0,0
20191228,225000,0,0,0,0,0,0,0,0,0,0,0,0,0,0,0,0.09,0,216.6,44.3,0,0
20191228,225100,0,0,0,0,0,0,0,0,0,0,0,0,0,0,0,0.09,0,216.6,44.3,0,0
20191228,225200,0,0,0,0,0,0,0,0,0,0,0,0,0,0,0,0.09,0,216.6,44.2,0,0
20191228,225300,0,0,0,0,0,0,0,0,0,0,0,0,0,0,0,0.09,0,216.6,44.1,0,0
20191228,225400,0,0,0,0,0,0,0,0,0,0,0,0,0,0,0,0.09,0,216.6,44,0,0
20191228,225500,0,0,0,0,0,0,0,0,0,0,0,0,0,0,0,0.09,0,216.6,44,0,0
20191228,225600,0,0,0,0,0,0,0,0,0,0,0,0,0,0,0,0.09,0,216.6,43.7,0,0
20191228,225700,0,0,0,0,0,0,0,0,0,0,0,0,0,0,0,0.09,0,216.6,43.6,0,0
20191228,225800,0,0,0,0,0,0,0,0,0,0,0,0,0,0,0,0.09,0,216.6,43.6,0,0
20191228,225900,0,0,0,0,0,0,0,0,0,0,0,0,0,0,0,0.09,0,216.6,43.6,0,0
20191228,230000,0,0,0,0,0,0,0,0,0,0,0,0,0,0,0,0.09,0,216.6,43.7,0,0
20191228,230100,0,0,0,0,0,0,0,0,0,0,0,0,0,0,0,0.09,0,216.6,43.7,0,0
20191228,230200,0,0,0,0,0,0,0,0,0,0,0,0,0,0,0,0.09,0,216.6,43.8,0,0
20191228,230300,0,0,0,0,0,0,0,0,0,0,0,0,0,0,0,0.09,0,216.6,43.8,0,0
20191228,230400,0,0,0,0,0,0,0,0,0,0,0,0,0,0,0,0.09,0,216.6,44.1,0,0
20191228,230500,0,0,0,0,0,0,0,0,0,0,0,0,0,0,0,0.09,0,216.6,44.1,0,0
20191228,230600,0,0,0,0,0,0,0,0,0,0,0,0,0,0,0,0.09,0,216.6,44.3,0,0
20191228,230700,0,0,0,0,0,0,0,0,0,0,0,0,0,0,0,0.09,0,216.6,44.3,0,0
20191228,230800,0,0,0,0,0,0,0,0,0,0,0,0,0,0,0,0.09,0,216.6,44.6,0,0
20191228,230900,0,0,0,0,0,0,0,0,0,0,0,0,0,0,0,0.09,0,216.6,44.6,0,0
20191228,231000,0,0,0,0,0,0,0,0,0,0,0,0,0,0,0,0.09,0,216.6,44.8,0,0
20191228,231100,0,0,0,0,0,0,0,0,0,0,0,0,0,0,0,0.09,0,216.6,44.8,0,0
20191228,231200,0,0,0,0,0,0,0,0,0,0,0,0,0,0,0,0.09,0,216.6,44.6,0,0
20191228,231300,0,0,0,0,0,0,0,0,0,0,0,0,0,0,0,0.09,0,216.6,44.6,0,0
20191228,231400,0,0,0,0,0,0,0,0,0,0,0,0,0,0,0,0.09,0,216.6,44.5,0,0
20191228,231500,0,0,0,0,0,0,0,0,0,0,0,0,0,0,0,0.09,0,216.6,44.5,0,0
20191228,231600,0,0,0,0,0,0,0,0,0,0,0,0,0,0,0,0.09,0,216.6,44.2,0,0
20191228,231700,0,0,0,0,0,0,0,0,0,0,0,0,0,0,0,0.09,0,216.6,44.2,0,0
20191228,231800,0,0,0,0,0,0,0,0,0,0,0,0,0,0,0,0.09,0,216.6,44.1,0,0
20191228,231900,0,0,0,0,0,0,0,0,0,0,0,0,0,0,0,0.09,0,216.6,44.1,0,0
20191228,232000,0,0,0,0,0,0,0,0,0,0,0,0,0,0,0,0.09,0,216.6,44.1,0,0
20191228,232100,0,0,0,0,0,0,0,0,0,0,0,0,0,0,0,0.09,0,216.6,44.1,0,0
20191228,232200,0,0,0,0,0,0,0,0,0,0,0,0,0,0,0,0.09,0,216.6,44.1,0,0
20191228,232300,0,0,0,0,0,0,0,0,0,0,0,0,0,0,0,0.09,0,216.6,44.2,0,0
20191228,232400,0,0,0,0,0,0,0,0,0,0,0,0,0,0,0,0.09,0,216.6,44.1,0,0
20191228,232500,0,0,0,0,0,0,0,0,0,0,0,0,0,0,0,0.09,0,216.6,44.1,0,0
20191228,232600,0,0,0,0,0,0,0,0,0,0,0,0,0,0,0,0.09,0,216.6,44.1,0,0
20191228,232700,0,0,0,0,0,0,0,0,0,0,0,0,0,0,0,0.09,0,216.6,44.1,0,0
20191228,232800,0,0,0,0,0,0,0,0,0,0,0,0,0,0,0,0.09,0,216.6,44.2,0,0
20191228,232900,0,0,0,0,0,0,0,0,0,0,0,0,0,0,0,0.09,0,216.6,44.3,0,0
20191228,233000,0,0,0,0,0,0,0,0,0,0,0,0,0,0,0,0.09,0,216.6,44.4,0,0
20191228,233100,0,0,0,0,0,0,0,0,0,0,0,0,0,0,0,0.09,0,216.6,44.6,0,0
20191228,233200,0,0,0,0,0,0,0,0,0,0,0,0,0,0,0,0.09,0,216.6,44.8,0,0
20191228,233300,0,0,0,0,0,0,0,0,0,0,0,0,0,0,0,0.09,0,216.6,44.8,0,0
20191228,233400,0,0,0,0,0,0,0,0,0,0,0,0,0,0,0,0.09,0,216.6,44.9,0,0
20191228,233500,0,0,0,0,0,0,0,0,0,0,0,0,0,0,0,0.09,0,216.6,44.9,0,0
20191228,233600,0,0,0,0,0,0,0,0,0,0,0,0,0,0,0,0.09,0,216.6,44.6,0,0
20191228,233700,0,0,0,0,0,0,0,0,0,0,0,0,0,0,0,0.09,0,216.6,44.4,0,0
20191228,233800,0,0,0,0,0,0,0,0,0,0,0,0,0,0,0,0.09,0,216.6,44.2,0,0
20191228,233900,0,0,0,0,0,0,0,0,0,0,0,0,0,0,0,0.09,0,216.6,44,0,0
20191228,234000,0,0,0,0,0,0,0,0,0,0,0,0,0,0,0,0.09,0,216.6,44,0,0
20191228,234100,0,0,0,0,0,0,0,0,0,0,0,0,0,0,0,0.09,0,216.6,43.8,0,0
20191228,234200,0,0,0,0,0,0,0,0,0,0,0,0,0,0,0,0.09,0,216.6,43.8,0,0
20191228,234300,0,0,0,0,0,0,0,0,0,0,0,0,0,0,0,0.09,0,216.6,43.8,0,0
20191228,234400,0,0,0,0,0,0,0,0,0,0,0,0,0,0,0,0.09,0,216.6,43.8,0,0
20191228,234500,0,0,0,0,0,0,0,0,0,0,0,0,0,0,0,0.09,0,216.6,43.8,0,0
20191228,234600,0,0,0,0,0,0,0,0,0,0,0,0,0,0,0,0.09,0,216.6,43.8,0,0
20191228,234700,0,0,0,0,0,0,0,0,0,0,0,0,0,0,0,0.09,0,216.6,44,0,0
20191228,234800,0,0,0,0,0,0,0,0,0,0,0,0,0,0,0,0.09,0,216.6,44,0,0
20191228,234900,0,0,0,0,0,0,0,0,0,0,0,0,0,0,0,0.09,0,216.6,44.2,0,0
20191228,235000,0,0,0,0,0,0,0,0,0,0,0,0,0,0,0,0.09,0,216.6,44.2,0,0
20191228,235100,0,0,0,0,0,0,0,0,0,0,0,0,0,0,0,0.09,0,216.6,44.5,0,0
20191228,235200,0,0,0,0,0,0,0,0,0,0,0,0,0,0,0,0.09,0,216.6,44.5,0,0
20191228,235300,0,0,0,0,0,0,0,0,0,0,0,0,0,0,0,0.09,0,216.6,44.7,0,0
20191228,235400,0,0,0,0,0,0,0,0,0,0,0,0,0,0,0,0.09,0,216.6,44.7,0,0
20191228,235500,0,0,0,0,0,0,0,0,0,0,0,0,0,0,0,0.09,0,216.6,44.7,0,0
20191228,235600,0,0,0,0,0,0,0,0,0,0,0,0,0,0,0,0.09,0,216.6,44.7,0,0
20191228,235700,0,0,0,0,0,0,0,0,0,0,0,0,0,0,0,0.09,0,216.6,44.4,0,0
20191228,235800,0,0,0,0,0,0,0,0,0,0,0,0,0,0,0,0.09,0,216.6,44.4,0,0
20191228,235900,0,0,0,0,0,0,0,0,0,0,0,0,0,0,0,0.09,0,216.6,44.5,0,0
