codigo_estacao,data,hora,temp_inst,temp_max,temp_min,umid_inst,umid_max,umid_min,pto_orvalho_inst,pto_orvalho_max,pto_orvalho_min,pressao,pressao_max,pressao_min,vento_vel,vento_direcao, vento_rajada,radiacao,precipitacao
A702,01/10/2019,0,25.6,30.2,25.6,49,49,32,14.0,14.0,11.8,947.7,947.7,947.4,1.6,////,2.1,-3.54,0.0
A702,01/10/2019,1,26.6,27.3,25.2,43,50,40,12.9,14.0,12.5,948.4,948.4,947.7,3.3,////,4.8,-3.54,0.0
A702,01/10/2019,2,28.3,29.1,26.6,33,43,32,10.6,12.9,10.6,948.6,948.6,948.4,3.4,////,5.3,-3.54,0.0
A702,01/10/2019,3,28.4,28.6,27.8,32,34,32,10.0,10.7,10.0,948.5,948.7,948.5,3.9,////,7.0,-3.54,0.0
A702,01/10/2019,4,28.4,28.9,28.4,31,32,30,9.9,10.2,9.8,948.3,948.6,948.3,4.2,////,7.7,-3.54,0.0
A702,01/10/2019,5,28.1,28.8,28.1,32,32,30,9.8,9.9,9.6,948.1,948.3,948.0,5.2,////,9.7,-3.54,0.0
A702,01/10/2019,6,27.6,28.1,27.5,32,33,32,9.5,9.8,9.5,947.7,948.2,947.7,5.2,////,9.5,-3.54,0.0
A702,01/10/2019,7,27.6,28.0,27.1,32,34,32,9.5,9.8,9.5,947.5,947.7,947.4,5.1,////,9.7,-3.54,0.0
A702,01/10/2019,8,27.2,27.8,27.0,35,35,32,10.6,10.6,9.5,947.8,947.8,947.3,3.5,////,9.7,-3.54,0.0
A702,01/10/2019,9,26.4,27.3,26.3,41,42,35,12.2,12.4,10.6,948.3,948.4,947.8,4.7,////,8.8,-3.54,0.0
A702,01/10/2019,10,25.8,26.5,25.5,49,49,41,14.4,14.4,12.3,949.2,949.2,948.3,2.9,////,7.7,58.22,0.0
A702,01/10/2019,11,28.4,28.4,25.8,48,50,48,16.3,16.3,14.4,949.9,949.9,949.2,3.5,////,6.5,611.7,0.0
A702,01/10/2019,12,30.7,30.8,28.4,44,48,43,17.0,17.1,16.3,950.3,950.4,949.9,4.4,////,8.9,1456.,0.0
A702,01/10/2019,13,31.7,32.2,30.5,41,44,39,16.6,17.0,16.5,950.9,950.9,950.3,5.3,////,11.3,1963.,0.0
A702,01/10/2019,14,32.6,33.6,31.7,38,40,36,16.5,16.8,16.0,950.6,950.9,950.6,5.3,////,11.8,2848.,0.0
A702,01/10/2019,15,35.1,35.1,32.5,33,39,33,16.5,17.0,15.9,949.9,950.7,949.9,4.6,////,12.2,3011.,0.0
A702,01/10/2019,16,34.2,36.0,33.0,34,37,30,16.0,17.0,15.0,949.3,949.9,949.2,5.6,////,14.4,3002.,0.0
A702,01/10/2019,17,35.8,35.8,33.4,28,35,28,14.6,16.0,14.1,948.3,949.3,948.3,5.4,////,12.0,2170.,0.0
A702,01/10/2019,18,35.2,36.1,34.4,29,32,27,14.3,15.4,13.7,947.3,948.3,947.3,5.0,////,11.8,2040.,0.0
A702,01/10/2019,19,35.5,36.3,34.7,28,30,27,14.0,14.8,13.9,947.0,947.4,947.0,4.4,////,11.9,1422.,0.0
A702,01/10/2019,20,35.4,36.5,35.2,28,29,27,14.2,14.5,13.8,946.5,947.0,946.4,4.3,////,11.5,1472.,0.0
A702,01/10/2019,21,34.6,35.7,34.6,29,29,27,13.7,14.4,13.4,946.4,946.5,946.4,2.7,////,8.2,629.6,0.0
A702,01/10/2019,22,32.0,34.5,32.0,35,35,29,14.6,14.6,13.9,946.7,946.7,946.4,3.1,////,6.7,85.51,0.0
A702,01/10/2019,23,28.8,32.1,28.8,43,43,34,14.9,15.1,14.4,947.1,947.1,946.6,1.7,////,5.8,-3.54,0.0
A702,02/10/2019,0,27.8,29.9,27.8,45,45,39,14.7,14.9,14.3,948.2,948.2,947.1,2.2,////,3.2,-3.54,0.0
A702,02/10/2019,1,27.5,28.4,27.3,48,48,43,15.4,15.4,14.7,949.1,949.1,948.2,2.3,////,3.4,-3.54,0.0
A702,02/10/2019,2,27.5,27.8,27.2,48,49,47,15.5,15.6,15.4,949.7,949.7,949.1,1.9,////,3.4,-3.54,0.0
A702,02/10/2019,3,28.4,28.4,27.5,45,48,45,15.4,15.5,15.3,949.8,949.8,949.6,1.9,////,3.1,-3.54,0.0
A702,02/10/2019,4,27.4,28.4,27.2,49,49,45,15.7,15.7,15.4,949.3,949.8,949.3,1.9,////,3.0,-3.54,0.0
A702,02/10/2019,5,27.4,28.0,27.0,50,50,47,16.0,16.0,15.6,948.9,949.3,948.9,1.9,////,3.1,-3.54,0.0
A702,02/10/2019,6,26.0,27.4,25.8,54,55,50,16.0,16.3,15.8,948.7,949.0,948.7,2.1,////,3.1,-3.54,0.0
A702,02/10/2019,7,25.2,26.4,25.1,61,61,53,17.1,17.2,16.0,949.1,949.1,948.7,2.3,////,4.8,-3.53,0.0
A702,02/10/2019,8,27.7,27.8,25.2,54,61,54,17.6,17.7,17.0,949.7,949.7,949.1,2.4,////,4.3,-3.53,0.0
A702,02/10/2019,9,26.0,27.7,26.0,58,59,54,17.2,17.7,17.1,950.3,950.3,949.6,3.5,////,6.9,-3.52,0.0
A702,02/10/2019,10,25.2,26.0,25.1,64,64,59,17.9,17.9,17.2,951.5,951.5,950.3,2.9,////,6.4,50.56,0.0
A702,02/10/2019,11,26.3,26.4,25.2,61,64,61,18.3,18.3,17.9,952.2,952.3,951.5,2.7,////,5.4,439.0,0.0
A702,02/10/2019,12,28.0,28.8,26.3,52,61,51,17.2,18.4,17.1,952.9,952.9,952.2,4.4,////,7.7,1350.,0.0
A702,02/10/2019,13,28.7,29.4,27.9,51,53,48,17.4,17.7,17.0,953.4,953.4,952.9,3.4,////,7.8,1784.,0.0
A702,02/10/2019,14,31.4,31.7,28.5,41,51,41,16.6,18.1,16.6,953.4,953.5,953.3,3.4,////,7.1,2628.,0.0
A702,02/10/2019,15,32.8,33.7,31.4,34,42,33,15.0,17.1,15.0,953.4,953.5,953.3,5.0,////,9.3,2646.,0.0
A702,02/10/2019,16,32.1,34.3,31.6,36,38,32,15.0,15.9,14.1,953.4,953.5,953.2,6.0,////,12.9,2808.,0.0
A702,02/10/2019,17,30.3,32.7,30.3,44,44,35,16.6,16.6,14.4,953.5,953.6,953.2,7.2,////,16.1,2564.,0.0
A702,02/10/2019,18,28.5,30.3,28.5,46,49,44,15.8,17.3,15.8,952.9,953.5,952.9,8.1,////,14.9,1366.,0.0
A702,02/10/2019,19,29.1,29.9,28.5,44,47,43,15.7,16.5,15.5,952.5,952.9,952.5,7.2,////,17.0,2124.,0.0
A702,02/10/2019,20,27.4,29.1,27.3,51,51,44,16.5,16.5,15.6,952.1,952.6,952.0,5.7,////,13.4,1344.,0.0
A702,02/10/2019,21,25.8,27.7,25.8,58,58,51,16.9,17.3,16.5,952.1,952.3,952.1,3.2,////,10.3,545.6,0.0
A702,02/10/2019,22,24.6,25.8,24.3,63,64,58,17.0,17.1,16.6,952.5,952.5,952.0,1.1,////,5.7,65.17,0.0
A702,02/10/2019,23,24.6,24.6,24.0,62,65,62,16.7,17.2,16.7,952.9,952.9,952.4,2.3,////,3.3,-3.52,0.0
A702,03/10/2019,0,24.7,24.9,23.4,62,66,61,16.8,17.0,16.6,953.5,953.5,952.9,2.9,////,5.1,-3.54,0.0
A702,03/10/2019,1,24.5,24.5,23.4,59,67,59,16.0,16.9,15.9,954.0,954.0,953.5,3.7,////,6.6,-3.48,0.0
A702,03/10/2019,2,23.1,24.8,23.1,65,65,58,16.2,16.2,16.0,953.8,954.1,953.7,2.5,////,6.6,-3.53,0.0
A702,03/10/2019,3,23.2,23.6,22.7,66,67,64,16.4,16.4,16.1,953.4,953.8,953.4,2.2,////,4.1,-3.54,0.0
A702,03/10/2019,4,22.4,23.4,21.9,70,72,66,16.7,16.7,16.4,952.9,953.4,952.9,2.7,////,4.7,-3.53,0.0
A702,03/10/2019,5,21.1,22.6,21.1,74,74,69,16.3,16.7,16.2,952.5,952.9,952.5,1.5,////,3.8,-3.54,0.0
A702,03/10/2019,6,22.3,22.4,20.6,68,75,68,16.1,16.5,15.9,952.3,952.5,952.3,1.3,////,2.7,-3.54,0.0
A702,03/10/2019,7,21.4,22.6,20.6,70,73,66,15.8,16.1,15.5,952.2,952.3,952.1,1.3,////,2.1,-3.53,0.0
A702,03/10/2019,8,20.6,22.3,20.6,72,72,67,15.5,16.0,15.3,952.4,952.4,952.2,0.0,////,2.0,-3.54,0.0
A702,03/10/2019,9,19.8,20.8,18.7,79,83,72,16.0,16.6,15.2,953.0,953.0,952.4,1.3,////,1.9,-3.53,0.0
A702,03/10/2019,10,20.6,20.8,19.1,78,82,75,16.6,16.7,15.7,953.5,953.5,953.0,0.0,////,1.9,67.60,0.0
A702,03/10/2019,11,25.9,25.9,20.6,60,80,59,17.4,17.8,16.5,954.3,954.3,953.5,1.1,////,1.9,682.7,0.0
A702,03/10/2019,12,27.7,28.1,25.9,49,60,48,16.1,17.3,16.0,955.1,955.1,954.3,2.8,////,4.6,1484.,0.0
A702,03/10/2019,13,29.4,30.2,27.6,45,50,44,16.1,16.6,16.0,955.2,955.3,955.1,1.9,////,4.7,2256.,0.0
A702,03/10/2019,14,31.7,32.0,29.4,39,45,38,15.9,16.5,15.7,954.9,955.2,954.9,2.2,////,4.7,2832.,0.0
A702,03/10/2019,15,33.3,33.5,30.9,31,39,31,14.1,15.9,13.7,954.3,954.9,954.3,1.6,////,4.4,3217.,0.0
A702,03/10/2019,16,33.8,35.5,33.1,30,32,27,13.7,14.3,13.1,953.3,954.3,953.3,3.0,////,6.2,3361.,0.0
A702,03/10/2019,17,35.2,35.8,33.7,26,30,26,12.9,13.9,12.9,952.1,953.3,952.1,2.7,////,6.2,3367.,0.0
A702,03/10/2019,18,34.1,36.0,34.1,27,27,24,12.5,13.7,12.0,951.2,952.0,951.2,2.1,////,6.3,2608.,0.0
A702,03/10/2019,19,35.4,36.5,34.1,26,27,23,12.9,13.0,11.6,950.4,951.2,950.3,2.8,////,8.3,1993.,0.0
A702,03/10/2019,20,35.5,36.1,34.0,24,27,24,12.1,13.2,11.8,950.5,950.5,950.4,2.5,////,8.3,1558.,0.0
A702,03/10/2019,21,32.9,35.6,32.7,30,32,24,13.0,13.9,11.8,951.0,951.0,950.5,1.1,////,5.8,861.4,0.0
A702,03/10/2019,22,30.4,32.9,30.3,39,39,30,14.7,14.8,12.9,951.4,951.4,951.0,2.5,////,4.1,140.8,0.0
A702,03/10/2019,23,28.2,30.4,27.3,49,54,38,16.3,16.9,14.6,952.5,952.5,951.4,2.3,////,4.9,-3.52,0.0
A702,04/10/2019,0,28.3,28.7,28.2,46,49,44,15.5,16.2,15.1,952.7,952.7,952.3,3.8,////,5.3,-3.47,0.0
A702,04/10/2019,1,28.0,28.3,27.4,47,49,46,15.7,15.9,15.4,952.8,952.8,952.7,2.3,////,5.0,-3.53,0.0
A702,04/10/2019,2,27.0,28.2,27.0,51,52,46,15.9,16.2,15.4,953.1,953.1,952.8,1.1,////,3.2,-3.48,0.0
A702,04/10/2019,3,26.8,27.3,26.3,52,55,49,16.2,16.3,15.7,952.8,953.1,952.8,0.6,////,1.8,-3.53,0.0
A702,04/10/2019,4,25.3,26.9,24.7,57,60,51,16.2,16.5,15.9,952.2,952.8,952.2,1.5,////,2.6,-3.54,0.0
A702,04/10/2019,5,24.5,25.3,24.0,59,61,57,16.1,16.6,15.8,952.0,952.2,952.0,2.1,////,3.2,-3.54,0.0
A702,04/10/2019,6,24.6,25.2,23.8,59,63,57,16.1,16.3,15.9,951.4,952.0,951.3,1.2,////,2.8,-3.54,0.0
A702,04/10/2019,7,23.1,24.6,23.0,66,66,59,16.3,16.5,16.1,951.4,951.5,951.3,1.5,////,2.4,-3.54,0.0
A702,04/10/2019,8,23.7,23.8,22.6,64,69,64,16.5,16.9,16.3,951.6,951.6,951.4,2.2,////,3.6,-3.54,0.0
A702,04/10/2019,9,23.1,24.4,23.0,64,65,59,15.9,16.5,15.7,952.2,952.2,951.6,2.1,////,2.6,-3.53,0.0
A702,04/10/2019,10,24.0,24.0,22.0,62,68,62,16.3,16.3,15.7,952.7,952.7,952.2,2.4,////,3.8,74.45,0.0
A702,04/10/2019,11,28.2,28.2,24.0,49,62,48,16.4,17.3,16.2,953.4,953.4,952.7,2.7,////,4.0,667.9,0.0
A702,04/10/2019,12,30.8,30.8,28.2,41,49,41,16.1,16.7,15.9,953.7,953.8,953.4,2.6,////,5.1,1492.,0.0
A702,04/10/2019,13,32.6,32.8,30.4,35,42,35,15.3,16.0,15.0,953.7,953.8,953.7,2.7,////,5.7,2252.,0.0
A702,04/10/2019,14,33.5,33.9,31.5,35,37,33,15.7,15.7,14.6,953.5,953.7,953.5,1.6,////,6.3,2694.,0.0
A702,04/10/2019,15,34.9,35.9,33.4,28,35,27,13.8,15.7,13.5,952.7,953.5,952.7,1.4,////,5.1,3174.,0.0
A702,04/10/2019,16,34.2,36.7,34.1,29,30,26,13.9,14.5,12.6,951.7,952.7,951.7,1.9,////,6.0,1784.,0.0
A702,04/10/2019,17,31.7,34.4,31.4,37,38,29,15.1,15.4,13.7,951.1,951.7,951.1,3.9,////,6.6,707.5,0.0
A702,04/10/2019,18,32.3,32.9,30.6,35,41,34,15.1,16.1,14.3,949.6,951.1,949.6,3.7,////,7.6,1082.,0.0
A702,04/10/2019,19,28.2,34.8,28.0,50,51,31,16.9,17.4,14.4,950.5,950.5,949.5,3.8,////,9.8,1084.,0.0
A702,04/10/2019,20,27.4,28.5,27.4,56,57,50,17.9,18.0,16.9,950.1,950.5,950.1,1.3,////,6.8,314.3,0.0
A702,04/10/2019,21,27.1,27.5,27.1,55,56,51,17.2,17.8,16.6,949.6,950.1,949.6,0.8,////,3.7,217.3,0.0
A702,04/10/2019,22,25.8,27.1,25.8,61,62,54,17.8,17.9,17.1,950.2,950.2,949.5,1.6,////,2.4,33.07,0.0
A702,04/10/2019,23,26.5,26.6,25.8,56,61,55,17.0,17.8,16.8,950.7,950.7,950.2,2.8,////,4.4,-3.53,0.0
A702,05/10/2019,0,25.7,26.5,25.7,60,60,56,17.4,17.6,17.0,951.2,951.3,950.7,3.4,////,5.4,-3.16,0.0
A702,05/10/2019,1,23.9,25.9,23.7,72,73,59,18.6,18.7,17.3,951.7,951.9,951.2,5.2,////,7.8,-3.39,0.4
A702,05/10/2019,2,24.7,24.8,23.8,68,72,66,18.4,18.6,18.1,952.0,952.2,951.7,3.3,////,7.8,-1.42,0.0
A702,05/10/2019,3,24.8,24.8,24.4,67,70,67,18.3,18.6,18.2,951.6,952.0,951.6,3.1,////,5.5,-2.81,0.0
A702,05/10/2019,4,24.8,25.1,24.5,64,67,64,17.6,18.3,17.6,951.3,951.6,951.3,2.9,////,4.2,-3.47,0.0
A702,05/10/2019,5,25.9,25.9,24.6,58,65,58,17.0,17.6,17.0,950.7,951.3,950.7,3.3,////,4.8,-3.23,0.0
A702,05/10/2019,6,25.5,25.9,25.3,60,61,58,17.1,17.2,17.0,950.3,950.7,950.3,2.6,////,4.8,-3.24,0.0
A702,05/10/2019,7,24.6,25.7,24.5,63,64,58,17.1,17.2,16.6,950.3,950.4,950.3,0.5,////,3.5,-2.86,0.0
A702,05/10/2019,8,23.8,24.6,23.8,70,70,63,17.8,18.0,17.0,950.5,950.5,950.3,1.1,////,2.0,-2.66,0.0
A702,05/10/2019,9,25.6,25.7,23.5,56,70,56,16.2,17.8,16.2,950.6,950.8,950.5,3.0,////,5.7,-2.80,0.0
A702,05/10/2019,10,25.5,25.7,25.0,57,60,56,16.5,16.7,16.1,951.6,951.6,950.6,2.5,////,5.7,38.27,0.0
A702,05/10/2019,11,26.1,26.3,24.4,60,69,57,17.8,18.4,16.3,952.5,952.6,951.6,3.1,////,8.1,641.3,0.0
A702,05/10/2019,12,27.5,27.5,26.1,53,60,51,17.1,17.9,16.6,952.2,952.5,952.0,0.8,////,5.9,863.9,0.0
A702,05/10/2019,13,28.4,28.4,27.0,46,55,45,15.8,17.3,15.3,952.2,952.4,952.2,0.8,////,2.3,666.8,0.0
A702,05/10/2019,14,29.4,29.6,28.0,44,48,43,15.8,16.4,15.5,952.1,952.2,952.0,1.2,////,3.3,1143.,0.0
A702,05/10/2019,15,28.3,30.5,28.3,52,52,39,17.5,17.5,14.5,951.7,952.1,951.7,2.3,////,3.7,1125.,0.0
A702,05/10/2019,16,29.5,30.1,27.6,46,58,45,16.8,18.7,16.4,951.3,951.7,951.2,2.4,////,4.6,1313.,0.0
A702,05/10/2019,17,30.0,30.3,27.9,48,59,44,17.7,19.5,16.4,950.0,951.3,950.0,2.9,////,5.5,1489.,0.2
A702,05/10/2019,18,29.8,31.5,29.8,47,48,42,17.3,17.4,16.0,949.4,950.0,949.3,2.1,////,6.2,1597.,0.0
A702,05/10/2019,19,24.9,30.1,24.9,71,71,45,19.2,19.2,16.3,950.1,950.1,949.4,6.2,////,14.8,402.9,0.0
A702,05/10/2019,20,23.1,24.8,23.0,74,77,71,18.2,19.4,18.2,950.5,950.5,950.0,3.0,////,12.5,352.7,0.0
A702,05/10/2019,21,23.0,23.5,22.8,78,78,74,18.9,19.1,18.2,950.8,950.8,950.4,4.2,////,7.7,416.9,0.0
A702,05/10/2019,22,22.6,23.1,22.5,79,79,77,18.7,18.9,18.6,951.2,951.4,950.8,2.6,////,7.1,93.75,0.0
A702,05/10/2019,23,22.2,22.7,22.2,78,79,76,18.2,18.7,18.2,951.8,951.8,951.2,3.0,////,5.1,-3.43,0.0
A702,06/10/2019,0,21.5,22.2,21.3,85,87,78,18.9,19.0,18.1,952.8,952.8,951.8,2.1,////,4.5,-3.16,0.0
A702,06/10/2019,1,21.4,21.6,21.4,85,86,84,18.8,19.2,18.7,953.3,953.3,952.8,4.2,////,7.0,-1.86,0.0
A702,06/10/2019,2,21.1,21.4,21.1,84,85,84,18.3,18.8,18.3,953.6,953.6,953.2,5.2,////,7.7,-0.85,0.0
A702,06/10/2019,3,20.1,21.1,20.1,84,86,84,17.4,18.3,17.4,953.3,953.6,953.3,4.8,////,9.0,-1.36,0.0
A702,06/10/2019,4,19.4,20.1,19.4,83,85,83,16.5,17.4,16.5,952.9,953.4,952.9,4.9,////,9.0,-2.45,0.0
A702,06/10/2019,5,19.0,19.4,19.0,85,86,83,16.5,16.7,16.4,953.1,953.3,952.8,3.6,////,7.5,-0.99,0.0
A702,06/10/2019,6,19.1,19.1,19.0,85,85,85,16.5,16.5,16.5,952.8,953.2,952.6,1.7,////,7.0,55,0.0
A702,06/10/2019,7,18.9,19.1,18.9,85,86,84,16.3,16.6,16.2,952.7,952.8,952.5,2.6,////,5.0,-1.23,0.0
A702,06/10/2019,8,18.8,18.9,18.8,85,86,84,16.2,16.4,16.1,953.3,953.3,952.7,2.1,////,4.9,-1.77,0.0
A702,06/10/2019,9,18.6,18.8,18.6,85,86,85,16.1,16.3,16.1,953.7,953.7,953.3,1.7,////,3.2,-0.91,0.0
A702,06/10/2019,10,18.6,18.6,18.5,86,86,85,16.2,16.2,16.1,955.2,955.2,953.6,0.3,////,3.7,4427,0.0
A702,06/10/2019,11,18.5,18.7,18.5,86,86,85,16.2,16.3,16.2,956.1,956.2,955.2,2.0,////,3.7,40.99,0.0
A702,06/10/2019,12,17.8,18.6,17.7,94,94,86,16.8,16.9,16.2,956.2,956.5,956.2,3.1,////,5.6,108.1,4.6
A702,06/10/2019,13,18.2,18.2,17.8,94,94,94,17.2,17.2,16.8,955.9,956.2,955.4,3.2,////,8.7,341.6,1.4
A702,06/10/2019,14,18.9,19.1,18.1,90,94,90,17.3,17.6,17.1,956.1,956.2,955.9,4.3,////,7.3,644.9,0.0
A702,06/10/2019,15,19.5,19.6,18.9,88,91,87,17.5,17.7,17.1,956.1,956.2,956.0,3.1,////,6.8,619.0,0.0
A702,06/10/2019,16,20.0,20.2,19.5,85,88,84,17.3,17.8,17.1,955.5,956.1,955.5,3.2,////,5.9,726.5,0.0
A702,06/10/2019,17,22.0,22.0,19.9,77,86,77,17.8,18.0,17.2,954.4,955.5,954.4,3.6,////,5.7,869.5,0.0
A702,06/10/2019,18,20.7,22.3,20.7,81,81,76,17.4,18.1,17.2,953.9,954.4,953.8,3.2,////,6.3,755.4,0.0
A702,06/10/2019,19,19.5,20.7,19.5,88,89,81,17.5,17.7,17.1,953.6,953.9,953.4,3.4,////,5.5,217.0,0.0
A702,06/10/2019,20,19.2,19.5,19.1,91,91,88,17.6,17.8,17.3,953.6,953.6,953.5,2.5,////,5.5,196.3,0.4
A702,06/10/2019,21,18.8,19.2,18.8,93,94,91,17.6,17.8,17.5,954.0,954.0,953.6,3.2,////,5.6,99.32,0.4
A702,06/10/2019,22,18.7,18.9,18.7,93,93,92,17.6,17.7,17.5,954.4,954.4,954.0,2.7,////,5.3,17.72,0.0
A702,06/10/2019,23,18.5,18.8,18.5,92,94,91,17.3,17.7,17.2,954.6,954.6,954.4,3.3,////,7.6,-1.78,0.0
A702,07/10/2019,0,18.3,18.6,18.3,87,93,87,16.2,17.4,16.2,955.4,955.5,954.7,4.5,////,7.9,19,0.0
A702,07/10/2019,1,18.2,18.3,18.1,88,90,87,16.1,16.5,16.1,956.1,956.1,955.5,4.1,////,7.9,-0.27,0.0
A702,07/10/2019,2,18.4,18.4,18.2,86,88,86,16.0,16.2,16.0,956.2,956.3,956.1,4.1,////,7.2,-2.79,0.0
A702,07/10/2019,3,18.4,18.5,18.3,86,87,86,16.1,16.1,16.0,955.9,956.2,955.9,4.5,////,7.7,-1.82,0.0
A702,07/10/2019,4,18.3,18.4,18.2,87,88,86,16.1,16.2,16.1,955.3,955.9,955.3,4.0,////,7.1,-2.45,0.0
A702,07/10/2019,5,18.2,18.4,18.2,88,88,87,16.2,16.2,16.1,954.6,955.3,954.6,3.3,////,7.0,-2.52,0.0
A702,07/10/2019,6,18.0,18.2,18.0,90,90,88,16.3,16.3,16.2,953.7,954.6,953.7,4.0,////,6.6,-3.41,0.2
A702,07/10/2019,7,18.0,18.2,18.0,89,90,89,16.2,16.3,16.2,953.6,953.7,953.5,2.7,////,6.5,-3.25,0.0
A702,07/10/2019,8,17.8,18.1,17.8,89,89,88,16.1,16.2,16.0,953.3,953.6,953.2,2.5,////,4.8,-3.37,0.0
A702,07/10/2019,9,17.6,17.8,17.6,91,91,89,16.2,16.2,16.0,953.8,953.8,953.3,2.0,////,3.5,-3.12,0.0
A702,07/10/2019,10,17.9,17.9,17.4,92,94,91,16.6,16.6,16.2,954.4,954.4,953.8,2.0,////,3.5,41.69,0.0
A702,07/10/2019,11,18.3,18.3,17.9,91,94,90,16.7,16.9,16.6,955.2,955.2,954.4,2.9,////,4.8,174.6,0.0
A702,07/10/2019,12,18.6,18.8,18.3,91,91,90,17.1,17.3,16.7,955.8,955.8,955.2,3.3,////,5.4,310.4,0.0
A702,07/10/2019,13,18.8,18.9,18.4,91,92,91,17.3,17.3,17.0,956.1,956.1,955.8,3.5,////,6.1,374.0,0.0
A702,07/10/2019,14,20.1,20.1,18.8,87,91,86,17.8,17.8,17.2,955.5,956.1,955.5,3.4,////,6.1,786.3,0.0
A702,07/10/2019,15,21.8,22.0,20.1,78,87,78,17.8,18.6,17.4,955.5,955.7,955.3,2.8,////,5.3,1212.,0.0
A702,07/10/2019,16,20.4,22.0,20.3,84,85,76,17.6,17.9,17.1,955.2,955.6,955.2,2.7,////,6.8,461.5,0.0
A702,07/10/2019,17,23.9,24.1,20.4,69,84,69,17.9,18.6,17.6,953.6,955.2,953.6,3.6,////,6.3,1590.,0.0
A702,07/10/2019,18,25.9,26.2,23.6,62,71,61,18.0,18.5,17.2,953.1,953.6,953.1,1.9,////,6.6,2572.,0.0
A702,07/10/2019,19,25.6,26.2,24.3,62,66,60,17.7,18.0,17.0,953.1,953.2,952.9,3.4,////,5.9,1885.,0.0
A702,07/10/2019,20,24.5,25.6,24.2,65,66,62,17.4,17.8,17.3,953.0,953.1,952.9,4.5,////,7.2,916.5,0.0
A702,07/10/2019,21,23.7,24.5,23.7,68,68,65,17.5,17.6,17.2,952.7,953.0,952.6,3.1,////,7.0,339.6,0.0
A702,07/10/2019,22,22.5,23.7,22.5,75,75,68,17.8,17.8,17.4,953.0,953.0,952.7,2.5,////,5.1,46.12,0.0
A702,07/10/2019,23,22.6,22.6,22.3,73,75,73,17.5,17.8,17.5,953.5,953.5,953.0,2.9,////,4.6,-3.49,0.0
A702,08/10/2019,0,21.9,22.6,21.9,78,78,73,17.9,17.9,17.5,953.9,954.0,953.5,3.2,////,5.1,-3.31,0.0
A702,08/10/2019,1,21.2,21.9,21.2,81,81,78,17.8,17.9,17.7,954.0,954.1,953.9,3.8,////,5.5,-3.53,0.0
A702,08/10/2019,2,20.7,21.3,20.5,83,84,81,17.7,17.9,17.7,954.1,954.2,953.9,3.5,////,6.3,-3.54,0.0
A702,08/10/2019,3,20.7,20.7,20.3,82,84,82,17.5,17.7,17.5,953.6,954.1,953.5,4.6,////,6.4,-3.54,0.0
A702,08/10/2019,4,20.4,20.9,20.3,82,82,80,17.2,17.5,17.1,953.5,953.7,953.5,3.9,////,6.6,-3.54,0.0
A702,08/10/2019,5,19.9,20.6,19.7,84,86,82,17.2,17.3,17.2,953.3,953.6,953.2,3.7,////,6.6,-3.50,0.0
A702,08/10/2019,6,20.4,20.4,19.8,79,85,79,16.6,17.2,16.6,952.4,953.3,952.4,4.2,////,6.6,-3.09,0.0
A702,08/10/2019,7,20.3,20.4,20.1,77,80,76,16.1,16.6,16.0,952.3,952.6,952.3,3.7,////,6.5,-3.48,0.0
A702,08/10/2019,8,20.4,20.5,20.2,74,77,74,15.6,16.0,15.6,952.4,952.4,952.0,3.7,////,7.1,-3.52,0.0
A702,08/10/2019,9,20.4,20.5,20.3,74,75,73,15.6,15.6,15.4,953.0,953.1,952.4,3.7,////,6.1,-3.51,0.0
A702,08/10/2019,10,20.6,20.6,20.4,74,75,73,15.8,15.9,15.5,953.9,953.9,953.0,3.2,////,6.1,36.09,0.0
A702,08/10/2019,11,21.3,21.3,20.6,73,75,73,16.3,16.3,15.8,954.9,954.9,953.8,3.3,////,7.4,267.3,0.0
A702,08/10/2019,12,23.4,23.4,21.3,65,73,64,16.4,16.5,16.1,955.8,955.8,954.9,3.4,////,5.7,864.2,0.0
A702,08/10/2019,13,23.4,23.6,22.9,66,68,63,16.7,17.1,16.1,956.1,956.1,955.8,2.1,////,6.1,699.6,0.0
A702,08/10/2019,14,24.8,25.0,23.2,61,70,60,16.8,17.5,16.4,956.0,956.2,956.0,2.7,////,4.7,1063.,0.0
A702,08/10/2019,15,25.4,25.5,24.6,59,63,59,16.8,17.5,16.6,955.9,956.1,955.7,1.5,////,5.4,1174.,0.0
A702,08/10/2019,16,25.9,26.1,25.3,56,60,56,16.5,17.2,16.5,955.3,956.0,955.0,1.4,////,5.3,1091.,0.0
A702,08/10/2019,17,27.5,27.6,25.8,51,58,51,16.6,17.1,16.4,954.5,955.3,954.5,2.8,////,4.8,1352.,0.0
A702,08/10/2019,18,27.9,28.4,27.2,50,52,49,16.4,16.9,16.2,953.6,954.5,953.6,1.0,////,4.6,1571.,0.0
A702,08/10/2019,19,27.1,27.9,27.0,52,53,49,16.3,16.7,16.1,952.4,953.6,952.4,2.0,////,3.7,808.1,0.0
A702,08/10/2019,20,26.7,27.3,26.7,53,54,52,16.3,16.7,16.3,952.9,953.0,952.4,2.2,////,3.8,523.2,0.0
A702,08/10/2019,21,25.6,26.7,25.6,60,60,53,17.3,17.3,16.2,953.1,953.1,952.7,1.5,////,3.5,204.2,0.0
A702,08/10/2019,22,24.4,25.6,24.3,67,67,60,17.7,17.8,17.1,953.3,953.4,953.0,3.1,////,5.0,29.03,0.0
A702,08/10/2019,23,23.6,24.4,23.4,68,69,66,17.3,17.7,17.3,953.7,954.0,953.3,2.8,////,5.1,-3.53,0.0
A702,09/10/2019,0,23.0,23.6,22.9,70,71,68,17.3,17.3,17.2,954.3,954.4,953.6,2.9,////,5.5,-3.54,0.0
A702,09/10/2019,1,22.6,23.1,22.6,71,72,70,17.2,17.4,17.2,955.3,955.3,954.3,2.8,////,5.4,-3.54,0.0
A702,09/10/2019,2,22.4,22.7,22.2,70,73,70,16.8,17.2,16.7,955.1,955.5,955.1,3.3,////,5.7,-3.54,0.0
A702,09/10/2019,3,21.9,22.7,21.6,70,71,67,16.1,16.8,16.1,954.9,955.1,954.9,3.0,////,7.2,-3.54,0.0
A702,09/10/2019,4,21.7,22.2,21.7,70,70,69,16.0,16.2,16.0,954.2,954.9,954.2,3.2,////,5.9,-3.54,0.0
A702,09/10/2019,5,21.6,21.8,21.3,70,72,70,15.8,16.1,15.8,953.5,954.2,953.5,3.3,////,5.2,-3.54,0.0
A702,09/10/2019,6,21.6,21.7,21.3,69,70,68,15.6,15.8,15.6,953.3,953.5,953.3,3.0,////,4.6,-3.54,0.0
A702,09/10/2019,7,21.4,21.7,21.1,70,71,68,15.7,15.7,15.5,953.1,953.3,953.0,2.7,////,5.1,-3.54,0.0
A702,09/10/2019,8,20.6,21.6,20.5,77,77,70,16.4,16.4,15.7,953.5,953.6,953.1,2.4,////,4.5,-3.54,0.0
A702,09/10/2019,9,20.6,20.8,20.1,79,80,77,16.9,17.0,16.4,954.0,954.0,953.5,2.9,////,3.9,-3.54,0.0
A702,09/10/2019,10,20.8,20.8,20.1,80,83,79,17.3,17.3,16.8,954.7,954.7,954.0,1.8,////,3.9,75.28,0.0
A702,09/10/2019,11,23.0,23.0,20.8,75,80,75,18.3,18.5,17.3,955.7,955.7,954.7,1.3,////,2.8,512.2,0.0
A702,09/10/2019,12,25.2,25.7,23.0,62,75,61,17.3,18.6,17.3,955.9,956.0,955.6,4.3,////,7.0,1447.,0.0
A702,09/10/2019,13,27.2,27.5,25.0,53,63,52,16.8,17.9,16.8,956.0,956.1,955.9,4.9,////,7.5,1313.,0.0
A702,09/10/2019,14,28.5,30.1,27.0,49,54,47,16.8,17.4,16.7,955.9,956.0,955.8,5.4,////,9.3,2961.,0.0
A702,09/10/2019,15,31.1,31.5,28.6,40,49,39,15.9,17.2,15.7,955.1,955.9,955.1,4.0,////,9.3,2677.,0.0
A702,09/10/2019,16,31.7,32.6,30.2,36,41,35,14.6,16.0,14.4,954.0,955.2,954.0,3.3,////,7.7,3647.,0.0
A702,09/10/2019,17,31.3,32.7,30.9,35,36,31,14.1,14.6,13.0,952.9,954.0,952.9,3.1,////,7.9,3383.,0.0
A702,09/10/2019,18,33.4,33.5,31.2,30,36,30,13.7,14.8,12.9,952.1,952.9,952.0,4.1,////,8.2,2625.,0.0
A702,09/10/2019,19,33.0,33.4,31.2,30,34,29,13.2,14.0,12.2,951.5,952.1,951.4,3.3,////,7.7,2221.,0.0
A702,09/10/2019,20,32.3,33.2,31.4,28,31,28,11.5,13.2,11.5,951.2,951.5,951.2,3.1,////,9.4,1416.,0.0
A702,09/10/2019,21,31.7,33.0,31.7,28,28,27,10.9,12.0,10.4,951.2,951.2,951.1,2.6,////,6.2,819.8,0.0
A702,09/10/2019,22,28.3,31.8,28.3,39,39,28,12.9,13.0,10.7,951.4,951.4,951.2,2.3,////,6.4,119.0,0.0
A702,09/10/2019,23,27.3,28.3,26.5,43,45,39,13.6,13.8,13.0,951.7,951.7,951.3,2.8,////,4.6,-3.54,0.0
A702,10/10/2019,0,25.9,27.7,25.7,48,49,42,14.2,14.2,13.4,952.4,952.4,951.7,2.4,////,4.2,-3.54,0.0
A702,10/10/2019,1,25.8,26.0,24.9,48,52,48,14.0,14.4,14.0,952.8,952.8,952.4,3.3,////,4.9,-3.54,0.0
A702,10/10/2019,2,24.9,25.9,24.8,51,51,48,14.1,14.2,13.8,952.8,952.9,952.8,2.9,////,4.9,-3.54,0.0
A702,10/10/2019,3,26.1,26.1,24.5,49,53,48,14.6,14.6,14.1,952.4,952.8,952.4,4.6,////,7.5,-3.54,0.0
A702,10/10/2019,4,24.9,26.2,24.7,55,56,49,15.3,15.3,14.6,951.8,952.4,951.8,4.9,////,9.0,-3.54,0.0
A702,10/10/2019,5,22.9,24.9,22.9,63,63,55,15.4,15.5,15.2,951.4,951.8,951.4,2.2,////,8.3,-3.54,0.0
A702,10/10/2019,6,22.8,23.2,21.5,67,70,63,16.3,16.3,15.4,950.9,951.4,950.9,2.5,////,4.4,-3.54,0.0
A702,10/10/2019,7,22.3,23.4,22.2,69,69,65,16.4,16.5,16.2,950.6,950.9,950.6,1.9,////,5.0,-3.54,0.0
A702,10/10/2019,8,22.4,23.4,22.3,70,70,66,16.7,16.8,16.3,951.0,951.0,950.5,2.5,////,4.8,-3.54,0.0
A702,10/10/2019,9,22.2,23.1,22.0,72,72,68,16.8,17.0,16.5,951.8,951.9,951.0,1.5,////,5.7,-3.54,0.0
A702,10/10/2019,10,24.1,24.1,21.8,67,73,67,17.6,17.7,16.5,952.6,952.7,951.8,3.1,////,5.5,116.7,0.0
A702,10/10/2019,11,26.3,26.3,24.1,59,67,59,17.7,17.9,17.6,953.7,953.7,952.6,6.1,////,10.4,821.1,0.0
A702,10/10/2019,12,28.2,28.3,26.3,53,59,53,17.8,17.9,17.7,954.4,954.4,953.7,5.1,////,11.1,1676.,0.0
A702,10/10/2019,13,29.8,30.4,28.0,48,54,46,17.5,18.0,17.3,954.6,954.6,954.4,4.8,////,9.5,2386.,0.0
A702,10/10/2019,14,30.4,32.4,29.8,42,48,38,16.2,17.5,15.7,954.4,954.7,954.3,6.4,////,11.5,2814.,0.0
A702,10/10/2019,15,33.2,33.3,30.1,35,44,35,15.6,16.9,15.4,953.5,954.4,953.5,4.9,////,10.4,2941.,0.0
A702,10/10/2019,16,34.5,34.7,31.9,31,38,31,14.8,16.1,14.4,952.4,953.5,952.4,3.8,////,9.3,3022.,0.0
A702,10/10/2019,17,33.9,34.4,32.4,32,34,30,15.0,15.0,13.7,951.3,952.4,951.3,2.8,////,7.9,1521.,0.0
A702,10/10/2019,18,33.4,35.3,32.8,32,33,30,14.5,15.4,13.9,950.1,951.3,950.1,3.8,////,6.9,1700.,0.0
A702,10/10/2019,19,32.9,34.9,32.8,33,33,29,14.3,14.7,14.0,949.4,950.1,949.4,3.4,////,6.9,1228.,0.0
A702,10/10/2019,20,32.8,33.4,32.7,34,35,32,14.9,15.0,14.3,949.4,949.4,949.3,2.5,////,6.3,529.7,0.0
A702,10/10/2019,21,31.3,32.8,31.3,39,39,33,15.5,15.5,14.5,949.5,949.6,949.4,2.9,////,5.3,271.1,0.0
A702,10/10/2019,22,29.2,31.3,29.2,45,45,39,16.0,16.0,15.1,950.0,950.0,949.5,3.5,////,9.7,32.71,0.0
A702,10/10/2019,23,27.4,29.2,27.4,52,52,45,16.8,16.8,16.0,950.3,950.3,949.9,4.2,////,8.2,-3.53,0.0
A702,11/10/2019,0,26.8,27.4,26.8,55,55,52,16.9,17.0,16.7,950.9,950.9,950.3,3.6,////,6.6,-3.54,0.0
A702,11/10/2019,1,26.7,27.2,26.5,55,56,53,16.9,17.0,16.8,951.8,951.8,950.9,3.6,////,6.5,-3.52,0.0
A702,11/10/2019,2,25.8,26.8,25.6,60,60,54,17.3,17.3,16.8,952.3,952.3,951.8,3.8,////,6.3,-3.52,0.0
A702,11/10/2019,3,25.9,25.9,25.4,62,63,59,17.9,17.9,17.2,951.6,952.3,951.6,4.7,////,7.8,-3.54,0.0
A702,11/10/2019,4,25.2,25.9,25.2,63,63,62,17.7,18.0,17.7,951.6,951.6,951.5,4.2,////,7.7,-3.54,0.0
A702,11/10/2019,5,24.4,25.2,24.3,66,67,63,17.7,17.8,17.6,951.1,951.6,951.1,2.6,////,6.3,-3.54,0.0
A702,11/10/2019,6,23.4,24.4,23.4,71,71,66,17.7,17.8,17.6,950.8,951.1,950.8,2.0,////,4.0,-3.54,0.0
A702,11/10/2019,7,23.5,23.5,22.8,70,73,70,17.8,17.9,17.7,950.8,950.8,950.7,3.0,////,4.7,-3.54,0.0
A702,11/10/2019,8,23.0,23.6,22.8,71,72,70,17.3,17.8,17.3,951.1,951.1,950.7,3.4,////,4.7,-3.54,0.0
A702,11/10/2019,9,23.1,23.3,23.0,70,71,69,17.4,17.4,17.2,951.5,951.5,951.1,3.7,////,5.9,-3.54,0.0
A702,11/10/2019,10,23.4,23.4,22.6,70,73,69,17.7,17.7,17.3,952.0,952.0,951.5,2.4,////,5.2,120.0,0.0
A702,11/10/2019,11,26.9,26.9,23.4,57,70,57,17.6,18.1,17.6,952.7,952.7,952.0,3.2,////,5.9,815.7,0.0
A702,11/10/2019,12,29.5,29.8,26.9,42,57,41,15.2,17.8,15.2,953.4,953.4,952.7,4.0,////,7.3,1674.,0.0
A702,11/10/2019,13,31.6,31.9,29.5,37,42,37,15.2,15.5,14.6,953.8,953.8,953.4,4.2,////,8.5,2415.,0.0
A702,11/10/2019,14,32.3,33.2,31.0,36,38,34,15.2,15.4,14.4,953.6,953.8,953.6,4.7,////,9.1,2999.,0.0
A702,11/10/2019,15,34.1,34.1,32.0,32,37,32,14.9,15.4,14.1,952.9,953.6,952.9,5.2,////,9.9,3358.,0.0
A702,11/10/2019,16,33.7,35.1,33.1,31,33,29,14.3,15.1,14.1,951.9,953.0,951.9,5.7,////,12.8,3481.,0.0
A702,11/10/2019,17,34.9,35.2,33.7,29,31,28,14.3,14.6,13.6,951.0,951.9,951.0,5.3,////,13.8,3435.,0.0
A702,11/10/2019,18,35.4,35.9,33.5,28,32,28,14.1,14.9,13.0,950.8,951.1,950.8,4.6,////,10.7,2520.,0.0
A702,11/10/2019,19,34.4,35.7,33.7,29,30,27,13.7,14.2,13.3,950.6,950.9,950.6,4.1,////,9.2,2298.,0.0
A702,11/10/2019,20,33.7,35.1,33.6,30,30,28,13.8,14.1,13.3,950.2,950.7,950.2,5.1,////,9.7,1484.,0.0
A702,11/10/2019,21,32.4,33.8,32.4,32,32,30,13.8,14.0,13.7,950.2,950.4,950.1,4.9,////,10.2,798.7,0.0
A702,11/10/2019,22,30.4,32.4,30.4,38,38,32,14.7,14.7,13.8,951.0,951.0,950.2,2.3,////,8.9,115.4,0.0
A702,11/10/2019,23,28.9,30.4,28.9,42,42,38,14.7,15.1,14.6,951.5,952.0,951.0,2.5,////,5.0,-3.54,0.0
A702,12/10/2019,0,28.3,28.9,28.3,44,44,42,14.8,14.8,14.5,951.8,951.8,951.2,2.4,////,5.0,-3.54,0.0
A702,12/10/2019,1,27.5,28.3,27.3,47,48,44,15.2,15.2,14.8,952.4,952.4,951.8,2.2,////,4.8,-3.54,0.0
A702,12/10/2019,2,26.4,27.5,26.3,51,51,47,15.6,15.6,15.2,953.2,953.2,952.3,1.7,////,4.8,-3.54,0.0
A702,12/10/2019,3,24.4,26.4,24.4,59,59,51,15.8,15.9,15.5,952.9,953.2,952.9,2.2,////,4.3,-3.54,0.0
A702,12/10/2019,4,25.4,25.5,24.1,51,60,51,14.6,15.9,14.6,952.5,952.9,952.5,2.1,////,3.8,-3.54,0.0
A702,12/10/2019,5,24.1,25.4,24.1,54,54,51,14.1,14.6,14.1,952.0,952.5,952.0,1.5,////,3.6,-3.54,0.0
A702,12/10/2019,6,23.6,24.4,23.6,57,57,53,14.6,14.7,14.0,951.7,952.0,951.6,1.4,////,2.8,-3.54,0.0
A702,12/10/2019,7,23.1,24.2,22.7,59,60,55,14.8,14.8,14.5,951.8,951.8,951.7,1.0,////,2.7,-3.54,0.0
A702,12/10/2019,8,22.4,23.4,21.5,64,66,58,15.2,15.2,14.5,952.0,952.0,951.7,2.2,////,3.3,-3.54,0.0
A702,12/10/2019,9,23.2,23.4,22.4,60,64,60,15.2,15.3,15.1,952.5,952.5,952.0,2.1,////,3.5,-3.54,0.0
A702,12/10/2019,10,23.8,23.8,22.5,60,64,60,15.5,15.5,15.2,952.9,952.9,952.5,0.0,////,3.2,95.13,0.0
A702,12/10/2019,11,27.2,27.2,23.9,49,60,48,15.4,16.2,15.4,953.6,953.6,952.9,1.5,////,3.2,793.5,0.0
A702,12/10/2019,12,29.9,29.9,27.2,37,49,36,13.5,15.8,13.1,954.1,954.1,953.6,3.5,////,6.4,1652.,0.0
A702,12/10/2019,13,31.1,31.7,29.8,32,37,31,12.5,13.3,11.7,954.2,954.3,954.0,4.6,////,9.0,2429.,0.0
A702,12/10/2019,14,31.8,32.5,30.2,31,33,29,12.5,12.9,11.9,953.9,954.3,953.9,4.4,////,9.5,3016.,0.0
A702,12/10/2019,15,33.4,34.4,31.8,25,31,25,11.0,13.1,11.0,953.4,953.9,953.4,3.4,////,8.9,3380.,0.0
A702,12/10/2019,16,34.4,34.8,33.2,25,27,24,11.7,11.9,11.1,952.3,953.4,952.3,3.1,////,9.5,3506.,0.0
A702,12/10/2019,17,35.2,36.1,34.0,23,26,23,11.0,11.9,10.7,951.0,952.3,951.0,4.1,////,10.2,3330.,0.0
A702,12/10/2019,18,35.8,36.4,34.8,22,24,22,10.7,11.7,10.7,949.7,951.0,949.7,3.1,////,10.2,2996.,0.0
A702,12/10/2019,19,35.9,36.6,35.2,22,23,21,11.0,11.2,10.2,948.9,949.7,948.9,3.2,////,9.2,2304.,0.0
A702,12/10/2019,20,35.5,36.2,34.9,24,24,22,11.6,11.7,10.4,948.5,949.0,948.5,2.3,////,7.5,1477.,0.0
A702,12/10/2019,21,34.5,35.6,34.5,25,25,23,11.6,12.1,11.1,948.5,948.5,948.4,3.2,////,8.0,832.8,0.0
A702,12/10/2019,22,26.3,34.5,26.3,60,60,25,17.9,17.9,11.7,949.8,949.8,948.5,2.6,////,13.1,131.7,0.0
A702,12/10/2019,23,25.7,27.0,25.7,60,62,55,17.4,18.1,17.1,950.7,950.8,949.8,3.2,////,5.8,-3.54,0.0
A702,13/10/2019,0,25.1,26.3,25.1,59,61,52,16.6,17.4,15.7,950.8,951.0,950.6,2.5,////,5.8,-3.54,0.0
A702,13/10/2019,1,25.0,25.1,24.1,62,65,59,17.1,17.3,16.7,950.9,950.9,950.7,2.3,////,4.6,-3.54,0.0
A702,13/10/2019,2,24.9,25.3,24.3,62,65,57,17.2,17.6,15.9,951.2,951.2,950.9,2.9,////,4.6,-3.54,0.0
A702,13/10/2019,3,23.3,24.9,23.2,66,67,61,16.5,17.1,16.3,951.0,951.2,951.0,3.1,////,3.8,-3.54,0.0
A702,13/10/2019,4,25.2,25.8,23.1,51,66,49,14.3,16.5,14.1,950.6,951.0,950.6,3.2,////,5.7,-3.54,0.0
A702,13/10/2019,5,23.7,25.1,23.2,56,57,51,14.5,14.6,14.1,950.3,950.6,950.3,0.9,////,4.3,-3.54,0.0
A702,13/10/2019,6,23.9,24.1,22.7,56,61,55,14.5,14.9,14.4,950.0,950.3,950.0,2.6,////,4.0,-3.54,0.0
A702,13/10/2019,7,23.4,24.2,23.4,55,56,53,13.9,14.5,13.9,950.0,950.0,949.8,0.8,////,4.0,-3.54,0.0
A702,13/10/2019,8,24.1,25.2,23.4,53,55,49,13.8,14.1,13.6,950.2,950.2,949.9,2.2,////,4.7,-3.54,0.0
A702,13/10/2019,9,24.2,24.3,23.7,52,54,52,13.9,14.0,13.8,950.7,950.8,950.2,0.8,////,3.7,-3.54,0.0
A702,13/10/2019,10,25.1,25.2,23.4,51,55,50,14.2,14.3,13.7,951.3,951.4,950.7,2.4,////,4.2,56.44,0.0
A702,13/10/2019,11,28.2,28.2,25.1,43,51,43,14.5,15.0,14.2,952.1,952.1,951.3,1.7,////,3.9,529.9,0.0
A702,13/10/2019,12,31.0,31.0,28.2,33,43,33,12.9,14.6,12.5,952.7,952.7,952.1,4.3,////,7.7,1631.,0.0
A702,13/10/2019,13,31.6,32.1,30.4,33,34,32,13.4,13.7,12.5,953.3,953.3,952.7,4.6,////,10.2,2372.,0.0
A702,13/10/2019,14,33.9,33.9,31.5,31,34,31,14.2,14.5,13.3,952.9,953.3,952.9,3.4,////,8.9,2913.,0.0
A702,13/10/2019,15,34.8,35.1,33.2,27,32,27,12.9,14.9,12.9,952.5,952.9,952.5,3.6,////,8.6,3486.,0.0
A702,13/10/2019,16,34.9,35.9,33.9,26,29,25,12.7,13.8,12.4,951.3,952.5,951.3,3.8,////,11.0,2969.,0.0
A702,13/10/2019,17,34.3,36.4,34.1,27,27,24,12.5,13.4,11.4,950.2,951.4,950.2,3.5,////,11.0,1878.,0.0
A702,13/10/2019,18,35.2,37.2,34.3,27,27,23,13.4,13.4,12.0,949.7,950.2,949.5,3.1,////,9.5,2399.,0.0
A702,13/10/2019,19,25.4,35.2,25.1,61,63,27,17.2,17.8,13.4,951.4,951.6,949.7,3.7,////,14.5,829.0,0.2
A702,13/10/2019,20,23.7,25.4,23.1,69,79,61,17.7,19.4,17.0,951.9,952.0,950.9,3.8,////,8.5,78.99,0.6
A702,13/10/2019,21,22.1,23.7,22.0,84,84,69,19.3,19.3,17.8,952.0,952.1,951.8,1.5,////,8.5,29.50,1.0
A702,13/10/2019,22,24.1,24.1,21.6,66,86,66,17.4,20.0,17.4,951.9,952.0,951.6,3.3,////,4.8,8493,0.2
A702,13/10/2019,23,22.7,24.4,22.6,81,81,64,19.2,19.2,17.0,952.1,952.4,951.9,3.5,////,7.1,-0.20,0.0
A702,14/10/2019,0,22.9,23.9,22.3,74,82,66,18.1,19.3,16.8,952.1,952.5,952.1,3.6,////,8.1,-3.16,0.0
A702,14/10/2019,1,23.9,24.5,22.7,68,76,64,17.6,18.1,17.2,952.3,952.3,951.9,3.1,////,7.5,-3.25,0.0
A702,14/10/2019,2,24.1,25.0,23.9,65,68,61,17.2,17.5,16.9,952.9,953.0,952.3,3.0,////,6.3,-3.19,0.0
A702,14/10/2019,3,23.3,24.2,23.2,66,68,60,16.5,17.4,16.0,953.0,953.2,952.5,0.2,////,5.8,-3.36,0.0
A702,14/10/2019,4,23.6,23.9,22.6,61,69,58,15.6,16.9,15.3,952.6,953.0,952.6,3.3,////,5.1,-3.50,0.0
A702,14/10/2019,5,22.9,23.6,22.6,64,68,60,15.7,16.3,15.2,952.1,952.6,952.0,0.9,////,4.7,-3.25,0.0
A702,14/10/2019,6,22.3,23.2,22.3,67,67,62,15.7,15.9,15.5,951.1,952.1,951.1,0.9,////,3.5,-3.54,0.0
A702,14/10/2019,7,22.8,23.0,21.7,63,69,62,15.3,15.8,15.1,950.5,951.1,950.5,1.2,////,3.0,-3.39,0.0
A702,14/10/2019,8,22.1,23.5,22.1,65,65,59,15.3,15.4,15.0,950.7,950.8,950.5,1.2,////,3.2,-3.13,0.0
A702,14/10/2019,9,22.2,22.4,21.7,68,72,65,16.0,16.7,15.3,951.3,951.3,950.7,1.3,////,2.0,-3.24,0.0
A702,14/10/2019,10,23.3,23.6,21.9,65,72,62,16.3,16.8,15.6,951.7,951.7,951.3,0.3,////,2.2,105.9,0.0
A702,14/10/2019,11,26.6,26.7,23.0,52,69,51,16.0,17.9,15.8,952.9,952.9,951.7,2.0,////,3.5,756.1,0.0
A702,14/10/2019,12,27.9,28.0,26.5,45,53,44,14.7,16.3,14.7,953.5,953.6,952.9,2.0,////,5.6,1827.,0.0
A702,14/10/2019,13,31.3,31.8,27.9,34,46,34,13.6,15.2,13.4,953.8,953.8,953.5,2.5,////,4.6,2513.,0.0
A702,14/10/2019,14,32.5,32.9,30.4,32,37,30,13.5,14.5,12.6,953.8,953.9,953.7,2.5,////,6.0,2455.,0.0
A702,14/10/2019,15,31.5,33.1,31.3,34,34,30,13.6,14.2,13.0,953.7,953.9,953.7,2.9,////,6.9,2384.,0.0
A702,14/10/2019,16,32.0,32.3,31.3,35,36,33,14.5,14.8,13.8,953.0,953.7,953.0,2.3,////,6.7,1784.,0.0
A702,14/10/2019,17,34.2,34.2,31.6,30,36,30,14.2,15.2,13.7,952.0,953.0,952.0,1.9,////,5.3,2339.,0.0
A702,14/10/2019,18,32.9,34.7,32.9,33,33,29,14.5,15.2,13.3,951.0,952.0,951.0,2.6,////,6.3,2353.,0.0
A702,14/10/2019,19,34.4,35.1,32.9,30,33,29,14.3,15.1,13.4,950.4,951.0,950.4,2.3,////,6.4,2322.,0.0
A702,14/10/2019,20,34.1,35.0,33.5,28,31,27,13.2,14.5,12.9,949.9,950.4,949.9,2.6,////,6.2,1610.,0.0
A702,14/10/2019,21,28.8,34.1,28.8,49,49,28,17.1,17.1,13.2,951.1,951.2,949.9,5.8,////,10.4,740.1,0.0
A702,14/10/2019,22,27.0,28.8,27.0,56,56,49,17.6,17.6,16.9,951.5,951.5,951.1,5.2,////,13.0,61.16,0.0
A702,14/10/2019,23,26.5,27.0,26.5,59,59,56,17.7,18.0,17.6,952.1,952.1,951.5,3.0,////,7.8,-3.54,0.0
A702,15/10/2019,0,26.3,26.5,26.2,58,60,57,17.4,17.7,17.3,952.3,952.4,952.1,3.1,////,5.1,-3.53,0.0
A702,15/10/2019,1,25.4,26.3,25.3,62,62,58,17.6,17.7,17.4,953.0,953.0,952.3,3.2,////,5.0,-3.54,0.0
A702,15/10/2019,2,24.9,25.6,24.6,63,65,62,17.4,17.8,17.4,953.8,953.8,953.0,2.7,////,5.0,-3.54,0.0
A702,15/10/2019,3,23.8,25.3,23.8,67,67,62,17.4,17.5,17.3,954.1,954.1,953.8,1.5,////,5.4,-3.54,0.0
A702,15/10/2019,4,24.3,24.5,23.1,66,71,66,17.6,17.7,17.4,953.7,954.2,953.7,3.0,////,4.5,-3.54,0.0
A702,15/10/2019,5,22.2,24.4,22.2,80,80,66,18.5,18.6,17.6,953.4,953.8,953.4,1.4,////,4.9,-3.36,0.0
A702,15/10/2019,6,22.9,23.1,22.1,77,81,75,18.7,18.7,18.5,952.8,953.4,952.8,3.1,////,4.5,-3.16,0.0
A702,15/10/2019,7,22.7,22.9,22.3,78,80,77,18.7,18.8,18.7,952.6,952.8,952.6,2.5,////,4.8,-2.91,0.0
A702,15/10/2019,8,22.7,22.7,22.5,77,79,77,18.5,18.7,18.4,952.9,952.9,952.6,2.6,////,4.2,-3.17,0.0
A702,15/10/2019,9,23.5,23.5,22.5,71,78,71,17.8,18.5,17.8,953.6,953.6,952.9,2.9,////,5.2,-3.19,0.0
A702,15/10/2019,10,22.6,23.5,22.6,77,77,70,18.3,18.3,17.8,955.2,955.2,953.6,1.6,////,5.1,21.37,0.0
A702,15/10/2019,11,23.3,23.3,22.4,75,78,75,18.5,18.6,18.3,955.8,955.8,955.2,0.9,////,3.9,293.2,0.0
A702,15/10/2019,12,26.8,26.9,23.3,56,75,56,17.4,18.6,17.4,956.1,956.2,955.8,3.2,////,6.0,1304.,0.0
A702,15/10/2019,13,28.2,29.0,26.6,53,57,51,17.6,18.0,17.3,956.2,956.2,956.0,5.4,////,8.5,2478.,0.0
A702,15/10/2019,14,29.6,29.9,27.7,50,55,47,18.0,18.3,17.2,956.0,956.2,956.0,5.3,////,8.9,3038.,0.0
A702,15/10/2019,15,30.6,31.3,28.3,43,52,41,16.6,17.8,16.1,955.7,956.0,955.6,5.0,////,9.0,3456.,0.0
A702,15/10/2019,16,32.1,32.3,29.7,41,46,40,17.3,17.4,16.4,954.8,955.7,954.8,3.9,////,9.0,3609.,0.0
A702,15/10/2019,17,32.3,33.9,31.2,40,44,37,16.9,17.7,16.2,953.9,954.8,953.9,3.3,////,7.7,3338.,0.0
A702,15/10/2019,18,33.7,34.9,32.2,34,40,32,15.6,16.8,15.3,952.8,953.9,952.8,3.3,////,8.2,3319.,0.0
A702,15/10/2019,19,33.5,34.3,32.8,35,37,33,15.8,16.6,15.3,952.0,952.8,951.9,4.2,////,8.7,2298.,0.0
A702,15/10/2019,20,28.8,34.1,28.8,57,57,33,19.5,19.5,15.5,952.5,952.5,951.9,5.5,////,9.8,1442.,0.0
A702,15/10/2019,21,25.9,28.8,25.2,70,76,57,20.0,20.8,19.6,952.6,952.6,951.9,5.3,////,10.4,751.7,0.4
A702,15/10/2019,22,24.7,25.9,24.5,70,73,67,19.0,20.6,19.0,953.1,953.4,952.6,2.9,////,8.9,128.3,0.0
A702,15/10/2019,23,24.1,24.8,23.6,74,77,70,19.2,19.5,18.8,955.4,955.4,953.1,1.5,////,7.3,-2.95,0.0
A702,16/10/2019,0,23.7,24.4,23.7,75,76,71,19.1,19.4,18.7,954.7,955.5,954.7,3.5,////,6.2,-3.04,0.0
A702,16/10/2019,1,23.2,23.7,22.9,78,81,76,19.0,19.6,19.0,954.3,954.7,954.2,6.0,////,9.8,-3.50,0.4
A702,16/10/2019,2,22.0,23.2,22.0,79,79,70,18.3,19.1,17.3,954.4,954.4,954.2,5.1,////,10.7,-1.97,0.0
A702,16/10/2019,3,22.0,22.2,21.9,74,80,74,17.2,18.3,17.2,954.4,954.5,954.3,4.0,////,7.4,-3.50,0.0
A702,16/10/2019,4,21.9,22.4,21.7,73,75,69,16.8,17.2,16.5,954.1,954.4,953.9,4.1,////,6.7,-3.46,0.0
A702,16/10/2019,5,21.5,22.5,21.2,76,79,69,17.2,17.5,16.5,953.8,954.1,953.8,3.7,////,6.7,-2.79,0.0
A702,16/10/2019,6,22.1,22.3,21.5,74,77,72,17.4,17.4,16.8,953.3,953.8,953.3,3.5,////,6.2,-3.43,0.0
A702,16/10/2019,7,22.2,22.3,22.0,82,82,74,19.0,19.0,17.4,953.3,953.4,953.2,4.7,////,7.6,-3.40,0.0
A702,16/10/2019,8,22.6,22.6,22.1,83,83,82,19.5,19.5,19.0,953.3,953.4,953.2,5.6,////,8.1,-3.52,0.0
A702,16/10/2019,9,23.4,23.4,22.5,73,83,73,18.3,19.5,18.3,953.3,953.4,953.2,6.0,////,9.5,-3.40,0.0
A702,16/10/2019,10,23.4,23.6,23.3,71,74,70,17.9,18.3,17.9,953.7,953.7,953.3,6.1,////,10.9,28.97,0.0
A702,16/10/2019,11,23.3,23.4,23.3,69,72,69,17.3,18.0,17.3,954.3,954.3,953.7,7.2,////,12.9,141.3,0.0
A702,16/10/2019,12,23.5,23.6,23.3,67,69,67,17.0,17.3,16.9,955.3,955.3,954.3,2.7,////,12.9,274.4,0.0
A702,16/10/2019,13,24.4,24.4,23.5,64,67,64,17.1,17.3,16.8,955.1,955.3,955.1,4.5,////,7.0,597.6,0.0
A702,16/10/2019,14,26.5,26.5,24.4,58,64,58,17.5,17.6,17.1,955.2,955.2,955.1,2.8,////,6.9,1302.,0.0
A702,16/10/2019,15,29.3,29.4,26.2,47,58,47,16.9,17.6,16.5,954.9,955.2,954.9,2.7,////,4.9,1762.,0.0
A702,16/10/2019,16,30.2,32.2,29.3,45,48,39,16.8,17.4,15.9,954.2,954.9,954.2,3.3,////,7.2,2900.,0.0
A702,16/10/2019,17,32.5,33.4,30.2,38,44,37,16.5,17.2,15.8,953.1,954.2,953.1,4.3,////,7.1,3076.,0.0
A702,16/10/2019,18,33.1,33.6,31.6,36,40,35,16.2,17.1,15.8,952.0,953.1,952.0,2.9,////,7.8,2440.,0.0
A702,16/10/2019,19,33.4,34.7,33.0,35,36,32,16.0,16.5,15.2,951.4,952.0,951.4,3.1,////,7.0,2299.,0.0
A702,16/10/2019,20,33.5,34.2,33.0,33,35,33,15.0,16.2,14.9,950.7,951.4,950.7,3.5,////,6.7,1531.,0.0
A702,16/10/2019,21,29.7,34.0,29.7,51,51,32,18.4,18.5,14.6,951.1,951.1,950.6,3.7,////,8.1,794.9,0.0
A702,16/10/2019,22,27.8,29.6,27.8,55,55,51,18.0,18.5,18.0,951.4,951.4,951.1,3.8,////,6.5,108.8,0.0
A702,16/10/2019,23,26.4,27.8,26.4,59,59,55,17.7,18.0,17.6,952.0,952.0,951.3,3.0,////,5.3,-3.54,0.0
A702,17/10/2019,0,26.3,26.6,26.2,59,60,58,17.7,17.8,17.6,952.3,952.3,952.0,3.0,////,4.7,-3.54,0.0
A702,17/10/2019,1,26.0,26.4,25.7,59,60,58,17.4,17.7,17.4,952.7,952.7,952.3,2.4,////,5.2,-3.54,0.0
A702,17/10/2019,2,26.1,26.2,25.6,56,60,56,16.6,17.4,16.6,952.8,952.8,952.7,3.0,////,4.9,-3.54,0.0
A702,17/10/2019,3,27.3,27.3,26.1,51,56,51,16.1,16.6,16.1,952.6,952.8,952.6,3.5,////,5.1,-3.52,0.0
A702,17/10/2019,4,26.1,27.3,26.1,55,55,50,16.3,16.3,16.0,952.1,952.6,952.1,2.5,////,6.2,-3.53,0.0
A702,17/10/2019,5,24.5,26.1,23.8,64,68,55,17.3,17.7,16.3,951.6,952.1,951.6,2.7,////,5.0,-3.17,0.4
A702,17/10/2019,6,24.1,24.7,23.3,65,69,63,17.1,17.5,17.1,951.3,951.6,951.3,3.1,////,5.1,-3.17,0.0
A702,17/10/2019,7,24.0,24.5,22.7,64,72,62,16.7,17.3,16.6,951.3,951.4,951.2,3.6,////,5.7,-3.52,0.0
A702,17/10/2019,8,24.5,25.5,24.0,63,64,57,17.1,17.2,16.2,952.4,952.4,951.3,1.8,////,5.4,-3.21,0.0
A702,17/10/2019,9,23.1,24.6,23.1,69,70,63,17.1,17.3,16.9,952.9,952.9,952.4,2.4,////,4.0,-3.43,0.0
A702,17/10/2019,10,24.3,24.9,23.1,64,69,60,17.1,17.3,16.6,952.9,953.1,952.7,1.9,////,4.9,42.33,0.0
A702,17/10/2019,11,25.4,25.4,24.2,58,65,58,16.6,17.3,16.5,952.8,952.9,952.8,4.1,////,5.9,111.4,0.0
A702,17/10/2019,12,27.3,27.3,25.4,51,59,51,16.2,17.2,16.2,953.6,953.6,952.8,3.6,////,5.9,256.4,0.0
A702,17/10/2019,13,27.4,27.7,27.2,50,51,48,16.0,16.3,15.7,954.3,954.3,953.6,1.8,////,7.8,377.1,0.0
A702,17/10/2019,14,27.3,27.4,26.9,53,55,50,17.0,17.1,16.1,954.6,954.7,954.3,0.6,////,4.0,345.5,0.0
A702,17/10/2019,15,27.0,27.3,26.4,58,58,53,17.9,17.9,17.0,954.1,954.7,954.1,2.7,////,4.6,470.4,0.0
A702,17/10/2019,16,28.5,28.6,26.8,51,58,50,17.5,18.0,17.0,953.3,954.1,953.3,3.5,////,5.6,961.3,0.0
A702,17/10/2019,17,29.4,29.6,28.4,47,52,46,16.8,17.6,16.6,952.7,953.3,952.7,2.4,////,5.5,1175.,0.0
A702,17/10/2019,18,31.0,31.2,29.4,43,48,42,16.9,17.5,16.6,951.7,952.7,951.7,2.6,////,4.6,1435.,0.0
A702,17/10/2019,19,32.1,32.7,30.9,39,43,37,16.6,16.9,15.4,950.9,951.7,950.9,3.2,////,4.9,1544.,0.0
A702,17/10/2019,20,33.2,33.2,31.7,34,41,34,15.4,17.0,15.1,950.2,950.9,950.1,3.1,////,5.5,1336.,0.0
A702,17/10/2019,21,31.8,33.2,31.8,35,38,34,14.6,16.6,14.6,950.2,950.3,950.1,2.4,////,5.8,734.1,0.0
A702,17/10/2019,22,29.7,31.8,29.7,38,39,35,13.9,15.0,13.9,950.7,950.7,950.2,3.5,////,5.3,131.4,0.0
A702,17/10/2019,23,27.1,29.8,27.1,47,48,37,14.9,15.0,13.5,950.8,950.9,950.6,2.6,////,5.3,-3.54,0.0
A702,18/10/2019,0,25.7,27.1,25.7,53,53,47,15.3,15.4,14.9,951.4,951.4,950.8,2.9,////,3.9,-3.54,0.0
A702,18/10/2019,1,25.3,25.7,24.4,55,58,53,15.5,15.7,15.3,951.7,951.9,951.4,2.4,////,3.6,-3.54,0.0
A702,18/10/2019,2,25.4,25.8,24.9,55,56,52,15.6,15.8,15.3,952.2,952.2,951.7,3.6,////,4.7,-3.54,0.0
A702,18/10/2019,3,26.4,26.9,25.4,47,55,46,14.4,15.6,14.2,951.9,952.4,951.9,4.0,////,6.2,-3.54,0.0
A702,18/10/2019,4,25.1,26.5,24.9,56,57,47,15.8,15.8,14.4,951.3,952.0,951.3,3.2,////,6.3,-3.54,0.0
A702,18/10/2019,5,25.3,26.5,25.2,56,57,51,15.9,15.9,15.5,951.7,951.8,951.3,2.8,////,6.4,-3.54,0.0
A702,18/10/2019,6,24.2,26.0,24.1,59,59,53,15.7,16.1,15.5,951.5,951.8,951.5,1.3,////,5.2,-3.54,0.0
A702,18/10/2019,7,23.4,24.6,23.4,63,63,59,15.9,16.1,15.6,951.5,951.7,951.5,0.3,////,2.3,-3.54,0.0
A702,18/10/2019,8,23.7,23.9,23.4,65,66,62,16.7,16.8,16.0,951.8,951.8,951.5,1.7,////,2.7,-3.54,0.0
A702,18/10/2019,9,23.5,24.7,23.5,63,65,59,16.0,16.7,15.9,952.4,952.4,951.8,1.1,////,2.3,-3.50,0.0
A702,18/10/2019,10,25.0,25.1,23.3,58,64,57,16.1,16.4,15.8,953.3,953.3,952.4,1.7,////,3.5,65.32,0.0
A702,18/10/2019,11,24.9,25.0,24.6,62,63,58,17.2,17.2,16.1,953.7,953.7,953.2,0.0,////,3.3,206.9,0.0
A702,18/10/2019,12,27.4,27.4,24.9,53,62,53,16.8,17.8,16.8,954.3,954.3,953.7,2.1,////,4.1,436.7,0.0
A702,18/10/2019,13,27.9,28.0,27.0,50,54,50,16.6,17.0,16.5,954.9,954.9,954.3,2.5,////,5.5,861.5,0.0
A702,18/10/2019,14,29.2,29.3,27.9,46,51,45,16.3,16.9,15.8,954.8,955.0,954.8,3.2,////,6.4,1177.,0.0
A702,18/10/2019,15,29.6,30.1,29.0,45,46,44,16.5,17.0,16.0,954.8,954.9,954.7,3.1,////,6.4,1343.,0.0
A702,18/10/2019,16,27.9,29.7,27.8,50,54,45,16.6,17.7,16.5,954.5,954.8,954.5,2.3,////,5.8,493.3,0.0
A702,18/10/2019,17,29.2,29.2,27.7,48,53,48,17.0,17.5,16.4,954.0,954.5,954.0,2.6,////,5.2,618.6,0.0
A702,18/10/2019,18,30.2,30.7,29.1,43,49,42,16.3,17.5,16.3,953.0,954.0,953.0,4.2,////,8.0,1320.,0.0
A702,18/10/2019,19,30.7,31.3,29.8,39,44,37,15.1,16.5,14.8,951.9,953.0,951.9,2.8,////,8.0,1257.,0.0
A702,18/10/2019,20,30.5,31.1,30.3,40,41,37,15.2,15.8,14.7,951.2,951.9,951.2,2.2,////,7.0,1090.,0.0
A702,18/10/2019,21,29.0,30.5,29.0,45,45,40,15.7,15.9,15.2,950.7,951.2,950.7,2.1,////,4.5,444.7,0.0
A702,18/10/2019,22,27.2,29.0,27.1,51,52,45,16.3,16.3,15.6,951.2,951.2,950.6,1.0,////,4.1,66.85,0.0
A702,18/10/2019,23,25.6,27.4,25.6,59,59,50,16.9,17.0,16.1,952.2,952.2,951.2,0.0,////,1.7,-3.49,0.0
A702,19/10/2019,0,25.0,25.7,24.7,63,64,59,17.5,17.5,16.9,952.7,952.7,952.1,1.9,////,2.8,-3.45,0.0
A702,19/10/2019,1,24.6,26.0,24.6,63,63,58,17.2,17.5,17.0,953.2,953.3,952.7,1.9,////,2.8,-3.49,0.0
A702,19/10/2019,2,23.6,24.7,23.4,68,69,63,17.3,17.4,17.0,954.0,954.0,953.2,1.3,////,2.2,-3.53,0.0
A702,19/10/2019,3,24.3,24.6,23.4,66,68,64,17.5,17.5,16.9,953.8,954.0,953.8,2.2,////,5.4,-3.53,0.0
A702,19/10/2019,4,24.2,24.7,23.8,68,70,66,18.0,18.1,17.5,953.4,953.8,953.4,2.0,////,4.7,-3.54,0.0
A702,19/10/2019,5,24.1,24.5,23.5,69,71,67,18.1,18.1,17.9,953.1,953.4,953.1,2.8,////,4.3,-3.54,0.0
A702,19/10/2019,6,22.5,24.1,22.3,76,77,69,18.1,18.2,17.9,952.6,953.1,952.6,2.5,////,4.3,-3.54,0.0
A702,19/10/2019,7,22.5,22.7,21.5,77,81,76,18.4,18.4,18.0,952.4,952.6,952.4,3.6,////,5.0,-3.53,0.0
A702,19/10/2019,8,23.2,23.2,22.5,74,77,74,18.3,18.4,18.3,952.6,952.6,952.3,3.9,////,5.8,-3.14,0.0
A702,19/10/2019,9,23.5,23.8,23.2,71,74,70,18.0,18.3,18.0,952.9,952.9,952.6,3.7,////,6.3,-3.48,0.0
A702,19/10/2019,10,24.5,24.5,23.5,68,71,68,18.2,18.2,17.9,953.3,953.3,952.8,3.2,////,5.8,126.3,0.0
A702,19/10/2019,11,26.5,26.6,24.5,60,68,60,18.2,18.5,18.2,953.9,954.1,953.3,2.5,////,5.5,641.8,0.0
A702,19/10/2019,12,29.9,29.9,26.4,49,61,49,18.0,18.4,17.7,954.2,954.2,953.9,2.6,////,6.1,1617.,0.0
A702,19/10/2019,13,30.9,32.3,29.9,46,49,41,17.9,18.0,17.0,954.5,954.5,954.2,3.0,////,6.1,2120.,0.0
A702,19/10/2019,14,33.3,34.0,30.7,39,46,38,17.4,18.4,17.4,954.4,954.6,954.3,1.9,////,6.1,2364.,0.0
A702,19/10/2019,15,33.1,33.9,32.3,41,42,38,18.2,18.5,17.4,953.8,954.4,953.7,3.3,////,7.2,3015.,0.0
A702,19/10/2019,16,27.6,34.1,27.6,60,60,39,19.2,19.4,18.1,953.4,953.8,953.3,2.7,////,9.1,1115.,0.0
A702,19/10/2019,17,22.5,27.6,19.5,77,87,60,18.3,20.0,16.3,954.0,955.1,953.2,4.7,////,17.1,182.6,5.6
A702,19/10/2019,18,21.4,22.5,20.7,88,89,77,19.3,19.3,18.3,953.9,954.2,953.9,2.3,////,8.9,292.6,1.0
A702,19/10/2019,19,22.8,22.8,21.4,79,90,79,19.0,19.9,19.0,953.1,953.9,952.8,2.1,////,4.2,524.8,0.2
A702,19/10/2019,20,24.5,24.5,22.8,73,83,73,19.4,20.5,18.9,952.4,953.1,952.4,3.0,////,4.6,804.6,0.0
A702,19/10/2019,21,25.7,25.7,24.4,72,76,72,20.3,20.5,19.3,952.3,952.4,952.0,2.6,////,5.6,956.5,0.0
A702,19/10/2019,22,23.3,25.7,23.3,78,78,71,19.3,20.7,19.3,952.9,952.9,952.3,3.3,////,6.4,220.3,0.0
A702,19/10/2019,23,22.9,23.4,22.9,83,83,78,19.7,19.7,19.1,953.5,953.5,952.9,4.4,////,7.5,-3.49,0.0
A702,20/10/2019,0,22.7,22.9,22.4,81,84,80,19.3,19.8,19.2,953.5,953.5,953.2,3.7,////,7.7,-3.53,0.0
A702,20/10/2019,1,22.5,22.7,22.3,79,83,79,18.6,19.3,18.6,953.5,953.7,953.5,4.4,////,6.6,-3.54,0.0
A702,20/10/2019,2,21.5,22.6,21.4,83,84,78,18.6,18.7,18.5,953.2,953.5,953.2,4.2,////,6.8,-3.54,0.0
A702,20/10/2019,3,21.0,21.5,20.9,86,86,83,18.6,18.6,18.5,952.6,953.2,952.6,4.2,////,6.7,-3.54,0.0
A702,20/10/2019,4,20.8,21.0,20.8,86,87,85,18.3,18.6,18.2,951.7,952.6,951.7,4.2,////,6.6,-3.54,0.0
A702,20/10/2019,5,20.4,20.9,20.4,85,86,83,17.8,18.3,17.7,950.8,951.7,950.8,3.6,////,6.2,-3.54,0.0
A702,20/10/2019,6,21.5,21.7,20.4,77,85,76,17.3,17.8,17.0,950.6,950.8,950.5,3.9,////,6.1,-3.54,0.0
A702,20/10/2019,7,20.5,21.8,20.5,80,80,76,17.0,17.4,17.0,950.8,950.8,950.4,0.8,////,6.4,-3.54,0.0
A702,20/10/2019,8,19.3,20.5,19.1,86,86,80,16.9,17.3,16.5,950.7,950.8,950.5,0.1,////,1.6,-3.54,0.0
A702,20/10/2019,9,19.2,20.0,19.0,88,89,84,17.2,17.4,16.9,951.0,951.0,950.7,1.9,////,2.7,-3.51,0.0
A702,20/10/2019,10,20.8,20.9,19.2,84,89,84,18.0,18.1,17.3,951.5,951.5,951.0,0.1,////,2.7,140.1,0.0
A702,20/10/2019,11,23.6,23.6,20.8,73,84,73,18.6,18.9,18.0,952.3,952.3,951.5,1.1,////,2.1,754.8,0.0
A702,20/10/2019,12,26.9,27.0,23.4,64,75,63,19.6,19.8,18.3,952.4,952.6,952.3,1.8,////,3.6,1536.,0.0
A702,20/10/2019,13,28.0,28.5,26.6,58,65,57,19.0,19.8,18.9,952.4,952.4,952.3,3.7,////,7.1,2331.,0.0
A702,20/10/2019,14,29.7,30.1,28.0,52,59,50,18.7,19.5,18.3,951.9,952.4,951.9,2.3,////,6.9,2991.,0.0
A702,20/10/2019,15,31.0,31.1,29.3,47,53,47,18.6,19.1,17.9,951.3,951.9,951.3,2.0,////,6.5,2620.,0.0
A702,20/10/2019,16,31.8,32.3,30.3,46,50,44,18.8,19.3,18.2,950.5,951.3,950.5,2.7,////,6.0,3064.,0.0
A702,20/10/2019,17,33.6,34.4,31.2,39,47,39,17.8,19.0,17.3,949.2,950.5,949.2,2.4,////,5.5,2566.,0.0
A702,20/10/2019,18,33.1,34.7,32.0,41,44,36,18.1,18.2,16.6,948.5,949.2,948.5,3.2,////,7.3,2189.,0.0
A702,20/10/2019,19,33.5,34.1,32.6,35,41,35,16.1,17.9,16.0,947.2,948.5,947.2,2.6,////,6.3,1957.,0.0
A702,20/10/2019,20,33.2,34.4,33.1,35,36,33,15.9,16.9,15.6,946.9,947.2,946.7,2.9,////,11.7,1598.,0.0
A702,20/10/2019,21,32.3,33.5,32.2,39,39,34,16.5,16.5,15.6,947.0,947.1,946.8,2.7,////,8.7,770.6,0.0
A702,20/10/2019,22,30.9,32.4,30.9,43,43,38,16.8,16.9,16.4,947.4,947.4,946.9,1.9,////,5.8,121.8,0.0
A702,20/10/2019,23,29.3,30.9,29.3,47,47,43,16.7,16.8,16.3,948.4,948.4,947.4,2.1,////,4.1,-3.54,0.0
A702,21/10/2019,0,28.2,29.4,28.2,52,52,47,17.5,17.5,16.7,949.2,949.2,948.3,1.9,////,4.8,-3.54,0.0
A702,21/10/2019,1,27.5,28.3,27.1,55,57,52,17.8,17.9,17.5,950.2,950.2,949.2,1.7,////,3.9,-3.54,0.0
A702,21/10/2019,2,25.9,27.7,25.9,62,62,55,18.1,18.1,17.6,950.5,950.5,950.1,1.2,////,3.4,-3.54,0.0
A702,21/10/2019,3,25.4,25.9,25.4,64,64,62,18.2,18.2,17.9,950.3,950.5,950.3,0.0,////,2.6,-3.54,0.0
A702,21/10/2019,4,24.6,25.4,24.1,70,74,64,18.7,19.2,18.1,950.1,950.3,950.1,1.3,////,2.0,-3.23,0.0
A702,21/10/2019,5,25.0,25.2,24.3,69,72,67,18.8,18.9,18.5,949.6,950.1,949.6,2.7,////,4.5,-3.17,0.0
A702,21/10/2019,6,23.6,25.2,23.6,78,78,68,19.6,19.6,18.8,948.9,949.6,948.9,3.2,////,5.2,-3.54,0.0
A702,21/10/2019,7,22.4,23.6,22.4,86,86,78,19.9,19.9,19.6,948.9,948.9,948.8,3.6,////,6.6,-3.54,0.0
A702,21/10/2019,8,22.0,22.4,22.0,87,87,86,19.8,19.9,19.7,949.3,949.3,948.9,3.7,////,5.9,-3.54,0.0
A702,21/10/2019,9,22.0,22.0,21.6,85,87,85,19.4,19.7,19.4,949.4,949.4,949.2,3.2,////,5.3,-3.54,0.0
A702,21/10/2019,10,23.3,23.3,21.5,79,87,78,19.4,19.4,19.2,949.8,949.8,949.2,3.0,////,5.4,186.0,0.0
A702,21/10/2019,11,25.9,26.0,23.3,68,79,67,19.5,19.8,19.4,950.5,950.5,949.8,2.3,////,5.5,846.9,0.0
A702,21/10/2019,12,23.5,26.0,23.4,78,79,67,19.5,19.8,19.3,952.6,952.6,950.5,4.4,////,12.1,227.6,0.0
A702,21/10/2019,13,19.9,23.5,19.9,88,88,78,17.9,19.6,17.6,952.8,953.5,952.6,4.7,////,11.9,89.95,0.0
A702,21/10/2019,14,19.7,20.4,19.7,90,90,86,18.0,18.4,17.9,953.7,953.7,952.0,3.8,////,8.7,269.6,0.2
A702,21/10/2019,15,18.6,19.7,18.4,94,94,90,17.7,17.9,17.4,953.5,954.0,953.4,1.4,////,9.7,56.57,7.4
A702,21/10/2019,16,18.8,18.9,18.6,93,94,92,17.7,17.8,17.6,951.6,953.5,951.5,2.6,////,5.3,129.4,3.2
A702,21/10/2019,17,19.4,19.4,18.8,93,94,92,18.3,18.3,17.7,950.7,951.7,950.7,0.8,////,4.6,187.0,1.4
A702,21/10/2019,18,20.8,20.8,19.4,85,93,85,18.2,18.9,17.8,949.4,950.8,949.4,1.1,////,4.8,848.9,0.6
A702,21/10/2019,19,21.6,21.6,20.8,83,86,78,18.5,18.6,17.4,948.6,949.4,948.5,0.9,////,4.2,648.9,0.0
A702,21/10/2019,20,20.9,21.6,20.7,88,88,80,18.8,18.8,17.5,949.1,949.1,948.6,1.1,////,2.0,234.1,0.0
A702,21/10/2019,21,21.6,22.2,20.9,77,88,76,17.3,19.4,17.2,949.2,949.2,948.7,1.8,////,3.5,676.3,0.0
A702,21/10/2019,22,19.8,21.6,19.8,87,87,76,17.6,17.8,17.1,950.4,950.4,949.2,1.5,////,3.2,97.95,0.0
A702,21/10/2019,23,19.3,19.8,19.1,93,93,87,18.2,18.2,17.6,951.2,951.2,950.4,0.6,////,2.6,-3.54,0.0
A702,22/10/2019,0,19.6,19.6,19.2,94,94,93,18.6,18.6,18.1,952.0,952.0,951.2,0.0,////,1.3,-2.80,0.0
A702,22/10/2019,1,19.9,20.0,19.6,94,94,93,18.9,18.9,18.6,952.4,952.5,952.0,2.0,////,3.6,-2.70,0.2
A702,22/10/2019,2,19.9,19.9,19.8,94,95,94,18.9,19.0,18.9,952.6,952.7,952.4,1.9,////,4.4,-2.12,0.0
A702,22/10/2019,3,19.1,20.0,19.1,91,94,91,17.6,18.9,17.6,952.7,952.8,952.6,4.6,////,7.7,-1.64,0.0
A702,22/10/2019,4,18.4,19.1,18.4,93,94,91,17.3,17.8,17.3,952.6,952.8,952.6,4.0,////,7.3,-2.59,0.0
A702,22/10/2019,5,16.9,18.4,16.9,94,94,93,15.9,17.2,15.9,952.4,952.7,952.4,4.2,////,7.7,-1.74,0.2
A702,22/10/2019,6,16.5,16.9,16.5,92,94,92,15.2,15.9,15.2,952.0,952.4,952.0,3.1,////,7.2,-0.89,0.0
A702,22/10/2019,7,16.3,16.6,16.3,90,92,88,14.7,15.2,14.4,951.7,952.0,951.7,3.1,////,6.2,-0.42,0.0
A702,22/10/2019,8,16.1,16.4,16.1,89,91,88,14.2,14.8,14.2,951.7,951.8,951.6,4.3,////,6.0,-0.70,0.0
A702,22/10/2019,9,15.7,16.2,15.7,90,90,88,14.0,14.4,14.0,952.4,952.4,951.7,3.6,////,6.0,-2.51,0.0
A702,22/10/2019,10,15.6,15.7,15.4,90,91,88,13.9,14.0,13.6,953.3,953.3,952.4,3.7,////,6.8,130.5,0.0
A702,22/10/2019,11,15.9,15.9,15.6,88,90,87,13.9,14.0,13.5,953.8,953.9,953.3,3.8,////,6.8,363.7,0.0
A702,22/10/2019,12,16.4,16.5,15.9,86,88,86,14.1,14.4,13.6,954.2,954.2,953.8,3.3,////,6.0,494.4,0.0
A702,22/10/2019,13,17.0,17.1,16.3,83,87,83,14.2,14.7,13.9,954.5,954.6,954.2,4.6,////,7.0,933.5,0.0
A702,22/10/2019,14,19.6,20.0,17.0,74,85,73,14.9,15.6,14.2,954.3,954.5,954.2,3.3,////,7.0,2906.,0.0
A702,22/10/2019,15,21.9,22.0,19.6,67,76,65,15.5,15.5,14.5,953.4,954.3,953.4,2.9,////,7.2,3477.,0.0
A702,22/10/2019,16,23.9,24.3,21.9,55,67,54,14.5,15.9,14.0,952.6,953.4,952.6,1.9,////,5.8,3704.,0.0
A702,22/10/2019,17,25.2,26.1,23.9,50,57,48,13.9,15.3,13.8,952.0,952.6,952.0,2.8,////,8.8,3603.,0.0
A702,22/10/2019,18,26.7,27.2,25.0,41,50,40,12.3,14.2,11.4,951.3,952.0,951.3,2.9,////,6.5,3177.,0.0
A702,22/10/2019,19,27.1,27.7,25.8,38,42,37,11.6,12.8,10.6,950.6,951.3,950.6,2.0,////,6.5,2464.,0.0
A702,22/10/2019,20,26.4,27.2,26.2,35,38,35,9.5,11.3,9.5,950.3,950.6,950.3,2.4,////,6.0,1683.,0.0
A702,22/10/2019,21,25.8,26.9,25.8,35,38,33,9.3,10.8,8.7,949.9,950.3,949.9,1.7,////,5.3,935.9,0.0
A702,22/10/2019,22,23.0,25.8,23.0,47,47,35,11.0,11.0,9.4,950.2,950.3,949.9,1.4,////,3.2,163.8,0.0
A702,22/10/2019,23,21.2,23.1,21.2,54,56,45,11.6,12.2,10.4,950.5,950.5,950.2,2.5,////,4.0,-3.54,0.0
A702,23/10/2019,0,20.4,22.1,20.4,56,56,50,11.4,11.5,10.6,950.7,950.7,950.5,2.5,////,4.2,-3.54,0.0
A702,23/10/2019,1,20.0,20.6,20.0,61,61,56,12.1,12.1,11.3,951.1,951.1,950.7,3.2,////,4.6,-3.54,0.0
A702,23/10/2019,2,19.0,20.2,18.7,64,66,59,12.0,12.3,11.9,951.4,951.5,951.1,3.6,////,5.1,-3.54,0.0
A702,23/10/2019,3,19.4,19.7,18.9,60,64,59,11.5,12.0,11.4,951.2,951.5,951.2,3.5,////,4.9,-3.54,0.0
A702,23/10/2019,4,19.0,19.5,18.1,64,67,60,12.0,12.0,11.5,950.7,951.2,950.6,3.6,////,5.0,-3.54,0.0
A702,23/10/2019,5,18.0,19.0,17.6,78,78,64,14.1,14.2,11.9,950.9,951.1,950.7,3.2,////,5.0,-3.54,0.0
A702,23/10/2019,6,17.5,18.8,17.5,83,83,78,14.6,15.0,14.1,950.9,951.0,950.8,3.0,////,5.1,-3.54,0.0
A702,23/10/2019,7,17.6,17.8,17.3,81,83,81,14.3,14.7,14.3,950.9,950.9,950.7,2.9,////,4.0,-3.54,0.0
A702,23/10/2019,8,17.4,18.5,17.1,82,82,77,14.2,14.6,14.0,951.7,951.7,950.9,2.8,////,4.4,-3.54,0.0
A702,23/10/2019,9,17.3,17.4,16.8,82,84,82,14.3,14.3,14.0,952.4,952.4,951.7,2.3,////,3.7,-3.39,0.0
A702,23/10/2019,10,17.8,17.9,16.7,84,86,80,15.1,15.4,13.8,953.2,953.2,952.4,0.2,////,3.1,167.5,0.0
A702,23/10/2019,11,23.0,23.0,17.8,56,85,56,13.8,15.9,13.6,953.9,953.9,953.2,3.6,////,6.4,932.8,0.0
A702,23/10/2019,12,25.6,25.6,23.0,55,57,54,15.9,16.0,13.6,954.2,954.2,953.9,3.6,////,7.2,1886.,0.0
A702,23/10/2019,13,27.5,27.7,25.3,53,57,53,17.1,17.4,15.9,954.3,954.4,954.2,2.9,////,6.9,2752.,0.0
A702,23/10/2019,14,28.6,28.9,26.3,42,56,39,14.5,17.5,13.7,954.1,954.4,954.1,3.2,////,6.4,2731.,0.0
A702,23/10/2019,15,29.8,30.9,28.4,37,42,34,13.6,15.0,12.0,953.4,954.2,953.4,3.7,////,7.4,3704.,0.0
A702,23/10/2019,16,31.7,31.9,29.1,28,39,28,10.7,13.9,10.7,952.5,953.4,952.5,2.7,////,8.8,3609.,0.0
A702,23/10/2019,17,31.5,32.4,30.7,30,34,24,11.7,13.9,9.4,951.4,952.5,951.4,3.1,////,7.2,3624.,0.0
A702,23/10/2019,18,32.1,33.0,30.7,25,31,25,9.6,12.8,9.6,950.6,951.4,950.6,3.4,////,7.5,2975.,0.0
A702,23/10/2019,19,32.0,33.2,31.4,27,28,21,10.4,11.3,7.0,949.9,950.6,949.9,2.2,////,7.3,2352.,0.0
A702,23/10/2019,20,32.6,33.1,31.8,20,27,19,7.0,11.0,6.1,949.5,949.9,949.5,2.3,////,7.3,1731.,0.0
A702,23/10/2019,21,31.8,33.0,31.6,24,25,20,8.8,9.4,6.8,949.6,949.6,949.5,1.0,////,5.0,884.4,0.0
A702,23/10/2019,22,27.6,31.8,27.5,28,28,24,7.2,8.9,7.2,950.1,950.1,949.6,1.6,////,5.2,164.3,0.0
A702,23/10/2019,23,26.3,27.7,26.3,33,33,28,8.7,8.9,7.2,950.2,950.2,950.1,2.1,////,2.9,-3.54,0.0
A702,24/10/2019,0,25.1,26.3,24.5,34,37,33,8.3,9.6,8.3,950.7,950.7,950.2,2.2,////,3.5,-3.54,0.0
A702,24/10/2019,1,22.1,25.3,22.1,50,50,34,11.2,11.2,8.3,951.3,951.3,950.7,2.7,////,3.6,-3.54,0.0
A702,24/10/2019,2,22.8,24.2,21.7,49,53,43,11.4,11.9,10.6,951.7,951.7,951.3,3.2,////,5.2,-3.54,0.0
A702,24/10/2019,3,22.0,22.9,21.2,53,56,48,11.9,12.2,11.3,951.5,951.7,951.5,3.6,////,4.9,-3.54,0.0
A702,24/10/2019,4,22.2,22.3,21.3,59,60,52,13.8,13.8,11.8,950.8,951.5,950.8,3.4,////,5.0,-3.54,0.0
A702,24/10/2019,5,23.9,23.9,22.2,54,59,53,14.0,14.0,13.8,950.6,950.8,950.6,4.8,////,7.3,-3.54,0.0
A702,24/10/2019,6,23.4,24.0,23.4,58,58,53,14.6,14.7,13.9,950.5,950.6,950.5,4.8,////,7.4,-3.54,0.0
A702,24/10/2019,7,23.3,23.7,23.1,60,61,57,15.2,15.3,14.8,950.8,950.8,950.4,5.3,////,9.4,-3.54,0.0
A702,24/10/2019,8,22.7,23.3,22.5,64,65,60,15.5,15.5,15.2,951.3,951.3,950.8,4.5,////,8.5,-3.54,0.0
A702,24/10/2019,9,22.4,22.8,22.2,66,67,63,15.7,15.7,15.4,952.0,952.0,951.3,4.0,////,7.6,-3.47,0.0
A702,24/10/2019,10,24.3,24.3,22.3,61,66,61,16.2,16.3,15.7,952.7,952.7,952.0,4.4,////,8.2,198.7,0.0
A702,24/10/2019,11,27.0,27.0,24.3,52,61,52,16.3,16.5,16.0,953.4,953.4,952.7,5.2,////,9.5,1014.,0.0
A702,24/10/2019,12,29.1,29.5,26.7,47,52,47,16.6,16.9,16.0,953.9,954.0,953.4,4.6,////,10.4,1705.,0.0
A702,24/10/2019,13,30.4,30.6,28.2,43,49,42,16.5,17.0,16.1,954.0,954.1,953.9,4.1,////,8.9,2417.,0.0
A702,24/10/2019,14,31.3,32.2,30.1,38,43,37,15.1,16.4,14.6,953.7,954.1,953.7,2.5,////,7.7,3147.,0.0
A702,24/10/2019,15,32.3,32.9,31.2,32,38,31,13.7,15.7,13.2,953.3,953.7,953.2,2.0,////,6.0,3163.,0.0
A702,24/10/2019,16,34.6,35.0,31.8,24,33,24,11.4,14.3,11.4,952.3,953.3,952.3,3.1,////,7.2,3239.,0.0
A702,24/10/2019,17,33.7,36.0,33.4,25,25,22,10.7,11.6,9.7,951.3,952.3,951.3,3.1,////,7.5,3650.,0.0
A702,24/10/2019,18,35.3,36.2,33.3,21,26,20,9.8,11.4,8.9,950.6,951.3,950.6,2.1,////,7.3,2900.,0.0
A702,24/10/2019,19,35.8,36.0,33.9,21,23,20,10.1,10.6,9.1,949.8,950.6,949.8,1.3,////,7.7,2183.,0.0
A702,24/10/2019,20,34.7,36.2,33.1,21,23,20,9.5,10.1,9.1,949.3,949.8,949.3,3.1,////,5.7,1257.,0.0
A702,24/10/2019,21,33.3,34.8,33.3,22,22,20,8.5,9.6,8.1,949.3,949.4,949.3,3.1,////,7.2,865.3,0.0
A702,24/10/2019,22,29.6,33.3,29.6,29,29,22,9.9,9.9,8.4,949.7,949.7,949.3,1.1,////,5.5,148.1,0.0
A702,24/10/2019,23,26.4,29.6,26.1,43,46,29,12.9,13.6,9.9,949.8,949.8,949.7,0.3,////,2.2,-3.54,0.0
A702,25/10/2019,0,24.9,27.3,24.5,50,51,39,13.7,13.8,12.1,950.2,950.2,949.7,1.1,////,2.0,-3.54,0.0
A702,25/10/2019,1,25.2,25.4,23.9,48,53,47,13.3,14.2,12.8,951.0,951.0,950.2,2.5,////,5.2,-3.54,0.0
A702,25/10/2019,2,25.0,25.6,24.5,47,50,45,12.8,13.7,12.7,951.3,951.3,951.0,3.0,////,4.6,-3.54,0.0
A702,25/10/2019,3,25.7,26.0,23.8,46,53,45,13.2,13.6,12.9,951.2,951.4,951.2,3.4,////,5.0,-3.54,0.0
A702,25/10/2019,4,24.9,25.8,24.4,50,51,46,13.6,13.7,13.3,950.9,951.2,950.9,3.5,////,5.5,-3.54,0.0
A702,25/10/2019,5,25.7,26.0,24.9,48,50,46,13.7,13.8,13.3,950.8,951.0,950.8,5.0,////,7.9,-3.54,0.0
A702,25/10/2019,6,25.0,25.8,24.9,51,52,47,14.2,14.2,13.6,950.9,950.9,950.7,3.9,////,7.9,-3.54,0.0
A702,25/10/2019,7,25.2,25.2,24.7,49,52,49,13.7,14.3,13.6,951.1,951.2,950.8,4.1,////,6.3,-3.54,0.0
A702,25/10/2019,8,24.9,25.7,24.9,49,49,46,13.3,13.7,13.2,951.6,951.6,951.1,4.2,////,7.5,-3.54,0.0
A702,25/10/2019,9,25.4,25.5,24.7,44,49,43,12.1,13.3,12.0,952.2,952.2,951.6,4.5,////,7.0,-3.53,0.0
A702,25/10/2019,10,26.6,26.6,25.4,42,44,42,12.7,12.8,12.0,952.9,952.9,952.2,4.7,////,8.0,198.7,0.0
A702,25/10/2019,11,28.9,28.9,26.6,37,43,37,12.8,13.0,12.6,953.6,953.6,952.9,5.2,////,9.6,943.6,0.0
A702,25/10/2019,12,31.3,31.3,28.9,33,38,32,12.9,13.2,12.4,954.1,954.1,953.6,5.0,////,9.7,1791.,0.0
A702,25/10/2019,13,33.8,33.9,31.3,29,33,29,13.5,13.6,12.6,954.0,954.2,954.0,4.5,////,8.7,2530.,0.0
A702,25/10/2019,14,35.0,35.3,33.2,26,30,25,12.6,13.8,12.0,953.4,954.1,953.4,3.8,////,7.5,3109.,0.0
A702,25/10/2019,15,35.6,36.0,34.7,23,26,22,11.0,12.6,10.5,953.0,953.4,953.0,2.5,////,7.3,3488.,0.0
A702,25/10/2019,16,36.3,37.9,35.5,21,23,19,10.2,11.6,9.9,952.1,953.0,952.1,1.9,////,7.0,3388.,0.0
A702,25/10/2019,17,36.9,37.5,35.4,20,23,19,10.0,11.5,9.5,951.2,952.1,951.2,3.0,////,6.0,1872.,0.0
A702,25/10/2019,18,37.5,37.9,35.5,19,22,18,9.7,10.7,9.1,950.3,951.2,950.3,3.4,////,6.9,1813.,0.0
A702,25/10/2019,19,36.9,38.1,35.7,18,21,18,8.9,10.2,8.7,949.8,950.3,949.8,2.3,////,5.6,1494.,0.0
A702,25/10/2019,20,35.9,37.9,35.8,20,21,17,9.3,10.2,8.5,949.5,949.8,949.5,1.6,////,5.3,1032.,0.0
A702,25/10/2019,21,35.2,36.3,35.1,21,22,19,9.8,11.3,8.7,949.7,949.7,949.5,1.5,////,2.8,529.1,0.0
A702,25/10/2019,22,33.3,35.2,33.3,26,26,21,11.2,11.3,9.8,950.1,950.1,949.6,1.5,////,3.6,122.7,0.0
A702,25/10/2019,23,31.0,33.3,30.9,31,34,26,12.0,13.3,11.1,950.2,950.2,950.0,1.5,////,2.6,-3.54,0.0
A702,26/10/2019,0,28.7,31.0,28.3,39,40,31,13.4,13.6,12.0,951.0,951.0,950.2,2.6,////,4.5,-3.54,0.0
A702,26/10/2019,1,27.6,28.8,27.5,45,46,38,14.7,14.8,13.3,952.0,952.0,951.0,4.4,////,8.4,-3.52,0.0
A702,26/10/2019,2,26.8,27.6,26.6,49,49,45,15.2,15.2,14.7,952.1,952.2,952.0,3.4,////,6.6,-3.54,0.0
A702,26/10/2019,3,26.1,26.8,25.6,53,54,49,15.7,15.7,15.2,952.5,952.6,952.0,3.1,////,5.3,-3.52,0.0
A702,26/10/2019,4,26.4,26.5,25.8,49,53,49,14.8,15.7,14.8,952.1,952.6,952.1,3.8,////,5.1,-3.54,0.0
A702,26/10/2019,5,26.5,26.8,26.1,48,50,48,14.6,14.9,14.5,951.4,952.1,951.4,3.4,////,5.6,-3.53,0.0
A702,26/10/2019,6,26.1,26.8,26.1,48,48,44,14.1,14.5,13.6,951.0,951.5,951.0,3.3,////,5.0,-3.53,0.0
A702,26/10/2019,7,25.0,26.1,25.0,53,53,48,14.9,14.9,14.2,951.2,951.2,950.9,2.8,////,5.2,-3.53,0.0
A702,26/10/2019,8,25.6,26.8,25.0,52,53,46,14.9,15.0,14.3,951.7,951.8,951.2,2.5,////,4.4,-3.54,0.0
A702,26/10/2019,9,24.7,25.6,24.4,55,56,51,15.1,15.2,14.8,952.3,952.3,951.7,2.3,////,3.7,-3.22,0.0
A702,26/10/2019,10,24.7,24.8,24.4,59,59,55,16.3,16.3,15.1,952.7,952.8,952.3,0.7,////,3.7,123.5,0.0
A702,26/10/2019,11,28.4,28.4,24.8,50,60,50,17.1,17.5,16.3,953.4,953.4,952.7,2.0,////,3.0,788.6,0.0
A702,26/10/2019,12,32.0,32.0,28.4,40,51,39,16.6,17.5,16.0,953.5,953.6,953.4,2.0,////,4.1,1656.,0.0
A702,26/10/2019,13,32.0,32.8,31.6,40,41,38,16.5,16.8,16.1,953.5,953.6,953.5,3.5,////,7.1,2527.,0.0
A702,26/10/2019,14,33.2,33.8,32.0,36,40,35,16.0,17.2,15.8,952.8,953.5,952.8,3.5,////,7.2,3019.,0.0
A702,26/10/2019,15,35.6,35.6,33.2,28,36,28,14.6,16.4,14.3,952.5,952.9,952.5,2.1,////,7.6,3410.,0.0
A702,26/10/2019,16,35.5,36.5,34.1,28,31,27,14.1,15.1,13.7,951.7,952.5,951.7,3.8,////,7.6,3170.,0.0
A702,26/10/2019,17,36.4,36.8,35.0,26,28,25,13.7,14.6,12.4,950.2,951.7,950.2,2.5,////,8.1,3397.,0.0
A702,26/10/2019,18,33.4,36.9,33.4,36,36,25,16.1,16.6,13.0,949.6,950.2,949.3,4.3,////,16.3,2373.,0.0
A702,26/10/2019,19,31.0,33.4,28.1,40,49,27,15.7,17.3,10.9,949.6,949.9,949.3,5.8,////,23.3,2018.,0.0
A702,26/10/2019,20,29.8,31.9,29.5,35,45,35,12.6,17.0,12.6,949.3,949.6,949.2,3.9,////,10.4,1701.,0.0
A702,26/10/2019,21,26.9,30.3,26.9,48,48,33,15.1,16.1,12.1,949.0,949.5,948.9,2.9,////,8.5,560.5,0.0
A702,26/10/2019,22,26.3,26.9,25.6,55,59,47,16.6,16.9,14.3,949.3,949.3,948.8,3.9,////,5.2,99.99,0.0
A702,26/10/2019,23,25.8,26.9,25.8,57,57,52,16.6,16.7,16.1,950.6,950.6,949.3,3.1,////,8.1,-3.54,0.0
A702,27/10/2019,0,25.6,25.8,25.1,61,62,57,17.5,17.5,16.6,950.5,950.7,950.5,3.3,////,5.0,-3.54,0.0
A702,27/10/2019,1,25.1,25.6,24.7,61,65,60,17.1,17.6,17.0,950.5,950.5,950.4,3.4,////,4.5,-3.54,0.0
A702,27/10/2019,2,26.6,26.6,24.8,51,62,51,15.7,17.2,15.7,950.7,950.7,950.5,2.7,////,4.1,-3.54,0.0
A702,27/10/2019,3,26.0,26.6,25.8,54,55,51,16.1,16.1,15.5,950.4,950.7,950.4,2.0,////,4.0,-3.54,0.0
A702,27/10/2019,4,25.1,26.1,25.0,58,58,54,16.1,16.3,15.8,950.0,950.5,949.9,1.6,////,3.2,-3.54,0.0
A702,27/10/2019,5,25.4,26.3,24.9,57,60,53,16.2,16.5,16.0,949.9,950.1,949.9,2.6,////,4.5,-3.54,0.0
A702,27/10/2019,6,24.0,25.5,24.0,62,62,57,16.3,16.6,16.2,949.8,949.9,949.8,1.2,////,3.9,-3.54,0.0
A702,27/10/2019,7,25.1,25.3,23.6,59,64,58,16.5,16.5,16.3,949.6,949.8,949.6,1.3,////,1.9,-3.54,0.0
A702,27/10/2019,8,25.2,25.6,24.5,61,63,58,17.2,17.2,16.6,950.3,950.3,949.6,1.6,////,2.9,-3.44,0.0
A702,27/10/2019,9,26.0,26.2,25.1,58,62,57,17.2,17.3,17.1,950.6,950.6,950.3,1.8,////,3.9,-3.44,0.0
A702,27/10/2019,10,26.5,26.5,24.5,59,67,58,17.8,18.1,17.1,951.4,951.4,950.6,1.9,////,3.7,181.3,0.0
A702,27/10/2019,11,28.2,28.4,26.5,54,59,53,17.9,18.1,17.6,952.7,952.8,951.4,4.3,////,7.6,605.5,0.0
A702,27/10/2019,12,29.4,29.7,28.1,49,54,48,17.4,18.1,17.3,953.2,953.3,952.7,4.4,////,10.0,1766.,0.0
A702,27/10/2019,13,30.4,30.6,28.9,49,50,48,18.4,18.4,17.2,952.9,953.3,952.9,5.6,////,10.4,2362.,0.0
A702,27/10/2019,14,31.9,32.6,30.2,46,49,45,18.7,19.0,18.3,952.1,952.9,952.1,5.1,////,10.5,3100.,0.0
A702,27/10/2019,15,32.9,33.3,31.5,42,46,41,18.2,19.0,18.1,951.7,952.1,951.6,5.1,////,10.4,3377.,0.0
A702,27/10/2019,16,33.4,34.6,32.3,39,44,38,17.7,18.6,17.7,950.7,951.7,950.7,4.2,////,10.6,3430.,0.0
A702,27/10/2019,17,34.2,35.2,32.7,36,42,33,16.9,18.6,16.1,949.9,950.7,949.9,4.6,////,10.3,3158.,0.0
A702,27/10/2019,18,34.7,35.6,34.0,33,37,32,15.9,17.3,15.9,948.8,949.9,948.8,4.8,////,10.2,2736.,0.0
A702,27/10/2019,19,35.1,36.1,34.2,31,34,31,15.7,16.7,15.4,947.5,948.8,947.5,4.3,////,10.2,2069.,0.0
A702,27/10/2019,20,34.6,35.4,34.0,31,33,29,15.3,15.9,14.3,947.3,947.6,947.3,3.9,////,10.3,1358.,0.0
A702,27/10/2019,21,33.2,34.9,33.2,38,38,30,17.1,17.2,14.6,947.6,947.6,947.2,3.4,////,9.5,931.1,0.0
A702,27/10/2019,22,29.1,33.2,28.9,47,48,38,16.6,17.7,16.6,947.5,947.6,947.3,2.8,////,7.0,177.6,0.0
A702,27/10/2019,23,29.1,29.4,28.5,48,50,46,16.9,17.0,16.4,948.4,948.4,947.5,3.9,////,5.7,-3.54,0.0
A702,28/10/2019,0,29.4,29.6,28.9,47,49,46,16.9,17.0,16.7,949.3,949.3,948.4,3.1,////,5.7,-3.54,0.0
A702,28/10/2019,1,27.4,29.4,27.1,55,56,47,17.7,17.7,16.8,950.2,950.3,949.3,5.7,////,8.4,-3.54,0.0
A702,28/10/2019,2,27.2,27.5,27.1,56,57,55,17.5,17.8,17.5,950.6,950.7,950.2,4.8,////,8.9,-3.54,0.0
A702,28/10/2019,3,27.6,27.7,27.1,52,56,51,16.8,17.5,16.7,950.5,950.7,950.5,4.7,////,7.9,-3.54,0.0
A702,28/10/2019,4,27.0,27.6,26.4,55,58,52,17.2,17.4,16.7,949.9,950.5,949.9,4.1,////,7.4,-3.54,0.0
A702,28/10/2019,5,26.1,27.1,26.0,57,58,54,17.0,17.2,17.0,949.6,950.0,949.6,2.6,////,6.7,-3.54,0.0
A702,28/10/2019,6,24.2,26.2,24.2,65,65,57,17.1,17.1,16.8,949.6,949.7,949.5,1.0,////,4.0,-3.54,0.0
A702,28/10/2019,7,24.5,25.4,23.7,63,67,60,16.9,17.3,16.9,949.5,949.6,949.3,1.8,////,3.0,-3.54,0.0
A702,28/10/2019,8,24.6,24.8,24.2,63,64,62,17.0,17.1,16.9,949.8,949.8,949.4,2.5,////,4.1,-3.54,0.0
A702,28/10/2019,9,25.6,26.2,24.4,59,63,57,17.1,17.1,17.0,950.3,950.3,949.8,2.4,////,4.5,-3.45,0.0
A702,28/10/2019,10,26.9,26.9,25.6,57,60,57,17.6,17.6,17.1,951.2,951.2,950.3,3.0,////,6.1,206.5,0.0
A702,28/10/2019,11,28.1,28.3,26.9,54,57,54,18.0,18.1,17.6,951.9,951.9,951.2,6.2,////,10.1,952.8,0.0
A702,28/10/2019,12,29.7,29.9,28.1,50,54,50,18.2,18.4,18.0,952.4,952.4,951.9,5.6,////,12.4,1803.,0.0
A702,28/10/2019,13,30.8,31.0,29.3,48,51,47,18.5,18.6,18.1,952.8,952.8,952.4,5.9,////,11.4,2542.,0.0
A702,28/10/2019,14,32.4,33.3,30.8,44,48,42,18.6,18.8,18.4,952.4,952.9,952.3,5.0,////,11.5,3093.,0.0
A702,28/10/2019,15,33.9,34.3,32.0,38,44,38,17.7,18.8,17.5,951.8,952.4,951.7,5.6,////,12.1,3012.,0.0
A702,28/10/2019,16,33.8,35.2,33.0,37,39,35,17.3,18.0,16.6,950.9,951.8,950.9,5.2,////,13.9,3029.,0.0
A702,28/10/2019,17,34.9,35.6,33.5,32,38,30,15.8,17.5,15.4,949.3,950.9,949.2,5.1,////,12.8,3330.,0.0
A702,28/10/2019,18,35.8,36.8,34.1,30,34,27,15.5,16.4,14.2,948.2,949.3,948.2,4.5,////,12.1,2741.,0.0
A702,28/10/2019,19,36.3,36.9,34.3,29,33,28,15.6,16.0,15.0,947.3,948.2,947.3,3.9,////,10.1,2212.,0.0
A702,28/10/2019,20,35.9,36.6,34.9,29,31,28,14.9,15.6,14.5,947.0,947.3,946.7,3.2,////,11.2,1708.,0.0
A702,28/10/2019,21,34.3,35.9,34.1,31,32,29,14.7,15.0,14.6,946.7,947.0,946.4,3.9,////,8.8,747.5,0.0
A702,28/10/2019,22,32.5,34.3,32.5,34,34,31,14.7,14.9,14.5,947.5,947.5,946.7,1.8,////,7.8,143.8,0.0
A702,28/10/2019,23,30.3,32.5,29.9,41,42,34,15.8,15.9,14.7,947.7,947.8,947.5,0.7,////,3.7,-3.54,0.0
A702,29/10/2019,0,25.7,30.5,25.7,61,62,41,17.6,18.2,15.7,949.5,949.6,947.7,7.1,////,11.0,-1.76,0.0
A702,29/10/2019,1,24.7,25.7,24.7,68,68,61,18.4,18.4,17.7,950.2,950.2,949.5,6.3,////,12.5,-3.39,0.0
A702,29/10/2019,2,24.8,24.8,24.5,63,68,63,17.2,18.4,17.2,950.4,950.6,950.1,4.1,////,9.2,-3.54,0.0
A702,29/10/2019,3,24.8,25.1,24.6,60,63,60,16.5,17.2,16.4,950.4,950.5,950.4,5.4,////,7.9,-3.54,0.0
A702,29/10/2019,4,24.1,24.8,23.9,61,64,60,16.2,16.8,16.2,950.2,950.5,950.0,4.7,////,8.5,-3.54,0.0
A702,29/10/2019,5,23.4,24.2,23.3,64,64,60,16.1,16.3,16.0,949.9,950.2,949.9,5.3,////,9.2,-3.54,0.0
A702,29/10/2019,6,23.8,23.8,23.4,58,64,58,15.1,16.1,15.1,949.3,949.9,949.3,4.4,////,8.9,-3.54,0.0
A702,29/10/2019,7,24.4,24.4,23.7,53,58,52,14.1,15.1,14.0,948.9,949.3,948.8,4.0,////,9.8,-3.54,0.0
A702,29/10/2019,8,24.2,24.7,24.2,53,53,51,14.0,14.0,13.8,948.8,948.9,948.7,3.9,////,9.7,-3.54,0.0
A702,29/10/2019,9,22.5,24.6,22.5,59,59,52,14.2,14.3,13.9,949.4,949.4,948.7,0.7,////,9.7,-3.41,0.0
A702,29/10/2019,10,24.5,24.5,22.3,55,60,55,14.9,15.2,14.1,950.2,950.2,949.4,0.8,////,1.8,196.4,0.0
A702,29/10/2019,11,28.3,28.3,24.5,41,56,41,13.9,15.4,13.9,951.1,951.1,950.1,2.5,////,4.5,897.9,0.0
A702,29/10/2019,12,30.4,30.8,28.2,39,42,37,14.8,14.9,13.8,951.3,951.3,951.0,2.4,////,5.6,1718.,0.0
A702,29/10/2019,13,31.4,32.3,30.3,40,40,38,16.3,16.6,14.7,951.4,951.4,951.1,4.3,////,7.6,2437.,0.0
A702,29/10/2019,14,32.5,32.9,31.2,37,41,37,16.0,16.6,16.0,951.4,951.6,951.4,4.0,////,10.3,2831.,0.0
A702,29/10/2019,15,33.6,34.3,32.4,37,38,35,16.8,16.8,15.9,950.7,951.4,950.7,4.3,////,9.9,3458.,0.0
A702,29/10/2019,16,33.8,35.4,33.1,35,37,32,16.3,16.9,15.6,950.0,950.7,950.0,3.5,////,10.2,3214.,0.0
A702,29/10/2019,17,34.8,36.0,33.2,33,37,31,16.0,16.9,15.8,949.2,950.1,949.2,4.2,////,8.9,2125.,0.0
A702,29/10/2019,18,34.5,36.1,34.3,33,34,30,15.8,16.5,15.5,948.4,949.2,948.3,3.7,////,10.5,2816.,0.0
A702,29/10/2019,19,35.1,36.1,34.3,32,33,30,15.9,16.3,15.5,947.8,948.4,947.7,3.1,////,8.1,2252.,0.0
A702,29/10/2019,20,35.0,36.3,34.9,30,32,28,15.1,16.1,14.5,947.2,947.8,947.1,2.6,////,7.9,1870.,0.0
A702,29/10/2019,21,34.3,35.7,34.3,31,31,29,14.8,15.6,14.8,947.1,947.3,947.1,3.3,////,6.8,971.9,0.0
A702,29/10/2019,22,32.0,34.4,32.0,37,37,31,15.6,15.7,14.6,947.3,947.4,947.1,0.6,////,6.5,164.0,0.0
A702,29/10/2019,23,29.6,32.0,29.6,46,46,37,16.7,16.8,15.6,947.8,947.8,947.3,1.9,////,2.8,-3.54,0.0
A702,30/10/2019,0,28.0,29.6,27.7,53,54,46,17.6,17.6,16.7,948.5,948.5,947.8,2.7,////,4.0,-3.54,0.0
A702,30/10/2019,1,27.8,28.5,27.5,54,55,52,17.7,17.9,17.6,949.1,949.1,948.5,2.0,////,4.1,-3.54,0.0
A702,30/10/2019,2,28.1,28.8,27.6,52,55,50,17.3,17.8,17.2,949.6,949.6,949.1,2.6,////,5.2,-3.54,0.0
A702,30/10/2019,3,28.9,29.2,28.0,46,52,45,16.0,17.3,15.9,949.4,949.6,949.4,3.8,////,6.4,-3.54,0.0
A702,30/10/2019,4,27.6,28.9,27.6,51,51,45,16.6,16.6,15.8,949.1,949.4,949.1,3.1,////,6.0,-3.54,0.0
A702,30/10/2019,5,27.4,28.0,27.4,51,52,50,16.5,16.7,16.4,948.8,949.1,948.7,2.5,////,5.0,-3.54,0.0
A702,30/10/2019,6,26.6,27.3,26.6,56,56,51,17.0,17.0,16.4,948.6,948.8,948.6,3.2,////,4.6,-3.54,0.0
A702,30/10/2019,7,26.1,26.7,26.0,60,60,56,17.7,17.7,17.0,948.7,948.8,948.6,2.6,////,4.6,-3.54,0.0
A702,30/10/2019,8,25.9,26.7,25.8,61,61,58,17.8,17.9,17.6,948.9,949.0,948.7,1.7,////,4.0,-3.54,0.0
A702,30/10/2019,9,25.6,25.9,25.1,62,64,61,17.7,17.9,17.7,949.3,949.3,948.8,2.6,////,3.9,-1.69,0.0
A702,30/10/2019,10,26.7,26.7,25.4,60,63,60,18.3,18.3,17.7,950.1,950.2,949.3,2.1,////,3.9,213.5,0.0
A702,30/10/2019,11,30.0,30.1,26.8,49,60,49,18.0,18.7,18.0,950.8,950.8,950.1,3.1,////,5.0,1053.,0.0
A702,30/10/2019,12,31.8,32.1,30.0,43,49,43,17.7,18.3,17.3,951.1,951.1,950.8,3.0,////,6.6,1681.,0.0
A702,30/10/2019,13,33.1,33.1,31.4,39,43,37,17.3,17.8,16.6,951.2,951.3,951.1,3.7,////,8.3,2246.,0.0
A702,30/10/2019,14,33.9,34.4,32.4,34,41,34,15.8,17.6,15.8,950.7,951.2,950.7,3.8,////,8.3,3158.,0.0
A702,30/10/2019,15,34.4,35.2,33.4,32,37,32,15.4,17.1,15.4,950.6,950.8,950.6,3.6,////,8.0,3422.,0.0
A702,30/10/2019,16,36.0,36.4,34.3,29,32,26,15.0,16.2,13.8,949.9,950.7,949.9,3.4,////,8.2,3258.,0.0
A702,30/10/2019,17,36.2,37.2,34.5,28,32,27,14.9,15.9,14.0,949.3,949.9,949.3,1.6,////,8.5,2743.,0.0
A702,30/10/2019,18,36.5,37.8,35.8,27,28,25,14.5,15.0,12.9,948.5,949.3,948.5,2.7,////,7.3,2846.,0.0
A702,30/10/2019,19,35.9,38.3,35.5,28,29,25,14.8,15.1,13.9,948.3,948.5,948.3,0.7,////,7.0,1458.,0.0
A702,30/10/2019,20,35.5,35.9,35.2,29,30,28,14.5,15.0,14.5,948.2,948.3,948.1,0.5,////,6.1,496.2,0.0
A702,30/10/2019,21,33.2,35.5,33.0,33,36,27,14.9,15.9,13.8,948.4,948.4,948.1,1.1,////,2.9,208.7,0.0
A702,30/10/2019,22,31.2,33.3,31.2,40,40,33,16.2,16.2,14.6,949.0,949.1,948.4,4.0,////,7.0,42.90,0.0
A702,30/10/2019,23,29.6,31.2,29.2,43,45,40,15.7,16.4,15.5,949.4,949.4,949.0,0.8,////,7.0,-3.51,0.0
A702,31/10/2019,0,27.5,29.7,27.5,51,51,41,16.6,16.6,14.8,950.0,950.0,949.4,1.4,////,3.0,-3.54,0.0
A702,31/10/2019,1,27.3,28.2,26.7,52,56,48,16.6,17.4,16.0,950.7,950.7,950.0,2.8,////,3.6,-3.54,0.0
A702,31/10/2019,2,27.6,29.1,26.7,52,56,47,16.9,17.3,16.3,950.9,951.0,950.7,2.5,////,4.7,-3.53,0.0
A702,31/10/2019,3,28.2,29.1,27.1,50,54,46,16.7,17.2,16.2,950.9,951.0,950.9,3.1,////,4.4,-3.54,0.0
A702,31/10/2019,4,26.6,28.1,26.4,57,57,50,17.3,17.3,16.6,950.4,950.9,950.4,2.5,////,4.0,-3.54,0.0
A702,31/10/2019,5,26.9,27.1,26.2,54,57,54,16.8,17.6,16.8,949.9,950.4,949.9,2.4,////,3.4,-3.54,0.0
A702,31/10/2019,6,27.6,27.8,26.5,51,55,50,16.4,16.8,16.3,950.0,950.0,949.8,3.5,////,4.8,-3.54,0.0
A702,31/10/2019,7,28.5,28.7,27.6,48,51,47,16.3,16.4,16.1,950.2,950.2,949.9,3.6,////,6.2,-3.54,0.0
A702,31/10/2019,8,29.3,29.3,28.2,42,49,42,14.8,16.4,14.8,950.4,950.5,950.2,4.3,////,6.1,-3.54,0.0
A702,31/10/2019,9,29.7,30.0,29.0,41,42,39,15.1,15.1,14.5,950.8,950.8,950.4,4.5,////,7.9,-3.52,0.0
A702,31/10/2019,10,29.6,29.7,29.1,43,43,40,15.7,15.7,14.6,951.7,951.7,950.8,3.1,////,7.9,221.1,0.0
A702,31/10/2019,11,32.1,32.3,29.6,38,43,37,15.8,16.1,15.4,952.3,952.3,951.7,4.0,////,7.0,986.4,0.0
A702,31/10/2019,12,32.9,33.3,31.9,34,38,34,15.2,16.3,15.0,952.5,952.6,952.3,3.4,////,7.8,1841.,0.0
A702,31/10/2019,13,34.5,34.9,32.7,32,36,31,15.4,16.3,15.0,952.6,952.9,952.5,3.0,////,6.4,2575.,0.0
A702,31/10/2019,14,36.2,36.6,34.1,29,33,28,15.1,15.7,14.4,952.3,952.6,952.2,3.0,////,11.0,3153.,0.0
A702,31/10/2019,15,37.0,37.4,35.5,27,29,27,14.8,15.6,14.5,951.8,952.3,951.8,3.1,////,7.3,3542.,0.0
A702,31/10/2019,16,38.4,38.9,36.2,25,27,23,14.6,15.0,13.0,950.9,951.8,950.9,2.9,////,7.3,3710.,0.0
A702,31/10/2019,17,38.2,39.2,36.2,21,26,21,12.3,14.2,12.3,949.5,950.9,949.5,3.0,////,7.6,2821.,0.0
A702,31/10/2019,18,39.5,39.6,37.4,20,23,20,12.4,13.3,11.2,948.5,949.5,948.5,2.3,////,8.5,2925.,0.0
A702,31/10/2019,19,35.0,39.5,32.1,22,37,18,10.3,15.6,6.6,948.0,948.6,948.0,0.8,////,13.0,1340.,0.0
A702,31/10/2019,20,32.0,36.9,32.0,37,37,21,15.5,15.6,9.7,948.2,948.2,948.0,2.5,////,11.4,863.8,0.0
A702,31/10/2019,21,31.2,32.0,31.0,38,41,36,15.1,16.1,14.8,949.4,949.4,948.1,3.3,////,6.2,265.1,0.0
A702,31/10/2019,22,28.3,31.2,28.3,48,49,37,16.4,16.6,14.9,950.7,950.7,949.4,2.2,////,7.9,63.85,0.0
A702,31/10/2019,23,26.6,28.3,26.6,49,49,45,15.1,16.4,14.7,951.6,951.8,950.7,4.6,////,8.7,-3.54,0.0
