"","DIA","TIME","IRR","TEMP","MA","PDC"
"1",1,1,7.5,22,0.54763,60.17
"2",1,2,13.1,22.25,0.54771,108.26
"3",1,3,16.7,22.59,0.54776,140.96
"4",1,4,20.2,22.64,0.54786,169.93
"5",1,5,24.2,22.78,0.54794,215.28
"6",1,6,28.3,23.07,0.54804,256.8
"7",1,7,31.4,23.31,0.54811,283.78
"8",1,8,77.1,24.84,0.5482,824.63
"9",1,9,122.1,27.76,0.5483,1295.41
"10",1,10,160.9,28.36,0.54839,1694.45
"11",1,11,222.4,30.38,0.54848,2285.76
"12",1,12,265.8,30.28,0.54856,2698.17
"13",1,13,307.8,30.31,0.54867,3097.99
"14",1,14,351.3,30.48,0.54883,3484.43
"15",1,15,392.4,31.15,0.54899,3867.91
"16",1,16,435,31,0.54919,4259.59
"17",1,17,476,31.69,0.54937,4605.14
"18",1,18,517.5,31.75,0.54952,4937.13
"19",1,19,558.3,32.46,0.54965,5243.92
"20",1,20,598.4,32.8,0.5498,5583.46
"21",1,21,622.5,33.65,0.54989,5751.33
"22",1,22,597.7,33.67,0.55001,5507.56
"23",1,23,725,33.99,0.55011,6546.73
"24",1,24,745.2,34.94,0.5502,6616.45
"25",1,25,579.4,34.87,0.55032,5118.58
"26",1,26,558,32.22,0.55043,4848.31
"27",1,27,690.8,34.49,0.5506,5920.5
"28",1,28,666.7,33.3,0.55073,5711.17
"29",1,29,858.8,33.45,0.55086,7200.15
"30",1,30,568,32.84,0.55097,4852.82
"31",1,31,910.5,34.32,0.55106,7657.11
"32",1,32,956.6,34.99,0.55118,8101.06
"33",1,33,965.6,34.02,0.5513,7806.38
"34",1,34,982.6,34.66,0.55141,8179.76
"35",1,35,882.4,35.06,0.55153,7091.66
"36",1,36,1040.8,33.71,0.55168,8365.37
"37",1,37,1066.1,35.67,0.55179,8430.16
"38",1,38,1059.2,34.47,0.55188,8325.1
"39",1,39,811.6,33.28,0.55203,6093.61
"40",1,40,1065.1,33.09,0.55216,7862.93
"41",1,41,875.3,33.74,0.55226,6452.85
"42",1,42,342.5,32.42,0.55236,2788.6
"43",1,43,793.5,33.42,0.55246,5821.44
"44",1,44,1076.5,33.43,0.55259,8420.4
"45",1,45,1048,34.99,0.55269,8426.35
"46",1,46,996.7,35.26,0.55282,7347.13
"47",1,47,1073.1,35.35,0.55293,8422.97
"48",1,48,1032.8,35.65,0.55304,8392.41
"49",1,49,1020.2,35.87,0.55309,8326.63
"50",1,50,995.6,35.59,0.55317,8176.87
"51",1,51,972.7,36.07,0.55327,8023.89
"52",1,52,949.1,35.91,0.55335,7842.61
"53",1,53,769.6,35.8,0.55339,6571.56
"54",1,54,881.4,36.27,0.5535,7354.72
"55",1,55,877.6,36.98,0.55358,7342.35
"56",1,56,859.9,36.68,0.55365,7219.83
"57",1,57,817.5,36.61,0.55374,6923.71
"58",1,58,808.9,37.82,0.5538,6862.99
"59",1,59,775.6,38.04,0.55389,6574.38
"60",1,60,523.7,36.68,0.55396,4482.73
"61",1,61,659.2,37.3,0.55401,5728.87
"62",1,62,657.7,37.88,0.5541,5644.11
"63",1,63,658.1,37.88,0.55421,5631.51
"64",1,64,587.9,36.78,0.55429,4987.8
"65",1,65,503.9,38.17,0.55436,3963.42
"66",1,66,252.7,35.5,0.55444,1987.49
"67",1,67,234.1,33.11,0.5545,1778.78
"68",1,68,144.5,33.62,0.55458,1157.48
"69",1,69,311.6,33.99,0.55464,1841.62
"70",1,70,126.9,33.71,0.55474,994.14
"71",1,71,76.9,30.79,0.55492,675.19
"72",1,72,74,29.63,0.555,629.75
"73",1,73,60.2,29.6,0.55512,521.76
"74",1,74,57.6,29.44,0.55515,502.58
"75",1,75,58.8,29.79,0.55525,464.58
"76",1,76,40.9,31.83,0.55534,311.85
"77",1,77,28.9,31.02,0.55545,244.98
"78",1,78,10.2,29.43,0.55551,89.91
"79",1,79,4.3,28.34,0.55557,40.35
"80",2,1,0.1,23.56,0.5611,0
"81",2,2,4.8,23.69,0.56122,30.54
"82",2,3,12.4,23.98,0.56131,95.93
"83",2,4,16.1,24.27,0.56132,129.43
"84",2,5,30.5,24.37,0.56132,263.33
"85",2,6,50.2,24.7,0.56138,446.51
"86",2,7,77.5,25.56,0.56136,709.57
"87",2,8,106.1,28.18,0.56137,1033.35
"88",2,9,137.2,28.89,0.56141,1355.79
"89",2,10,129,30.81,0.56146,1266.9
"90",2,11,156.7,31.91,0.56149,1560.81
"91",2,12,197.2,32.6,0.56151,1958.48
"92",2,13,250.7,32.9,0.56159,2471.38
"93",2,14,261,33.25,0.56165,2548.9
"94",2,15,350.2,33.1,0.56173,3426.95
"95",2,16,403.8,35.33,0.56178,3881.91
"96",2,17,507.2,34.86,0.56188,4762.32
"97",2,18,417.3,33.34,0.56202,3924.02
"98",2,19,596.1,34.34,0.5622,5535.6
"99",2,20,363.8,33.44,0.5623,3283.73
"100",2,21,340.1,31.02,0.56243,3098.54
"101",2,22,507,31.88,0.56249,4679.65
"102",2,23,477.7,32.96,0.56252,4307.43
"103",2,24,515.2,33.05,0.56256,4695.18
"104",2,25,493.7,32.25,0.56263,4462.96
"105",2,26,623,33.59,0.56269,5655.56
"106",2,27,540.6,33.74,0.56272,4902.06
"107",2,28,873.7,34.67,0.56279,7630.49
"108",2,29,816.7,35.74,0.56283,7058.83
"109",2,30,899.4,36.01,0.56285,7655.53
"110",2,31,821.2,34.79,0.56288,6968.84
"111",2,32,954.2,35.05,0.56296,8026.81
"112",2,33,930.3,35.71,0.56302,7791.98
"113",2,34,997.5,35.91,0.56307,8284.36
"114",2,35,1006.9,35.27,0.56312,8327.22
"115",2,36,1008.2,35.84,0.56315,8301.13
"116",2,37,1013.2,35.45,0.56319,8377.15
"117",2,38,1049.4,35.75,0.56322,8419.83
"118",2,39,725.4,34.88,0.56326,5667.64
"119",2,40,1054.8,34.84,0.56334,8404.28
"120",2,41,847.8,34,0.5634,6469.73
"121",2,42,796.8,34.3,0.56347,5876.33
"122",2,43,1013.7,34.4,0.56351,7892.61
"123",2,44,1048.5,35.39,0.56354,8419.02
"124",2,45,1053.8,35.79,0.56358,8422.14
"125",2,46,1069.1,35.73,0.56364,8423.51
"126",2,47,1086.2,36.01,0.56372,8420.43
"127",2,48,1074.2,36.57,0.56378,8424.93
"128",2,49,1060.7,36.71,0.56382,8437.01
"129",2,50,971.9,37.09,0.56385,7701.1
"130",2,51,955.4,36.48,0.56393,7664.19
"131",2,52,1050.5,37.31,0.56398,8427.31
"132",2,53,1014,36.73,0.56407,8289.56
"133",2,54,454.9,35.36,0.56412,3953.81
"134",2,55,890.15,36.97,0.56418,7609.45
"135",2,56,841.55,36.69,0.56422,7100.59
"136",2,57,806.4,37.09,0.56425,6825.41
"137",2,58,755.1,37.21,0.56427,6396.43
"138",2,59,766.6,37.67,0.56431,6485.72
"139",2,60,766.5,39.12,0.56436,6502.77
"140",2,61,779,38.14,0.56441,6638.77
"141",2,62,807.7,39.45,0.56445,6730.53
"142",2,63,760.3,38.61,0.56451,6376.35
"143",2,64,529.4,38.08,0.56459,4442.26
"144",2,65,583.7,33.87,0.56467,5035.02
"145",2,66,610,34.5,0.56477,5045.73
"146",2,67,555,35.04,0.56485,4087.84
"147",2,68,139.5,31.81,0.56491,1168.08
"148",2,69,138,30.14,0.56493,1144.62
"149",2,70,144.3,28.74,0.56503,1302.54
"150",2,71,139.5,27.78,0.5651,1250.28
"151",2,72,120.1,27.91,0.56514,1021.96
"152",2,73,169.4,30.1,0.56515,1170.33
"153",2,74,173.3,31.33,0.56522,983.44
"154",2,75,132.3,32.46,0.56524,818.29
"155",2,76,89,31.82,0.56526,594.63
"156",2,77,51.4,32.24,0.56527,371.06
"157",2,78,30.6,31.68,0.56525,249.65
"158",2,79,14.8,29.55,0.56524,126.8
"159",2,80,5.2,27.54,0.5652,49.36
"160",2,81,0.2,27.07,0.56518,14.93
"161",3,1,7,19.1,0.56555,47.94
"162",3,2,11.8,19.15,0.56552,88.27
"163",3,3,19.9,19.51,0.56551,151.6
"164",3,4,27.2,20.1,0.5655,207.72
"165",3,5,38.7,21.85,0.56551,312.1
"166",3,6,55.9,24.11,0.5655,483.37
"167",3,7,68.7,24.72,0.5655,724.45
"168",3,8,94.7,25.8,0.5655,1008.64
"169",3,9,129.4,26.76,0.56551,1352.75
"170",3,10,168.2,27.09,0.5655,1740.2
"171",3,11,210,27.21,0.5655,2161.24
"172",3,12,254.5,28.13,0.5655,2584.78
"173",3,13,298.7,28.07,0.56551,2994.64
"174",3,14,343.7,29.34,0.56549,3326.02
"175",3,15,388.8,29.16,0.5655,3815.82
"176",3,16,432,29.94,0.5655,4210.66
"177",3,17,475.9,30.42,0.56549,4571.98
"178",3,18,518.8,30.5,0.56549,4915.39
"179",3,19,561.7,31.01,0.56549,5268.48
"180",3,20,602.2,30.99,0.56548,5597.96
"181",3,21,641.8,32.18,0.56547,5908.26
"182",3,22,678.2,32.85,0.56547,6158.44
"183",3,23,713.6,33.03,0.56546,6418.5
"184",3,24,757.1,33.48,0.56544,6727.5
"185",3,25,796,32.94,0.56545,7107.36
"186",3,26,831.9,32.85,0.56543,7243.08
"187",3,27,844.1,32.37,0.56544,7147.7
"188",3,28,851.6,32.35,0.56545,7280.96
"189",3,29,986.3,35.02,0.56542,8232.42
"190",3,30,1038.4,34.01,0.56541,8417.78
"191",3,31,1060.9,33.51,0.5654,8420.62
"192",3,32,947.3,33.92,0.56539,7183.11
"193",3,33,731.2,31.91,0.56537,5998.21
"194",3,34,679.7,32.75,0.56538,5280.97
"195",3,35,638,32.82,0.56538,5030.75
"196",3,36,1055.6,33.56,0.5654,7486.98
"197",3,37,600.3,33.36,0.56542,4547.81
"198",3,38,1054.7,32.52,0.56544,7177.3
"199",3,39,380.4,30.9,0.56546,3276.32
"200",3,40,235.1,30.04,0.56548,2047.1
"201",3,41,278.3,29.65,0.5655,2520.38
"202",3,42,284.9,29.5,0.56554,2577.01
"203",3,43,921,30.42,0.56555,6682.88
"204",3,44,786.9,33.11,0.56557,5836.3
"205",3,45,238.4,30.4,0.56557,1965.96
"206",3,46,262.8,29.6,0.56558,2326.49
"207",3,47,567.4,29.79,0.56561,4901.9
"208",3,48,947.6,33.58,0.56561,7582.38
"209",3,49,1067,32.95,0.56565,8402.57
"210",3,50,972.6,33.18,0.56573,7439.6
"211",3,51,1072.6,33.19,0.56576,8308.29
"212",3,52,734.9,32.47,0.56582,5990.06
"213",3,53,672.5,32.69,0.56585,5280.24
"214",3,54,293.3,30.89,0.56587,2685.54
"215",3,55,671.1,32.04,0.56591,5684.24
"216",3,56,899.5,32.09,0.56597,7607.08
"217",3,57,935.5,33.89,0.56601,7865.62
"218",3,58,841.9,33.81,0.56607,7134.4
"219",3,59,760.3,33.52,0.56611,6536.98
"220",3,60,617.4,33.97,0.56617,5280.51
"221",3,61,674,33.42,0.56622,5842.41
"222",3,62,638,34.26,0.56626,5495.48
"223",3,63,576,33.54,0.56634,4993.98
"224",3,64,518,33.13,0.5664,4473.86
"225",3,65,469.7,33.52,0.56646,4046.87
"226",3,66,425.2,33.26,0.56652,3688.31
"227",3,67,377.9,33.43,0.56655,2959.92
"228",3,68,330.7,32.82,0.5666,2055.21
"229",3,69,285.7,32.91,0.56665,1614.74
"230",3,70,240.7,32.45,0.5667,1267.78
"231",3,71,196.5,32.44,0.56673,856.55
"232",3,72,135.4,32.36,0.56677,571.04
"233",3,73,117.5,31.49,0.56681,466.75
"234",3,74,84.5,31.28,0.56683,400.88
"235",3,75,57,30.5,0.56689,325.62
"236",3,76,36,30.01,0.56692,252.09
"237",3,77,22.2,28.89,0.56693,179.11
"238",3,78,14.1,27.6,0.56694,111.82
"239",3,79,5.8,26.96,0.56694,51.87
"240",3,80,0.1,26.71,0.56696,9.03
"241",4,1,6,20.62,0.56805,45.66
"242",4,2,11.9,20.79,0.56806,91.41
"243",4,3,20.2,21.11,0.56806,162.67
"244",4,4,28.6,21.61,0.56807,230.09
"245",4,5,36.6,23.49,0.56807,323.67
"246",4,6,49.2,26.2,0.56809,479.27
"247",4,7,69.8,27.86,0.56809,700.49
"248",4,8,97.2,28.86,0.5681,994.77
"249",4,9,131.5,29.54,0.56811,1337.79
"250",4,10,169.7,30,0.56814,1715.79
"251",4,11,210.8,30.16,0.56816,2116.29
"252",4,12,253,30.37,0.5682,2478.54
"253",4,13,297.1,30.96,0.56823,2932.36
"254",4,14,341.6,31.16,0.56826,3372.74
"255",4,15,387.1,31.62,0.5683,3758.39
"256",4,16,431.2,31.23,0.56836,4136.89
"257",4,17,475.3,31.96,0.56842,4508.32
"258",4,18,517.4,32.81,0.56845,4885.06
"259",4,19,557.4,33.33,0.56847,5191.9
"260",4,20,598.8,32.72,0.56855,5521.46
"261",4,21,638.5,33.47,0.56859,5822.42
"262",4,22,675.8,33.26,0.56865,6127.85
"263",4,23,711.7,33.51,0.56869,6324.14
"264",4,24,748.9,34.12,0.56872,6649.42
"265",4,25,784.5,33.67,0.56877,6935.99
"266",4,26,818.3,33.8,0.56882,7150.44
"267",4,27,846.7,33.66,0.56888,7369.51
"268",4,28,873.8,33.5,0.56893,7500.05
"269",4,29,900.8,34.1,0.56897,7671.16
"270",4,30,926.5,34.68,0.56897,7828.82
"271",4,31,948.2,34.61,0.56899,8013.45
"272",4,32,971.2,35.98,0.56898,8047.85
"273",4,33,1000.8,34.76,0.56901,8249.19
"274",4,34,1030.4,34.27,0.56905,8359.2
"275",4,35,1037.7,35.06,0.56904,8415.97
"276",4,36,1047.9,35.16,0.56907,8395.36
"277",4,37,1096.7,34.35,0.56911,8420.59
"278",4,38,1044.8,34.29,0.56912,8149.25
"279",4,39,721,33.09,0.56913,5956.67
"280",4,40,1113.4,33.49,0.56914,8131.6
"281",4,41,1037.6,33.23,0.56914,7578.4
"282",4,42,1109.2,33.58,0.56917,7767.17
"283",4,43,1094.2,34.77,0.56917,7838.42
"284",4,44,1127.3,36.86,0.56918,7906.48
"285",4,45,661.9,34.9,0.56921,4265.46
"286",4,46,634.1,32.86,0.56925,5211.77
"287",4,47,273.85,33.22,0.56927,2378.23
"288",4,48,838.8,33.06,0.56929,6239.39
"289",4,49,799.9,34.54,0.56935,5920.8
"290",4,50,753,34.73,0.56939,6277.3
"291",4,51,547.7,33.33,0.56944,4477.2
"292",4,52,555.9,34.32,0.56947,4419.05
"293",4,53,859.4,33.69,0.56948,7034.81
"294",4,54,981.5,35.3,0.56954,8153.23
"295",4,55,880.6,35.93,0.56955,7227.7
"296",4,56,651.8,35.31,0.56958,5416.58
"297",4,57,890.8,35.06,0.56961,7320
"298",4,58,834.9,35.85,0.56962,6968.14
"299",4,59,857.5,35.65,0.5697,7161.43
"300",4,60,784.4,36.35,0.56976,6588.83
"301",4,61,754.2,35.44,0.56982,6340.56
"302",4,62,708.8,35.43,0.56987,5924.6
"303",4,63,682.9,34.99,0.56995,5758.5
"304",4,64,620.2,35.09,0.57002,5249.46
"305",4,65,540.8,34.76,0.5701,4575.29
"306",4,66,483,35.44,0.57015,4093.36
"307",4,67,424.5,34.84,0.57021,3448
"308",4,68,355.3,34.74,0.57024,2374.89
"309",4,69,317.5,34.21,0.5703,1905.89
"310",4,70,263.2,33.68,0.57038,1487.93
"311",4,71,214.5,33.38,0.57044,1089.26
"312",4,72,165.5,33.23,0.57049,840.58
"313",4,73,140.2,32.92,0.57053,734.18
"314",4,74,101.2,32.39,0.57059,602.02
"315",4,75,65.9,31.93,0.57061,449.84
"316",4,76,48,31.11,0.57064,367.15
"317",4,77,32.8,30.01,0.57066,258.42
"318",4,78,25.5,29.37,0.57068,209.22
"319",4,79,12.6,29.05,0.57069,102.06
"320",4,80,0.6,28.85,0.57071,14.19
"321",5,1,5.67,23.31,0.57269,39.56
"322",5,2,9.9,23.39,0.5727,78.32
"323",5,3,18.5,23.77,0.57271,146.81
"324",5,4,27,24.16,0.57271,217.24
"325",5,5,35.6,25.65,0.57274,312.1
"326",5,6,48.3,27.91,0.57275,465.01
"327",5,7,68.1,28.56,0.57279,685.23
"328",5,8,95.2,29.44,0.57284,968.02
"329",5,9,128.8,29.66,0.57289,1299.34
"330",5,10,164.6,30.08,0.57295,1644.77
"331",5,11,206.05,30.21,0.57303,2054.44
"332",5,12,249.5,31.12,0.57308,2463.56
"333",5,13,293.15,31.09,0.57314,2879.41
"334",5,14,337.2,30.68,0.57325,3328.43
"335",5,15,381.4,31.54,0.57333,3705.09
"336",5,16,425.4,31.91,0.57341,4088.78
"337",5,17,466.7,32.41,0.5735,4423.47
"338",5,18,512.2,32.85,0.57359,4816.34
"339",5,19,551.5,33.1,0.57366,5149.71
"340",5,20,592.75,33.74,0.57374,5460.98
"341",5,21,648.2,32.83,0.57386,5902.65
"342",5,22,679.9,33.61,0.57401,6107.12
"343",5,23,708.8,33.84,0.5741,6166.11
"344",5,24,739.2,34.41,0.57419,6536.57
"345",5,25,772.7,34.2,0.57426,6792.2
"346",5,26,804.4,34.17,0.57436,7029.74
"347",5,27,840.7,34.49,0.57445,7255.9
"348",5,28,853.5,34.43,0.57454,7083.77
"349",5,29,581.65,34.07,0.5746,4926.86
"350",5,30,264.6,33.2,0.57465,2292.94
"351",5,31,682.9,33.27,0.57469,5230.16
"352",5,32,258.6,32.41,0.5747,2327.07
"353",5,33,913.2,33.73,0.57472,6893.34
"354",5,34,865.3,35.62,0.57474,6332.21
"355",5,35,677,33.26,0.57476,4524.77
"356",5,36,1121.3,34.83,0.57479,8417.95
"357",5,37,661.1,35.63,0.57484,5461.71
"358",5,38,568,33.02,0.57486,4266.81
"359",5,39,1197.9,34.17,0.57489,8020.54
"360",5,40,484.4,34.53,0.57491,3438.28
"361",5,41,1168.9,33.31,0.57497,8181.9
"362",5,42,808.6,33.74,0.575,5662.41
"363",5,43,1061.8,34.61,0.57504,7804.52
"364",5,44,1114.4,34.68,0.57509,8415.79
"365",5,45,1083.8,34.52,0.57515,8404.56
"366",5,46,1095.4,34.6,0.57523,8081.29
"367",5,47,511.85,34.58,0.57527,3519.56
"368",5,48,1112.3,33.85,0.57534,8263.6
"369",5,49,854.3,34.74,0.57541,6707.92
"370",5,50,675.9,34.59,0.5755,5238.23
"371",5,51,947,34.19,0.57558,7746.21
"372",5,52,459.7,34.84,0.57564,3800.1
"373",5,53,660.7,33.39,0.57574,5394.95
"374",5,54,481.1,33.41,0.57578,4152.69
"375",5,55,893.8,35.41,0.57585,7591.12
"376",5,56,866.75,35.39,0.57593,7320.17
"377",5,57,770.6,35.71,0.57602,6576.59
"378",5,58,628.8,35.38,0.57607,5430.04
"379",5,59,579.6,34.48,0.57614,4969.14
"380",5,60,724,35.2,0.5762,6272.96
"381",5,61,823.8,36.19,0.57626,6989.59
"382",5,62,726.4,36.07,0.57632,5660.8
"383",5,63,548.2,35.78,0.5764,4627.04
"384",5,64,606.3,35.63,0.57647,5133.02
"385",5,65,392.9,34.12,0.57661,3288.97
"386",5,66,199.9,32.69,0.57668,1686.19
"387",5,67,105.2,31.17,0.57674,889.92
"388",5,68,111.9,30.64,0.57677,962.97
"389",5,69,195.35,30.66,0.5768,1454.54
"390",5,70,322.9,31.74,0.57692,2197.72
"391",5,71,281.5,32.85,0.57699,1896.03
"392",5,72,219.9,32.07,0.57705,1529.05
"393",5,73,177.15,31.79,0.57711,1168.92
"394",5,74,127.7,31.31,0.57717,841.64
"395",5,75,80,31.11,0.57722,571.37
"396",5,76,54.45,30.87,0.57725,410.07
"397",5,77,35.6,29.56,0.57725,289.27
"398",5,78,21.9,28.49,0.57728,181.16
"399",5,79,10.2,28.01,0.5773,84.19
"400",5,80,0.8,27.51,0.57731,14.08
"401",6,1,5,22.7,0.57925,39.59
"402",6,2,10.2,22.58,0.57924,77.57
"403",6,3,17.8,23.18,0.57923,146.6
"404",6,4,27.1,23.62,0.57921,222.38
"405",6,5,35.3,24.81,0.57919,311.76
"406",6,6,47.6,27.42,0.57917,454.01
"407",6,7,66.6,29.75,0.57916,664.08
"408",6,8,93.2,30.79,0.57915,938.22
"409",6,9,126.2,32.51,0.57916,1267.44
"410",6,10,163.8,33.09,0.57916,1629.55
"411",6,11,203.9,32.93,0.57918,2013.14
"412",6,12,244.9,32.9,0.57922,2413.22
"413",6,13,289,32.47,0.57928,2837.04
"414",6,14,331.7,33.15,0.57933,3234.74
"415",6,15,375.7,33.56,0.57937,3620.79
"416",6,16,419.4,35.08,0.5794,3976.45
"417",6,17,462.4,34.26,0.57945,4338.9
"418",6,18,505.6,33.36,0.57953,4739.56
"419",6,19,547.5,33.82,0.57962,5056.13
"420",6,20,588.1,33.56,0.57972,5390.85
"421",6,21,627.7,34.04,0.5798,5711.97
"422",6,22,663.5,33.93,0.57988,5987.37
"423",6,23,699.9,34.38,0.57999,6254.97
"424",6,24,734.5,35.49,0.58007,6487.46
"425",6,25,767.65,34.42,0.58017,6760.8
"426",6,26,800.85,34.31,0.58029,6980.86
"427",6,27,829.7,34.41,0.58038,7205.8
"428",6,28,856.5,35.13,0.58047,7406.14
"429",6,29,881.75,35.19,0.58057,7529.61
"430",6,30,826.3,34.02,0.58072,7223.2
"431",6,31,931.5,34.24,0.58083,7943.44
"432",6,32,961.4,34.83,0.5809,8116.39
"433",6,33,911.9,34.63,0.581,7560.01
"434",6,34,1020.5,34.51,0.58106,8433.57
"435",6,35,1028.4,34.88,0.58114,8434.07
"436",6,36,772.7,34.72,0.58124,6479.67
"437",6,37,784.9,33.3,0.58133,5832.7
"438",6,38,717.2,33.63,0.58142,5281.85
"439",6,39,499.2,32.94,0.5815,3846.75
"440",6,40,678,32.11,0.58156,5566.06
"441",6,41,797.5,33.41,0.58166,5914.84
"442",6,42,960,33.11,0.58175,7128.82
"443",6,43,1018.9,34.6,0.58182,7638.92
"444",6,44,1072.3,34.72,0.58189,7794.21
"445",6,45,1096.7,34.75,0.58197,8434.86
"446",6,46,1043.8,35.18,0.58206,7781.11
"447",6,47,1116.9,35.58,0.58211,8431.6
"448",6,48,1030.4,35.09,0.58221,7638.58
"449",6,49,1066.5,35.04,0.58231,8414.23
"450",6,50,1041.7,35.44,0.58239,8407.66
"451",6,51,838.6,35.38,0.58251,6846.48
"452",6,52,891.2,35.14,0.58261,7390.05
"453",6,53,867,35.15,0.58273,6563.46
"454",6,54,782.6,34.61,0.58284,6685.39
"455",6,55,631.1,35.47,0.58294,5276.68
"456",6,56,237.4,32.99,0.58303,2054.37
"457",6,57,848.8,34.56,0.58311,7203.48
"458",6,58,670.8,35.34,0.58319,5726.4
"459",6,59,796.2,36.1,0.5833,6717.04
"460",6,60,720.3,36.48,0.58339,6117.72
"461",6,61,620.3,36.12,0.58349,5200.88
"462",6,62,650.1,36.48,0.58357,5482.62
"463",6,63,557.2,36.18,0.58365,4731.85
"464",6,64,481.3,35.77,0.58373,4071.52
"465",6,65,513.8,35.7,0.58381,4338.95
"466",6,66,350.9,35.7,0.58389,2959.28
"467",6,67,170,32.85,0.58399,1413.34
"468",6,68,174.2,32.47,0.58408,1394.07
"469",6,69,101.3,31.98,0.58414,858.89
"470",6,70,92,31.41,0.58418,809.19
"471",6,71,92,30.92,0.58425,818.68
"472",6,72,74.2,30.78,0.5843,658.52
"473",6,73,52.2,30.56,0.58436,457.89
"474",6,74,38.9,30.15,0.5844,333.07
"475",6,75,26.6,29.94,0.58442,229.14
"476",6,76,17.1,29.75,0.58447,144.38
"477",6,77,9,29.67,0.58452,73.41
"478",6,78,1,29.51,0.58457,21.82
"479",6,79,0.1,22.59,0.58646,0
"480",7,1,5.33,23.99,0.58806,39.85
"481",7,2,11.5,24,0.58817,85.8
"482",7,3,20.5,24.02,0.58829,161.7
"483",7,4,29.5,24.24,0.58842,232.13
"484",7,5,38.8,24.96,0.58853,328.04
"485",7,6,49.7,26.3,0.58861,478.4
"486",7,7,69.1,27.38,0.58866,695.19
"487",7,8,95.9,27.84,0.58873,967.68
"488",7,9,129.4,28.23,0.58883,1264.23
"489",7,10,164.2,28.5,0.58892,1644.88
"490",7,11,203.9,28.74,0.58905,1964.63
"491",7,12,226.5,28.65,0.58914,2285.74
"492",7,13,232.9,28.33,0.58924,2175.35
"493",7,14,289.9,26.69,0.58935,2658.06
"494",7,15,395.4,28.93,0.58946,3841.35
"495",7,16,297.3,28.94,0.58958,2948.36
"496",7,17,487.3,28.5,0.58969,4273.01
"497",7,18,315.6,28.23,0.58981,2946.52
"498",7,19,352.8,26.96,0.58997,3257.19
"499",7,20,525.4,28.7,0.59006,5094.17
"500",7,21,545.6,29.1,0.59016,4529.11
"501",7,22,534.1,28.71,0.59027,4834.05
"502",7,23,552.7,29.1,0.59037,4586.88
"503",7,24,485.9,28.59,0.59047,4236.78
"504",7,25,731.4,28.88,0.59063,6006.67
"505",7,26,787.1,29.63,0.59075,6993.74
"506",7,27,655.8,30.44,0.59088,5073.81
"507",7,28,792.5,30.09,0.59097,5889.88
"508",7,29,615.9,29.88,0.59105,4937.37
"509",7,30,828.9,29.63,0.59111,6828.54
"510",7,31,891.4,31.37,0.5912,7202.04
"511",7,32,1058,31.58,0.59131,8419.48
"512",7,33,844.3,31.12,0.59142,6814.25
"513",7,34,976.1,31.26,0.59154,7464.9
"514",7,35,1075.2,31.75,0.59166,8417.52
"515",7,36,1074.8,32.7,0.59174,7949.98
"516",7,37,773.2,31.24,0.59185,5938.74
"517",7,38,829.8,32.4,0.59193,6176.13
"518",7,39,754.9,30.45,0.59201,5633.48
"519",7,40,1008.3,31.12,0.59214,6988.69
"520",7,41,829.3,31.37,0.59222,6132.53
"521",7,42,905.6,31.9,0.59231,6117.53
"522",7,43,1009,31.9,0.59239,7412.06
"523",7,44,1120.6,32.12,0.59249,8416.44
"524",7,45,877.25,31.91,0.59259,6294.14
"525",7,46,965.7,32.05,0.59268,7348.11
"526",7,47,745.55,32,0.59276,5775.74
"527",7,48,970.1,32.75,0.59288,8406.14
"528",7,49,722.3,32.29,0.59299,5496.8
"529",7,50,589.9,32.31,0.59308,4431.46
"530",7,51,1045.2,31.73,0.59315,7491.03
"531",7,52,930.8,32.97,0.59321,7480.32
"532",7,53,914.4,32.89,0.59332,7712.64
"533",7,54,789.4,33.03,0.59337,6446.7
"534",7,55,878.8,33.62,0.59345,7409.43
"535",7,56,654.1,33.25,0.59354,5492.46
"536",7,57,707.7,32.68,0.5936,5888.28
"537",7,58,468.1,32.93,0.59369,3762.53
"538",7,59,629.2,33.12,0.59375,5472.73
"539",7,60,691.3,34.44,0.5938,5973.71
"540",7,61,341.5,33.94,0.59385,2875.32
"541",7,62,318.4,29.66,0.59396,2965.98
"542",7,63,267.2,23.82,0.59404,2489.9
"543",7,64,82.7,23.63,0.59414,746.42
"544",7,65,148.4,21.13,0.59418,1367.82
"545",7,66,182.7,23.02,0.59419,1687.26
"546",7,67,309.5,24.81,0.59416,2719.33
"547",7,68,277.3,29.15,0.59414,2244.66
"548",7,69,181.7,27.75,0.59414,1264.08
"549",7,70,156.4,28.34,0.59415,1101.13
"550",7,71,178.2,28.84,0.59415,1100.73
"551",7,72,98.6,29.35,0.59411,762.03
"552",7,73,64.5,26.35,0.59408,515.41
"553",7,74,66.7,25.81,0.59406,517.24
"554",7,75,76.2,27.66,0.59403,549.95
"555",7,76,37.4,27.64,0.59411,307.83
"556",7,77,18.1,25.69,0.5942,143.81
"557",7,78,7.6,25.01,0.59428,64.07
"558",7,79,1,24.62,0.59433,14.74
"559",8,1,5.8,22.93,0.59799,40.62
"560",8,2,9.7,22.96,0.59801,73.59
"561",8,3,12.9,23.07,0.59803,106.77
"562",8,4,19.8,23.14,0.59806,158.94
"563",8,5,31.9,23.28,0.5981,264.69
"564",8,6,51.1,23.48,0.59812,441.19
"565",8,7,73.5,23.68,0.59815,646.96
"566",8,8,88.2,23.94,0.59817,783.21
"567",8,9,96.8,24.23,0.59818,863.24
"568",8,10,97.3,24.4,0.5982,866.06
"569",8,11,110.8,24.48,0.59821,977.74
"570",8,12,147.9,24.64,0.59825,1327.48
"571",8,13,170,25.09,0.59826,1552.65
"572",8,14,230,25.4,0.59831,2128.9
"573",8,15,240.6,26.21,0.59832,2233.71
"574",8,16,214.5,26.04,0.59837,1988.42
"575",8,17,125.5,25.82,0.59838,1103.51
"576",8,18,275.7,26,0.59838,2527.18
"577",8,19,346.1,26.99,0.59841,3194.67
"578",8,20,321,26.94,0.59845,2928.93
"579",8,21,268.1,26.27,0.5985,2503.9
"580",8,22,430.8,26.58,0.59854,4017.38
"581",8,23,360,27.26,0.59855,3330.8
"582",8,24,802.8,28.31,0.5986,6951.64
"583",8,25,533,29.37,0.59866,4801.13
"584",8,26,713.7,28.92,0.59871,6484.8
"585",8,27,970.6,30.42,0.59877,7853.65
"586",8,28,778.2,30.61,0.59886,6277.41
"587",8,29,615.8,30.38,0.59897,5559.83
"588",8,30,735.2,29.88,0.59904,6474.42
"589",8,31,717.5,29.4,0.59914,5677.95
"590",8,32,923.3,30.51,0.59924,6714.04
"591",8,33,703.4,30.35,0.59933,5184.86
"592",8,34,305.5,27.04,0.59944,2743.27
"593",8,35,431.1,25.7,0.5995,3980.92
"594",8,36,811.1,28.74,0.59953,6555.6
"595",8,37,1002.7,30.71,0.59959,7275.54
"596",8,38,609.3,29.61,0.59968,5021.54
"597",8,39,531.1,29.49,0.59974,4076.33
"598",8,40,783.8,29.92,0.5998,6000.66
"599",8,41,525.2,30.2,0.5999,4255.06
"600",8,42,391.2,29.74,0.59998,3470.66
"601",8,43,721.75,30.23,0.6001,5551.9
"602",8,44,683.3,30.06,0.60016,5197.34
"603",8,45,566.5,30.63,0.60027,4278.19
"604",8,46,813.45,30.82,0.60033,5770.81
"605",8,47,595.5,30.44,0.60042,4568.19
"606",8,48,556.4,30.52,0.60054,4442.45
"607",8,49,350.6,29.95,0.6006,3137.06
"608",8,50,910.9,29.92,0.60069,7116.75
"609",8,51,278.2,30.96,0.60075,2278.56
"610",8,52,240.6,28.88,0.6008,2111.99
"611",8,53,228,28.55,0.60085,2022.77
"612",8,54,349.4,24.4,0.60095,3358.5
"613",8,55,157.9,25.12,0.60104,1412.53
"614",8,56,301.1,24.88,0.60108,2807.81
"615",8,57,556.5,26.38,0.60111,5205.28
"616",8,58,333.6,27.84,0.60112,2954.42
"617",8,59,124.8,26.3,0.60113,1093.67
"618",8,60,4.2,24.3,0.60117,38.77
"619",8,61,5.7,21.26,0.60135,41.82
"620",8,62,5.8,20.72,0.60144,47.08
"621",8,63,4.65,20.7,0.60152,32.56
"622",8,64,3.9,20.62,0.60159,29.02
"623",8,65,2.1,20.59,0.60159,18.91
"624",8,66,2.1,20.62,0.60158,22.65
"625",8,67,6.3,20.62,0.60159,43.86
"626",8,68,7.1,20.53,0.60157,51.58
"627",8,69,9.2,20.52,0.60156,69.66
"628",8,70,12.2,20.62,0.60155,94.77
"629",8,71,11.4,20.56,0.60163,85.34
"630",8,72,11,20.55,0.60162,81.01
"631",8,73,9.9,20.46,0.60161,75.59
"632",8,74,8.4,20.46,0.60158,63.09
"633",8,75,7.8,20.3,0.60156,58.87
"634",8,76,5.9,20.18,0.60153,41.12
"635",8,77,1.7,20.14,0.6015,16.08
"636",8,78,0.1,20.12,0.60146,0
"637",9,1,5.89,20.54,0.60115,36.98
"638",9,2,7.7,20.48,0.60113,59.54
"639",9,3,11.7,20.3,0.60113,88.37
"640",9,4,15.2,20.21,0.60115,121.73
"641",9,5,18.8,20.12,0.60113,158.93
"642",9,6,25.8,19.99,0.6011,211.28
"643",9,7,33.3,20.08,0.60109,287.96
"644",9,8,45.3,20.21,0.6011,391.74
"645",9,9,57.6,20.32,0.60109,500.51
"646",9,10,63.7,20.59,0.60108,568.17
"647",9,11,69.5,20.83,0.60106,622.86
"648",9,12,81.6,20.96,0.60104,730.55
"649",9,13,97.7,21.13,0.60103,882.59
"650",9,14,132.1,21.42,0.60103,1200.14
"651",9,15,163,21.73,0.60104,1487.29
"652",9,16,195.2,22.21,0.60104,1786.52
"653",9,17,223.6,22.77,0.60103,2041.55
"654",9,18,241.7,23.26,0.60102,2195.72
"655",9,19,262.7,23.86,0.601,2394.04
"656",9,20,279.5,24.48,0.60097,2538.9
"657",9,21,319.9,25.46,0.60095,2910.26
"658",9,22,371,25.7,0.60094,3386.69
"659",9,23,469.1,25.91,0.60095,4307.91
"660",9,24,465.3,27.13,0.60095,4237.64
"661",9,25,508.4,27.26,0.60097,4641.13
"662",9,26,525.5,27.74,0.60097,4727.1
"663",9,27,437.7,28.61,0.60095,3933.88
"664",9,28,356.6,27.97,0.60094,3223.43
"665",9,29,332.7,27.47,0.60093,3027.86
"666",9,30,330,27.31,0.60093,3007.92
"667",9,31,352.7,26.78,0.60093,3196.78
"668",9,32,410.2,28.29,0.60091,3715.45
"669",9,33,483.1,28.49,0.6009,4358.98
"670",9,34,479.3,28.57,0.60089,4300.76
"671",9,35,600.1,28.85,0.60087,5356.55
"672",9,36,1172.4,30.07,0.6009,8381.19
"673",9,37,1060.1,30.87,0.6009,8040.14
"674",9,38,960.7,30.23,0.60091,7972.85
"675",9,39,1065.1,30.56,0.60092,8299.95
"676",9,40,918.1,32.42,0.60093,6993.09
"677",9,41,703.1,30.49,0.60095,6025
"678",9,42,716.8,29.95,0.60098,6204.11
"679",9,43,906.8,30.38,0.60099,7695.27
"680",9,44,758.6,31.36,0.60101,6311.99
"681",9,45,681.8,30.36,0.60102,5931.57
"682",9,46,725.5,30.16,0.60105,6308.26
"683",9,47,849.3,32.01,0.60104,7277.49
"684",9,48,576.4,31.42,0.60105,4910.84
"685",9,49,786.8,31.46,0.60107,6425.34
"686",9,50,698.2,31.07,0.6011,6004.77
"687",9,51,628.2,32.09,0.60112,5426.92
"688",9,52,452.1,31.21,0.60114,3867.28
"689",9,53,667.7,31.3,0.60117,5843.13
"690",9,54,580.7,32.97,0.60119,5071.23
"691",9,55,518.7,32.69,0.60118,4394.42
"692",9,56,532.9,32.34,0.60124,4516.61
"693",9,57,243.5,30.03,0.60126,2185.54
"694",9,58,273.6,28.96,0.60126,2429.19
"695",9,59,209.2,30.61,0.60126,1802.17
"696",9,60,171.1,29.49,0.60123,1436.9
"697",9,61,148.7,29.68,0.60121,1235.86
"698",9,62,179.6,28.78,0.60123,1523.28
"699",9,63,237.7,30.59,0.60122,1887.54
"700",9,64,181.4,30.08,0.6012,1435.85
"701",9,65,134.9,29.28,0.60118,1130.79
"702",9,66,91.6,28.04,0.60116,781.66
"703",9,67,64.7,27.57,0.60115,553.92
"704",9,68,46.7,27.29,0.60112,397.55
"705",9,69,34.5,26.99,0.6011,288.34
"706",9,70,20.2,26.4,0.6011,167.94
"707",9,71,20.8,25.15,0.60117,165.98
"708",9,72,28.8,21.94,0.60124,228.93
"709",9,73,26.3,20.91,0.60125,209.98
"710",9,74,7.5,20.92,0.60122,54.99
"711",10,1,5.56,22.21,0.60049,48.46
"712",10,2,10.6,22.29,0.60046,82.8
"713",10,3,15.4,22.42,0.60044,126.7
"714",10,4,20.2,22.38,0.60039,167.41
"715",10,5,28.2,22.44,0.60037,236.7
"716",10,6,37,22.6,0.60035,315.67
"717",10,7,39.1,22.79,0.60031,334.34
"718",10,8,49.5,22.99,0.60027,429.28
"719",10,9,68.9,23.21,0.60026,614.26
"720",10,10,97.1,23.45,0.60026,875.48
"721",10,11,136.3,23.82,0.60024,1238.06
"722",10,12,207.6,24.52,0.60024,1917.35
"723",10,13,267.3,25.35,0.60026,2476.11
"724",10,14,307.3,26.55,0.60028,2819.08
"725",10,15,301.9,27.2,0.60028,2758.5
"726",10,16,292.6,27.51,0.60029,2662.93
"727",10,17,316.2,27.27,0.6003,2869.04
"728",10,18,353.1,27.84,0.60029,3207.45
"729",10,19,468.2,28.02,0.60031,4238.96
"730",10,20,399.6,28.78,0.60031,3625.15
"731",10,21,405.5,28.14,0.60033,3678.05
"732",10,22,389.9,29.03,0.60033,3501.2
"733",10,23,386.5,27.99,0.60034,3516.99
"734",10,24,411,28.04,0.60033,3720.25
"735",10,25,421.7,28.62,0.60033,3811.57
"736",10,26,456,28.84,0.60034,4110.71
"737",10,27,435.1,29.31,0.60036,3893.25
"738",10,28,365.9,28.08,0.60037,3286.05
"739",10,29,340.9,28.14,0.60038,3083.38
"740",10,30,387.4,28.34,0.60041,3546.26
"741",10,31,452.5,28.46,0.60042,4115.92
"742",10,32,515.5,29.09,0.60044,4634.61
"743",10,33,536.7,29.42,0.60046,4789.98
"744",10,34,632,29.44,0.60048,5616.08
"745",10,35,887.4,30.55,0.60051,7512.54
"746",10,36,1135.95,31.45,0.60055,8241.62
"747",10,37,1075.5,31.79,0.60057,8040.28
"748",10,38,1056.05,31.68,0.60063,8196.96
"749",10,39,1079.4,31.9,0.60066,7843.14
"750",10,40,1132.9,31.08,0.60069,7942.67
"751",10,41,1164.8,31.83,0.60072,8390.13
"752",10,42,749.2,32.16,0.60075,6099.68
"753",10,43,500.5,31.41,0.60079,4373.66
"754",10,44,600.6,31.42,0.60079,5282.1
"755",10,45,765.1,31.37,0.60083,6507.83
"756",10,46,524.8,31.03,0.60086,4581.14
"757",10,47,824,30.62,0.6009,7123.12
"758",10,48,977.8,31.46,0.60093,8211.41
"759",10,49,806.8,31.57,0.60097,6872.76
"760",10,50,703.2,30.9,0.601,6202.48
"761",10,51,824.5,31.78,0.60103,7005
"762",10,52,616.5,31.98,0.60107,5189.9
"763",10,53,481.2,30.61,0.6011,4201.24
"764",10,54,334.7,30.05,0.60113,2966.13
"765",10,55,309.4,29.35,0.60114,2760.44
"766",10,56,287.6,29.41,0.60116,2566.45
"767",10,57,350.9,29.32,0.60118,3112.68
"768",10,58,641.4,29.88,0.6012,5813.35
"769",10,59,753.4,33.03,0.6012,6640.43
"770",10,60,732.5,33.97,0.60122,6155.06
"771",10,61,459.2,31.55,0.60127,3990.59
"772",10,62,601.4,32.71,0.60129,5146.22
"773",10,63,442.8,32.85,0.6013,3541.92
"774",10,64,530.5,32.86,0.60133,4518.65
"775",10,65,256.8,32.54,0.60134,2128.81
"776",10,66,201.2,29.58,0.60135,1779.13
"777",10,67,263.7,29.87,0.60138,1932.56
"778",10,68,306.1,30.12,0.60139,2104.73
"779",10,69,221.5,31.78,0.6014,1652.6
"780",10,70,199.7,29.43,0.60139,1383.02
"781",10,71,149.4,31.79,0.60138,936.31
"782",10,72,123.5,30.63,0.60138,721.9
"783",10,73,83.4,31.2,0.60138,537.12
"784",10,74,53.6,29.36,0.60139,397.13
"785",10,75,27.35,27.71,0.60139,230.78
"786",10,76,11.6,27.22,0.60138,96.83
"787",10,77,2.7,26.89,0.60137,26.28
"788",11,1,5.4,22.39,0.59959,36.24
"789",11,2,6.9,22.42,0.59956,52.62
"790",11,3,11.4,22.69,0.59955,85.56
"791",11,4,15.3,22.68,0.59955,121.11
"792",11,5,23.8,22.2,0.59953,194.42
"793",11,6,45.2,22.08,0.59951,392.64
"794",11,7,83.8,22.57,0.59947,757.29
"795",11,8,127.5,23.06,0.59945,1182.51
"796",11,9,164,24.32,0.59942,1522.07
"797",11,10,194.3,25.06,0.5994,1803.62
"798",11,11,190.8,25.71,0.59939,1733.44
"799",11,12,217.2,25.39,0.59941,1982.7
"800",11,13,277.1,25.82,0.5994,2549.06
"801",11,14,410.1,27.02,0.59941,3788.11
"802",11,15,384.4,27.71,0.59942,3484.43
"803",11,16,311.2,27.16,0.59945,2788.04
"804",11,17,308.1,26.46,0.59945,2764.72
"805",11,18,326,26.65,0.59947,2944.35
"806",11,19,318.9,26.86,0.59947,2867.72
"807",11,20,256.7,26.81,0.59948,2278.37
"808",11,21,224.8,26.18,0.59948,2006.49
"809",11,22,219.3,26.32,0.59949,1965.91
"810",11,23,228.6,26.41,0.5995,2060.72
"811",11,24,251.9,27.01,0.5995,2265.24
"812",11,25,288.3,27.49,0.59949,2588.98
"813",11,26,339.1,26.76,0.5995,3046.37
"814",11,27,388,27.61,0.59949,3490.64
"815",11,28,374.8,27.54,0.5995,3363.2
"816",11,29,372.3,27.8,0.59951,3357.6
"817",11,30,397,28.31,0.59951,3578.94
"818",11,31,394.3,28.02,0.59952,3555.61
"819",11,32,384.3,28.52,0.59953,3463.16
"820",11,33,405.6,28.04,0.59955,3676.06
"821",11,34,505.1,28.6,0.59957,4560.54
"822",11,35,668.3,28.94,0.5996,5902.69
"823",11,36,529.1,29.53,0.59963,4685.68
"824",11,37,491.2,29.64,0.59964,4391.38
"825",11,38,559.8,29.4,0.59968,5025.17
"826",11,39,537.4,29.15,0.59972,4826.38
"827",11,40,766.7,28.93,0.59978,6523.24
"828",11,41,948.4,30.31,0.59981,7616.43
"829",11,42,812.6,30.46,0.59985,6908.67
"830",11,43,839.45,31.29,0.5999,6838.52
"831",11,44,633,30.22,0.59993,5485.42
"832",11,45,783.7,29.92,0.59999,6688.7
"833",11,46,556,29.84,0.60004,4924.36
"834",11,47,495.7,29.4,0.60009,4421.8
"835",11,48,478.15,29.44,0.60011,4303.29
"836",11,49,509,29.51,0.60015,4562.05
"837",11,50,556.2,29.8,0.60019,4979.89
"838",11,51,577.2,30.2,0.60021,5163.65
"839",11,52,505.7,29.91,0.60024,4482.22
"840",11,53,773.8,29.31,0.6003,6866.32
"841",11,54,876,31.25,0.60034,7537.42
"842",11,55,715.7,31.66,0.6004,6037.49
"843",11,56,561,30.77,0.60048,4947.41
"844",11,57,497.2,31.36,0.6005,4775.59
"845",11,58,529.2,30.26,0.60056,4420.78
"846",11,59,415.5,29.8,0.60089,3650.2
"847",11,60,346.3,29.11,0.60101,3074.4
"848",11,61,337.8,28.92,0.60105,2989.95
"849",11,62,317,28.79,0.60128,2764.87
"850",11,63,264.4,28.28,0.6014,2299.65
"851",11,64,191.7,27.81,0.60151,1707.38
"852",11,65,173.4,27.84,0.60159,1526.66
"853",11,66,157.9,27.6,0.60162,1406.45
"854",11,67,148.2,27.41,0.60167,1305.16
"855",11,68,146,27.21,0.60174,1265.28
"856",11,69,138.7,27.17,0.6018,1192.39
"857",11,70,140,27.45,0.60183,1122.07
"858",11,71,99.1,27.48,0.60188,830.96
"859",11,72,64.4,26.74,0.60191,544.67
"860",11,73,42.1,26.36,0.60194,341.68
"861",11,74,24.8,25.9,0.60194,194.28
"862",11,75,13.4,25.56,0.60191,104.94
"863",11,76,4.3,25.22,0.6019,33.83
"864",11,77,0.1,24.75,0.60187,3.15
"865",12,1,0.4,21.67,0.60221,0
"866",12,2,6.9,21.89,0.60224,44.15
"867",12,3,20.7,22.09,0.60227,166.18
"868",12,4,33.9,22.59,0.60231,273.69
"869",12,5,47.1,23.5,0.60232,427.76
"870",12,6,62.9,26.28,0.60232,615.63
"871",12,7,85.1,27.54,0.60232,855.22
"872",12,8,119.8,28.6,0.60234,1190.41
"873",12,9,134.7,29.49,0.60236,1295.74
"874",12,10,146.7,27.68,0.60238,1409.17
"875",12,11,255.8,29.31,0.60241,2501.74
"876",12,12,310.2,30.58,0.60244,3002.5
"877",12,13,361.3,31.27,0.60247,3461.9
"878",12,14,358.9,30.5,0.6025,3294.61
"879",12,15,297,28.3,0.60258,2799.55
"880",12,16,364.6,28.44,0.60264,3468.17
"881",12,17,543.5,31.25,0.60268,5121.11
"882",12,18,611.6,31.77,0.60274,5649.97
"883",12,19,560.1,33.04,0.60277,5219.92
"884",12,20,433.2,29.97,0.60281,3664.18
"885",12,21,690.5,31.43,0.60286,6016.89
"886",12,22,647.1,31.22,0.6029,5732.35
"887",12,23,668.6,32.02,0.60294,5864.58
"888",12,24,781.9,31.81,0.60298,6879.26
"889",12,25,705.5,31.57,0.60305,6116.5
"890",12,26,838.2,31.43,0.60309,7324.3
"891",12,27,800.2,31.89,0.60316,6933.65
"892",12,28,893.4,31.46,0.60322,7567.14
"893",12,29,918.7,31.48,0.60326,7502.93
"894",12,30,943.5,32.37,0.60331,7944.57
"895",12,31,999.85,32.21,0.60335,8310.79
"896",12,32,871.2,31.36,0.60344,7030.71
"897",12,33,843,30.33,0.60348,7308.97
"898",12,34,1063.6,30.88,0.60353,8410.08
"899",12,35,1091.2,31.24,0.60359,8368.84
"900",12,36,768.2,32,0.60364,5928.59
"901",12,37,1090.5,31.44,0.60369,8400.22
"902",12,38,1128.5,32.04,0.60376,8354.1
"903",12,39,1163.6,32.3,0.60383,8160.78
"904",12,40,1137.9,31.86,0.60389,8408.27
"905",12,41,1103,32.29,0.60395,7768.2
"906",12,42,874.3,31.4,0.60401,6348.73
"907",12,43,1157.8,31.78,0.60407,7843.79
"908",12,44,1056.8,32.87,0.60412,7362.67
"909",12,45,175.6,30.78,0.60417,1478.41
"910",12,46,254.1,27.06,0.60425,2307.75
"911",12,47,349.8,26.96,0.60428,3183.94
"912",12,48,438.5,27.66,0.60431,3950.32
"913",12,49,596.3,28.28,0.60433,5232.35
"914",12,50,1049.55,29.24,0.60438,7520.34
"915",12,51,1053.55,31.34,0.60442,7965.42
"916",12,52,1059.6,31.84,0.60447,8166.35
"917",12,53,1087.6,32.48,0.60457,8406.38
"918",12,54,1030.6,32.42,0.60466,8260.6
"919",12,55,988.2,32.39,0.60474,8074.87
"920",12,56,857.1,32.35,0.60483,7105.5
"921",12,57,795.7,31.67,0.60489,6708.32
"922",12,58,768.6,32.41,0.60492,6542.96
"923",12,59,728.4,32.66,0.60498,6234.77
"924",12,60,685.6,32.91,0.60507,5952.38
"925",12,61,646.1,32.84,0.60513,5604.08
"926",12,62,632.9,33.89,0.60516,5421.95
"927",12,63,583.8,33.29,0.6052,4943.91
"928",12,64,418.8,33.23,0.60522,3564.23
"929",12,65,221.5,31.41,0.60523,1936.14
"930",12,66,225.6,30.05,0.60526,2012.35
"931",12,67,331.6,31.54,0.60526,2793.28
"932",12,68,303.6,31.31,0.60527,2518.38
"933",12,69,291.8,31.88,0.60527,2319.41
"934",12,70,191.9,31.53,0.60528,1548.56
"935",12,71,99.5,29.52,0.60527,860.38
"936",12,72,68,28.76,0.60527,571.18
"937",12,73,55.2,28.64,0.60526,455.01
"938",12,74,52.6,28.41,0.60528,406.58
"939",12,75,38.7,28.54,0.60526,308.04
"940",12,76,27.8,27.75,0.60524,227.03
"941",12,77,16.6,27.27,0.60521,134.22
"942",12,78,5,26.23,0.60526,42.57
"943",12,79,0.2,25.59,0.60528,9.44
"944",13,1,6.25,22.13,0.6059,42.15
"945",13,2,12.4,22.24,0.60588,92.73
"946",13,3,23.1,22.36,0.60585,185.87
"947",13,4,37.9,22.44,0.6058,324.63
"948",13,5,58.6,22.7,0.60576,517.53
"949",13,6,77.5,23.42,0.60573,691.96
"950",13,7,100.5,23.96,0.6057,901.5
"951",13,8,119,24.33,0.60568,1080.87
"952",13,9,145.7,25.44,0.60566,1324.89
"953",13,10,185.4,26.2,0.60566,1690.2
"954",13,11,251.8,27.1,0.60565,2342.48
"955",13,12,382.6,28.47,0.60567,3634.53
"956",13,13,355.1,30.39,0.60569,3324.49
"957",13,14,272.7,28.95,0.60572,2481.45
"958",13,15,286.7,27.74,0.60573,2641.08
"959",13,16,255.9,27.83,0.60573,2318.04
"960",13,17,297.1,27.49,0.60576,2721.17
"961",13,18,433.9,29.31,0.60576,3963.42
"962",13,19,349.1,29.44,0.6058,3165.01
"963",13,20,389.6,28.91,0.60581,3539.07
"964",13,21,809.8,29.91,0.60585,6920.02
"965",13,22,768.8,32.35,0.60593,6142.18
"966",13,23,412.2,29.92,0.60599,3537.48
"967",13,24,331.2,28.37,0.60603,2965.71
"968",13,25,299.5,24.2,0.60606,2766.71
"969",13,26,362.8,24.99,0.60605,3415.36
"970",13,27,700,27.6,0.60607,6152.8
"971",13,28,1046.5,30.17,0.60611,8426.74
"972",13,29,953.8,31.43,0.60613,7124.97
"973",13,30,362.3,29.06,0.60619,3089.6
"974",13,31,302,27.34,0.6063,2723.66
"975",13,32,203,25.59,0.6064,1845.45
"976",13,33,355.2,25.02,0.60652,3353.65
"977",13,34,342.9,25.58,0.60659,3193.09
"978",13,35,401.5,25.95,0.60665,3710.04
"979",13,36,402.8,26,0.60671,3731.01
"980",13,37,305.2,25.71,0.6068,2825.84
"981",13,38,294.8,25.66,0.60683,2723.46
"982",13,39,302.6,26.21,0.60684,2793.32
"983",13,40,351.5,26.12,0.60687,3222.61
"984",13,41,460.6,27.3,0.60687,4211.96
"985",13,42,988.3,28.44,0.60688,7909.26
"986",13,43,1245.4,29.74,0.6069,8415.69
"987",13,44,1239.5,30.8,0.60693,8420.88
"988",13,45,1167.9,31.27,0.60698,8314.81
"989",13,46,806.8,30.79,0.60705,6383.35
"990",13,47,741,29.52,0.60708,6168.41
"991",13,48,962,31.12,0.60712,7457.38
"992",13,49,512.1,30.04,0.60716,4413.25
"993",13,50,487.7,29.73,0.6072,4324.77
"994",13,51,411.4,29.69,0.60724,3608.93
"995",13,52,493.8,30.02,0.60726,4224.54
"996",13,53,206.6,29.74,0.60728,1802.92
"997",13,54,178.5,28.26,0.6073,1573.74
"998",13,55,263.8,28.26,0.60732,2416.09
"999",13,56,250.2,28.52,0.60732,2287.66
"1000",13,57,235.2,28.36,0.60734,2157.11
"1001",13,58,227.5,28.36,0.60734,2091.51
"1002",13,59,176.7,27.73,0.60736,1635.42
"1003",13,60,196.3,26.74,0.60739,1828.43
"1004",13,61,165.2,26.31,0.60743,1517.51
"1005",13,62,121.3,26.12,0.60746,1104.55
"1006",13,63,101.8,25.19,0.60752,916.78
"1007",13,64,89.9,24.71,0.60756,796.97
"1008",13,65,75.8,24.62,0.60756,662.12
"1009",13,66,65.7,24.59,0.60759,572.31
"1010",13,67,59.8,24.19,0.6076,514.64
"1011",13,68,57.1,23.83,0.60761,480.78
"1012",13,69,60.3,23.79,0.60759,508.98
"1013",13,70,66.8,23.75,0.60757,572.07
"1014",13,71,73.2,24.12,0.60757,620.42
"1015",13,72,86.4,24.52,0.60754,731.56
"1016",13,73,121.8,25.92,0.60751,906.49
"1017",13,74,87.1,25.48,0.60749,738.75
"1018",13,75,69.6,25.02,0.60745,569.61
"1019",13,76,43.1,24.84,0.6074,335.55
"1020",13,77,21,24.55,0.60736,165.44
"1021",13,78,11.9,24.18,0.60732,88.09
"1022",13,79,3.8,23.72,0.60728,26.31
"1023",14,1,7.29,21.32,0.60748,55.33
"1024",14,2,14,21.04,0.60746,104.85
"1025",14,3,22,21.38,0.60743,166.95
"1026",14,4,28.8,24.46,0.60739,252.19
"1027",14,5,39.8,27.23,0.60736,396.59
"1028",14,6,58.4,28.71,0.60734,615.73
"1029",14,7,92.5,29.4,0.60734,956.55
"1030",14,8,115,29.54,0.60734,1087.03
"1031",14,9,88.6,25.75,0.60737,785.5
"1032",14,10,138,25.19,0.60735,1298.5
"1033",14,11,187.2,27.53,0.60737,1896.68
"1034",14,12,291.3,29.77,0.6074,2866.92
"1035",14,13,329.6,29.78,0.60745,3126.7
"1036",14,14,379,30.15,0.60747,3623.01
"1037",14,15,410.2,30.34,0.6075,3937.57
"1038",14,16,476.3,30.81,0.60753,4505.44
"1039",14,17,475.9,30.54,0.60757,4403.14
"1040",14,18,576.2,31.29,0.6076,5294.34
"1041",14,19,615.3,30.63,0.60763,5563.43
"1042",14,20,681.7,30.51,0.60769,6168.67
"1043",14,21,591.8,30.89,0.60776,5297.68
"1044",14,22,722,30.04,0.60781,6314.97
"1045",14,23,439.6,30.2,0.60785,3648.9
"1046",14,24,305.2,28.28,0.60788,2707.34
"1047",14,25,450.1,27.6,0.60789,4255.89
"1048",14,26,607.8,29.86,0.6079,5147.79
"1049",14,27,608.4,29.71,0.6079,4955.67
"1050",14,28,958.5,30.59,0.60792,7915.22
"1051",14,29,711.4,30.74,0.60797,5714.4
"1052",14,30,625.3,30.47,0.60799,5121.1
"1053",14,31,932.7,30.75,0.60801,7522.26
"1054",14,32,597.5,30.54,0.60805,4760.06
"1055",14,33,735.3,30.06,0.6081,5529.61
"1056",14,34,861.9,30.11,0.60814,6829.63
"1057",14,35,786.6,31.19,0.60821,5700.89
"1058",14,36,857.4,29.56,0.60822,6222.27
"1059",14,37,1094.6,31.82,0.60823,7559.56
"1060",14,38,1158.6,31.43,0.60825,8440.77
"1061",14,39,760.3,31.71,0.60827,5370.4
"1062",14,40,767.8,30.24,0.6083,5974.56
"1063",14,41,1067.6,31.56,0.60834,7324.73
"1064",14,42,750.5,32.31,0.60836,5324.53
"1065",14,43,932.2,30.54,0.60837,6609.58
"1066",14,44,665,31.91,0.60841,4540.98
"1067",14,45,538.5,30.73,0.60841,4629.67
"1068",14,46,1033.2,32.66,0.60843,7711.39
"1069",14,47,1143.5,32.68,0.60846,7988.87
"1070",14,48,1075.9,32.96,0.6085,8219.71
"1071",14,49,923.1,32.6,0.60853,7113.22
"1072",14,50,817.6,33.13,0.60855,5974.44
"1073",14,51,763.1,31.92,0.60858,5419.98
"1074",14,52,927.4,32.84,0.60862,7408.77
"1075",14,53,717.7,32.91,0.60864,5847.18
"1076",14,54,468,31.71,0.60869,3743.51
"1077",14,55,779.5,32.02,0.60874,6696.22
"1078",14,56,863.6,33.99,0.60878,7260.38
"1079",14,57,770.7,33.12,0.60886,6516.89
"1080",14,58,678.1,33.04,0.6089,5899.27
"1081",14,59,708.4,33.77,0.60894,5996.82
"1082",14,60,638.2,34.64,0.60897,5449.41
"1083",14,61,698.1,34.05,0.60901,5879.01
"1084",14,62,455.7,34.56,0.60902,3849.11
"1085",14,63,506.6,32.06,0.6091,4395.94
"1086",14,64,355.2,32.91,0.60916,2963.06
"1087",14,65,469.9,32.79,0.60921,3895.82
"1088",14,66,403.9,33.01,0.60928,3393.83
"1089",14,67,351.8,33.34,0.60932,2947.89
"1090",14,68,303.5,33.68,0.60934,2486.52
"1091",14,69,281.4,33.13,0.60937,1869.31
"1092",14,70,251.2,33.01,0.60941,1465.16
"1093",14,71,206.6,32.77,0.60945,1249.03
"1094",14,72,118.9,31.51,0.6095,849.62
"1095",14,73,76.3,29.61,0.60954,640.6
"1096",14,74,84.4,30.05,0.60957,602.48
"1097",14,75,56.4,29.56,0.60961,417.31
"1098",14,76,38.8,29.02,0.60963,296.17
"1099",14,77,20.5,28.65,0.60965,158.38
"1100",14,78,10.8,28.3,0.60969,83.4
"1101",14,79,2.7,27.97,0.60971,25.18
"1102",15,1,7.86,20.56,0.60943,52.29
"1103",15,2,13.7,20.71,0.60947,103.16
"1104",15,3,22.5,21.15,0.6095,168.48
"1105",15,4,32.9,23.68,0.60953,257.93
"1106",15,5,53.6,26.25,0.60961,406.93
"1107",15,6,79.7,28.45,0.60967,625.43
"1108",15,7,104.7,28.1,0.60975,884.19
"1109",15,8,125.2,28.94,0.60982,1225.86
"1110",15,9,157.1,31.66,0.60987,1564.24
"1111",15,10,198.4,30.71,0.60994,1950.85
"1112",15,11,243,29.08,0.61,2378.95
"1113",15,12,285.6,28.98,0.61006,2784.39
"1114",15,13,329.6,30,0.6101,3183.73
"1115",15,14,375.3,29.63,0.61012,3577.28
"1116",15,15,420.5,31.5,0.61013,3980.96
"1117",15,16,425.4,30.48,0.61014,3977.36
"1118",15,17,461.7,30.37,0.61017,4292.67
"1119",15,18,375.4,28.87,0.61019,3343.84
"1120",15,19,276.8,31.21,0.6102,2550.76
"1121",15,20,411.1,29.96,0.6102,3845.76
"1122",15,21,535.4,30.66,0.61021,4685.97
"1123",15,22,208.8,30.79,0.61022,1871.69
"1124",15,23,844.1,30.24,0.61022,7358.96
"1125",15,24,906.4,33.49,0.61025,7775.84
"1126",15,25,937.6,32.9,0.61029,7928.5
"1127",15,26,968.9,33.99,0.61032,8088.85
"1128",15,27,559.4,33.62,0.61033,4456.67
"1129",15,28,893.2,32.44,0.61036,7170
"1130",15,29,980.4,32.67,0.61036,7806.99
"1131",15,30,1084.4,34.46,0.61035,8433.46
"1132",15,31,1098.3,34.29,0.61036,8227.26
"1133",15,32,628.9,34.64,0.61042,4365.12
"1134",15,33,407.9,30,0.61046,2956.75
"1135",15,34,303.9,30.04,0.61051,2752.48
"1136",15,35,1109.3,31.68,0.61052,8152.3
"1137",15,36,1244.1,33.34,0.61051,8404.52
"1138",15,37,455.6,34.61,0.61053,3527.94
"1139",15,38,408,30.76,0.61057,3377.51
"1140",15,39,656.4,31.27,0.6106,4946.51
"1141",15,40,1258.9,32.86,0.61062,8354.82
"1142",15,41,516.6,33.23,0.61062,3986.68
"1143",15,42,385.7,32.22,0.61063,3100.63
"1144",15,43,428.8,32.08,0.61065,3339.21
"1145",15,44,705.4,32.07,0.6107,4952.83
"1146",15,45,660.7,31.84,0.61072,4997.9
"1147",15,46,1005.1,34.07,0.61074,7117.3
"1148",15,47,340.3,34.39,0.61075,2634.69
"1149",15,48,1104.2,32.81,0.61076,8166.09
"1150",15,49,619.4,33.71,0.61077,5085.08
"1151",15,50,872.7,34.42,0.61078,6866.81
"1152",15,51,956,34.78,0.6108,7336.18
"1153",15,52,332.9,32.55,0.61084,2754.36
"1154",15,53,660.4,32.93,0.61087,5195.37
"1155",15,54,292.3,33.34,0.6109,2505.49
"1156",15,55,200.1,30.55,0.61099,1729.38
"1157",15,56,305.8,29.01,0.6111,2785.9
"1158",15,57,842.2,31.24,0.61113,7423.07
"1159",15,58,801.7,33.13,0.61122,6855.96
"1160",15,59,733.6,31.12,0.61132,6344.41
"1161",15,60,560.4,31.42,0.61139,4841.85
"1162",15,61,193.5,30.05,0.61142,1636.83
"1163",15,62,130.2,28.25,0.61145,1149.23
"1164",15,63,199.3,27.68,0.61147,1744.54
"1165",15,64,175.2,28.41,0.61149,1425.16
"1166",15,65,288.7,28.56,0.61151,2538.24
"1167",15,66,256,28.41,0.61152,2196.52
"1168",15,67,318.9,30.05,0.61155,2716.65
"1169",15,68,281.5,30,0.61155,2328.38
"1170",15,69,342.7,32.58,0.61153,2491.45
"1171",15,70,263.5,35.66,0.6115,1618.6
"1172",15,71,152.1,31.24,0.6115,946.95
"1173",15,72,134.4,30.76,0.6115,721.53
"1174",15,73,83.8,30.42,0.61151,487.61
"1175",15,74,59.2,28.86,0.61149,366.64
"1176",15,75,30.2,28.04,0.61149,230.74
"1177",15,76,16.3,26.94,0.61147,127.33
"1178",15,77,3.9,26.24,0.61147,37.43
"1179",16,1,1.9,22.33,0.61335,0
"1180",16,2,7.2,22.36,0.61341,54.97
"1181",16,3,14.1,22.35,0.61347,114.76
"1182",16,4,34.1,22.56,0.61352,294.97
"1183",16,5,49.8,22.88,0.61355,443.8
"1184",16,6,63.5,23.1,0.61362,585.48
"1185",16,7,72.8,24.42,0.61369,675.35
"1186",16,8,147.3,25.02,0.61376,1430.71
"1187",16,9,129.1,26.4,0.61385,1203.64
"1188",16,10,187.6,25.56,0.61389,1756.77
"1189",16,11,153.9,25.17,0.61393,1417.11
"1190",16,12,156.2,25.03,0.61406,1432.18
"1191",16,13,174.7,25.39,0.61487,1601.91
"1192",16,14,207.6,25.94,0.61522,1932.21
"1193",16,15,204.7,26.38,0.61534,1905.06
"1194",16,16,328.9,26.58,0.61549,3239.72
"1195",16,17,538.7,30.09,0.61557,5166.68
"1196",16,18,486.8,30.92,0.61566,4550.72
"1197",16,19,334.9,28.09,0.61575,3152.79
"1198",16,20,297.9,28.21,0.61582,2821.17
"1199",16,21,379.9,28.16,0.61589,3650.29
"1200",16,22,684.1,30.47,0.61592,6091.34
"1201",16,23,785.9,30.41,0.61603,6952.09
"1202",16,24,792.65,31.63,0.6161,7049.9
"1203",16,25,841.3,31.84,0.61621,7108.11
"1204",16,26,581.5,32.69,0.61637,4791.57
"1205",16,27,491.5,31.12,0.61647,4085.48
"1206",16,28,499.7,30.95,0.61659,4437.77
"1207",16,29,243,30.88,0.6166,2181.77
"1208",16,30,259.9,29.51,0.61665,2358.04
"1209",16,31,207.2,29.66,0.61667,1924.89
"1210",16,32,478.7,28.71,0.61669,4010.36
"1211",16,33,762.7,31.66,0.61673,5782.25
"1212",16,34,1073.6,32,0.61678,7829.47
"1213",16,35,499.4,30.27,0.61681,3901.63
"1214",16,36,1092.7,31.06,0.61685,8410.93
"1215",16,37,1129.2,31.61,0.6169,8424.3
"1216",16,38,740.7,32.1,0.61695,4802.22
"1217",16,39,1007.9,31.11,0.61699,7026.33
"1218",16,40,1119,31.92,0.61703,8427.43
"1219",16,41,942.1,31.52,0.61707,7151.84
"1220",16,42,805.6,31.21,0.6171,6059.12
"1221",16,43,1044.5,32.22,0.61712,7188.05
"1222",16,44,1069.2,32.23,0.61714,7715.46
"1223",16,45,905,31.9,0.61717,6847.48
"1224",16,46,1167.3,33.43,0.61719,8421.02
"1225",16,47,675,32.51,0.61721,4768.5
"1226",16,48,790.9,32.21,0.61725,5778.3
"1227",16,49,931.1,32.96,0.61728,7256.96
"1228",16,50,630.7,32.88,0.61729,5073.43
"1229",16,51,592.4,31.81,0.61732,4506.08
"1230",16,52,390.1,32.09,0.6174,3217.22
"1231",16,53,775.8,32.17,0.61745,6473.44
"1232",16,54,554.7,32.91,0.61749,4603.34
"1233",16,55,916.3,33.92,0.61751,7793.31
"1234",16,56,673.8,34.19,0.61753,5751.21
"1235",16,57,793.4,33.68,0.61755,6808.57
"1236",16,58,726.8,34.46,0.61759,6260.17
"1237",16,59,594.05,34.76,0.6176,5162.52
"1238",16,60,575.6,35.78,0.61765,4911.28
"1239",16,61,394.9,32.99,0.61769,3469.96
"1240",16,62,589.9,34.62,0.61772,5148.36
"1241",16,63,620.9,35.13,0.61774,5331.7
"1242",16,64,568,35.47,0.61776,4783.79
"1243",16,65,495.5,34.84,0.61777,4202.76
"1244",16,66,514.4,35.21,0.61779,4334.93
"1245",16,67,405.9,36.44,0.6178,3286.09
"1246",16,68,341.8,33.34,0.61781,2786.73
"1247",16,69,311.9,34.75,0.6178,2514.01
"1248",16,70,198.3,33.05,0.6178,1620.91
"1249",16,71,125.8,31.85,0.6178,1082.09
"1250",16,72,111.1,30.99,0.61781,872.93
"1251",16,73,125.2,30.88,0.6178,774.81
"1252",16,74,82.1,30.7,0.61781,557.8
"1253",16,75,60.2,30.29,0.61781,479.87
"1254",16,76,47.5,30,0.61781,401.75
"1255",16,77,20.8,29.85,0.61779,174.78
"1256",16,78,2.8,29.41,0.61776,29.15
"1257",17,1,0.1,20.42,0.61814,0
"1258",17,2,0.11,20.38,0.61829,0
"1259",17,3,12.33,18.13,0.62197,92.33
"1260",17,4,23.3,18.57,0.62214,197.22
"1261",17,5,32.3,18.39,0.62236,278.96
"1262",17,6,60,19.87,0.62251,547.96
"1263",17,7,91.8,20.12,0.62265,850.71
"1264",17,8,146.2,20.36,0.62284,1349.05
"1265",17,9,171.1,20.63,0.62302,1573.35
"1266",17,10,153.2,20.42,0.62323,1425.87
"1267",17,11,125,19.45,0.62344,1192.86
"1268",17,12,277.3,21.43,0.62357,2718.1
"1269",17,13,324.1,21.87,0.62374,3145.14
"1270",17,14,366.1,21.77,0.62395,3554.25
"1271",17,15,410.3,22.36,0.62413,3957.81
"1272",17,16,476.3,23.04,0.62427,4588.89
"1273",17,17,562.1,24.23,0.62439,5374.4
"1274",17,18,516.5,23.91,0.62449,4894.19
"1275",17,19,540.5,23.57,0.62461,5077.49
"1276",17,20,757.7,25.26,0.62473,7170.15
"1277",17,21,791.5,26.16,0.62485,7290.42
"1278",17,22,656.5,25.67,0.625,6020.62
"1279",17,23,565.7,24.66,0.62511,5248.11
"1280",17,24,847.6,25.91,0.62523,7610.78
"1281",17,25,846.1,27.21,0.62534,7363.79
"1282",17,26,498.8,25.24,0.62547,4552.09
"1283",17,27,752.4,25.78,0.62557,6518.04
"1284",17,28,766,25.59,0.62569,6655.89
"1285",17,29,668.8,25.26,0.62582,5740.03
"1286",17,30,644.2,25.51,0.62596,5615.29
"1287",17,31,707.5,26.35,0.62604,6260.04
"1288",17,32,632.4,26.16,0.62613,5684.53
"1289",17,33,675.4,26.55,0.62623,6113.73
"1290",17,34,761.3,26.66,0.62633,6712.32
"1291",17,35,1043.5,26.89,0.62644,7623.78
"1292",17,36,1148.2,26.42,0.62655,8326.46
"1293",17,37,957.1,27.05,0.62661,7351.7
"1294",17,38,1044.3,26.69,0.62668,8134.88
"1295",17,39,1067.5,26.21,0.62677,8414.4
"1296",17,40,1080.1,26.69,0.62687,8425.67
"1297",17,41,1067.1,27.36,0.62695,8431.64
"1298",17,42,1063.4,28.01,0.62701,8425.97
"1299",17,43,1071,27.65,0.62714,8419.25
"1300",17,44,1050.9,27.67,0.62727,8425
"1301",17,45,1035,27.53,0.62745,8434.16
"1302",17,46,1020.45,28.07,0.62753,8417.29
"1303",17,47,1009.5,28.18,0.62767,8354.94
"1304",17,48,989.2,28.64,0.62775,8205.35
"1305",17,49,973.8,28.79,0.62785,8021.08
"1306",17,50,953.1,28.98,0.62793,7943.99
"1307",17,51,931.1,29.51,0.62801,7734.94
"1308",17,52,907.5,30.25,0.62806,7425.39
"1309",17,53,878.6,29.59,0.62819,7352.29
"1310",17,54,852.2,30.49,0.62831,7181.12
"1311",17,55,824.2,31.17,0.62843,6971.02
"1312",17,56,790.4,30.93,0.62852,6702.91
"1313",17,57,756.5,32.31,0.62857,6439.35
"1314",17,58,719.1,31.34,0.62867,6130.2
"1315",17,59,681.9,31.36,0.62877,5867.93
"1316",17,60,642.5,31.96,0.62885,5529.47
"1317",17,61,602.3,32.55,0.6289,5087.61
"1318",17,62,560.2,32.49,0.62899,4660.16
"1319",17,63,516.3,31.25,0.62909,4414.71
"1320",17,64,476.3,31.32,0.62923,4016.89
"1321",17,65,432,31.64,0.62934,3627.08
"1322",17,66,387.6,31.68,0.62945,3209.76
"1323",17,67,342.8,31.5,0.62958,2820.59
"1324",17,68,296.2,31.09,0.62969,2380.16
"1325",17,69,250.3,31.04,0.62975,1951.11
"1326",17,70,203.1,31.23,0.6298,1525.91
"1327",17,71,157.6,28.36,0.62992,1109.23
"1328",17,72,117.8,27.89,0.62998,672.22
"1329",17,73,65.9,27.49,0.63009,355.04
"1330",17,74,37.7,27.05,0.63013,262.24
"1331",17,75,23.9,26.66,0.63019,185.36
"1332",17,76,15.6,26.27,0.63024,123.58
"1333",17,77,7.2,25.93,0.63027,57.66
"1334",17,78,0.7,25.16,0.63027,11.69
"1335",18,1,0.11,19.13,0.63165,0
"1336",18,2,6,16.55,0.63293,36.39
"1337",18,3,10,17.31,0.63298,73.21
"1338",18,4,25.5,17.52,0.63302,213.25
"1339",18,5,45.8,17.88,0.63311,406.36
"1340",18,6,51,17.99,0.63322,458.59
"1341",18,7,47.2,17.94,0.63337,417.54
"1342",18,8,88.1,18.18,0.63349,808.44
"1343",18,9,126.8,18.91,0.63361,1175.15
"1344",18,10,108.9,19.11,0.63377,983.39
"1345",18,11,121.7,19.32,0.6339,1113.84
"1346",18,12,253.2,21.07,0.63397,2394.55
"1347",18,13,246.8,22.54,0.63403,2327.63
"1348",18,14,149.3,21.32,0.63415,1379.88
"1349",18,15,147.6,21.32,0.63432,1365.18
"1350",18,16,176.9,21.69,0.63441,1639.39
"1351",18,17,222.8,22.38,0.63454,2085.09
"1352",18,18,256.2,23.14,0.63458,2395.12
"1353",18,19,335.9,24.47,0.63467,3135.93
"1354",18,20,385.1,24.66,0.63479,3593.72
"1355",18,21,408.3,25.63,0.63491,3762.75
"1356",18,22,498.7,26.65,0.63502,4551.05
"1357",18,23,474.8,26.9,0.63513,4212.54
"1358",18,24,512.9,27.7,0.63522,4580.28
"1359",18,25,456.3,27.44,0.63537,4084.3
"1360",18,26,454,27.66,0.63547,4100.25
"1361",18,27,522.3,27.59,0.63558,4668.74
"1362",18,28,630.6,28.34,0.63575,5434.76
"1363",18,29,698.1,29.77,0.63586,6200.44
"1364",18,30,843.6,31.18,0.63599,7051.3
"1365",18,31,873,30.27,0.63618,7105.87
"1366",18,32,810.2,30.21,0.63629,6780.7
"1367",18,33,731,30.48,0.63637,6407.37
"1368",18,34,925.2,30.64,0.63648,7193.44
"1369",18,35,1229.8,31.56,0.63655,8406.13
"1370",18,36,789.4,31.59,0.63672,6147.74
"1371",18,37,829.9,32.29,0.6368,6653.36
"1372",18,38,442.3,31.7,0.63688,3805.93
"1373",18,39,514.8,31.35,0.63697,4503
"1374",18,40,427.2,31.01,0.63702,3739.13
"1375",18,41,291.2,30.07,0.63706,2561.06
"1376",18,42,253.8,30.17,0.63712,2276.39
"1377",18,43,320.2,30.72,0.63714,2891.68
"1378",18,44,353.4,30.65,0.63716,3157.58
"1379",18,45,369.4,30.1,0.63726,3281.44
"1380",18,46,392.4,30.92,0.63733,3523.78
"1381",18,47,371,31.58,0.63736,3303.02
"1382",18,48,373.8,30.24,0.63739,3304.9
"1383",18,49,469.6,30.08,0.63744,4179.74
"1384",18,50,338.9,28.77,0.63755,3011.54
"1385",18,51,294.1,29.37,0.63758,2623.8
"1386",18,52,349,29.13,0.63767,3120.91
"1387",18,53,473.3,29.59,0.63777,4203.35
"1388",18,54,641.3,30.44,0.63793,5648.03
"1389",18,55,548.1,30.3,0.63803,4822.91
"1390",18,56,447.5,29.41,0.63818,3908.79
"1391",18,57,510.6,29.33,0.63834,4491.83
"1392",18,58,642.6,30.22,0.63843,5360.36
"1393",18,59,731.5,31.29,0.63857,6171.87
"1394",18,60,612.7,31.09,0.63867,5161.44
"1395",18,61,583.3,31.94,0.63875,4777.02
"1396",18,62,644.4,32.15,0.63887,5333.18
"1397",18,63,550.3,31.75,0.63901,4615.41
"1398",18,64,502.1,32.01,0.63912,4157.8
"1399",18,65,463.6,31.55,0.63923,3858.98
"1400",18,66,321.6,31.39,0.6393,2586.73
"1401",18,67,377.5,30.86,0.63941,3102.16
"1402",18,68,318.3,31.61,0.63949,2519.85
"1403",18,69,246.4,31.46,0.63957,1893.04
"1404",18,70,197.5,30.84,0.63963,1464.94
"1405",18,71,151.4,28.7,0.63973,995.15
"1406",18,72,109.6,27.82,0.63987,536.52
"1407",18,73,74.6,27.34,0.63997,333.49
"1408",18,74,34.2,27.07,0.64008,253.14
"1409",18,75,24.7,26.88,0.64018,190.32
"1410",18,76,19.2,26.45,0.64027,147.16
"1411",18,77,8.9,26.19,0.64032,68
"1412",18,78,0.2,26.12,0.64033,3.8
"1413",19,1,8.75,21.27,0.64514,64.47
"1414",19,2,18.6,21.56,0.64512,153.13
"1415",19,3,34.4,21.83,0.6451,289.5
"1416",19,4,55.6,22.21,0.64508,487.07
"1417",19,5,71.9,23.08,0.64507,647.15
"1418",19,6,113.3,24.59,0.64509,1022.59
"1419",19,7,200.6,28.54,0.64515,1809.58
"1420",19,8,277.5,29.32,0.64522,2542.9
"1421",19,9,153.9,26.3,0.64532,1373.41
"1422",19,10,163.2,25.59,0.6454,1456.12
"1423",19,11,309.2,28.05,0.64548,2933.71
"1424",19,12,414.3,30.58,0.64555,3814.14
"1425",19,13,430.5,29.8,0.6457,3950.73
"1426",19,14,491.3,29.22,0.64583,4486.66
"1427",19,15,593.1,30.77,0.64596,5419.61
"1428",19,16,539.6,30.42,0.64608,4909.24
"1429",19,17,580.7,30.27,0.64618,5230.42
"1430",19,18,624.5,30.54,0.64629,5578.74
"1431",19,19,679,30.39,0.6464,6008.48
"1432",19,20,740.5,30.82,0.64649,6513.84
"1433",19,21,823.6,30.17,0.64661,7108.67
"1434",19,22,677.2,29.73,0.64672,5786.35
"1435",19,23,708.3,30.06,0.64685,6191.41
"1436",19,24,826.2,30.54,0.64697,7028.47
"1437",19,25,831.5,31.64,0.6471,6933.23
"1438",19,26,635.1,29.73,0.64723,5454.33
"1439",19,27,661.3,29.82,0.64737,5706.19
"1440",19,28,584.7,29.71,0.64749,5042.69
"1441",19,29,690.2,30.38,0.64759,6035.59
"1442",19,30,516,30,0.64772,4504.28
"1443",19,31,621.8,30.03,0.64787,5416.5
"1444",19,32,477.4,29.54,0.64797,4185.59
"1445",19,33,523.2,29.74,0.6481,4678.19
"1446",19,34,663,30.39,0.64818,5797.05
"1447",19,35,543.3,30.38,0.64832,4742.22
"1448",19,36,720.5,30.26,0.64843,6092.54
"1449",19,37,740.9,30.79,0.64854,6292.21
"1450",19,38,565.9,29.89,0.64868,4920.69
"1451",19,39,651,30.61,0.64879,5463.18
"1452",19,40,790.4,29.24,0.6489,5862.38
"1453",19,41,1013.7,30.42,0.649,7059.27
"1454",19,42,1042.9,30.26,0.64918,7191.09
"1455",19,43,944.8,31.15,0.64928,7023.85
"1456",19,44,795.6,29.82,0.64937,5958.46
"1457",19,45,925.7,30.14,0.64955,7121.54
"1458",19,46,491.5,30.34,0.6497,3955.55
"1459",19,47,1085.2,30.92,0.64984,7220.27
"1460",19,48,1017.3,31.55,0.64993,7455.2
"1461",19,49,958.9,31.15,0.6501,7282.69
"1462",19,50,821.7,31.69,0.65019,6441.7
"1463",19,51,811.8,32.86,0.65028,6159.52
"1464",19,52,537.7,31.12,0.65042,4805.01
"1465",19,53,668.4,31.77,0.65063,5366.27
"1466",19,54,646.5,30.76,0.65082,5558.55
"1467",19,55,492.2,30.86,0.65092,4235.53
"1468",19,56,872.6,32.82,0.65103,7281.62
"1469",19,57,590.9,32.19,0.65116,5303.09
"1470",19,58,679.9,33.55,0.65127,5712.92
"1471",19,59,553.7,33.08,0.65134,4666.22
"1472",19,60,450.6,31.53,0.65145,3826.33
"1473",19,61,629.8,33.39,0.65157,5077.54
"1474",19,62,501.1,32.56,0.65168,4109.38
"1475",19,63,331.5,32.48,0.65175,2877.76
"1476",19,64,186.7,30.21,0.65182,1547.95
"1477",19,65,272.6,31.24,0.6519,2269.99
"1478",19,66,187.3,29.66,0.65197,1566.38
"1479",19,67,157.8,29.51,0.65206,1324.1
"1480",19,68,131.4,28.86,0.65216,1128.6
"1481",19,69,91.6,28.42,0.65225,803.4
"1482",19,70,42.9,27.56,0.65238,367.08
"1483",19,71,31,26.74,0.65252,266.1
"1484",19,72,27.6,26.37,0.65266,236.02
"1485",19,73,29.8,24.26,0.65279,251.46
"1486",19,74,38.8,22.82,0.65286,331.16
"1487",19,75,43.5,22.85,0.65289,365.99
"1488",19,76,7.8,23.23,0.65288,56.9
"1489",20,1,6.33,23.14,0.65632,49.99
"1490",20,2,12.8,23.3,0.65636,97.43
"1491",20,3,19.7,23.32,0.65641,161.59
"1492",20,4,30.1,23.45,0.65646,255.22
"1493",20,5,44,23.57,0.65649,380.08
"1494",20,6,55.6,23.69,0.65656,468.71
"1495",20,7,76.6,23.93,0.65661,682.04
"1496",20,8,89.9,24.18,0.65666,799.75
"1497",20,9,150.3,24.7,0.65671,1366.33
"1498",20,10,235.7,25.4,0.65678,2184.71
"1499",20,11,306.7,26.73,0.65692,2880.52
"1500",20,12,303.7,26.91,0.65704,2830.52
"1501",20,13,163.5,25.75,0.65719,1481.87
"1502",20,14,91.8,24.44,0.65739,813.97
"1503",20,15,96,23.48,0.65751,861.89
"1504",20,16,104.9,23.44,0.65765,921.43
"1505",20,17,229.7,24.33,0.65775,2135.12
"1506",20,18,397.2,25.67,0.65786,3648.95
"1507",20,19,440.6,26.98,0.658,3988.57
"1508",20,20,314.3,26.34,0.65815,2858.7
"1509",20,21,614,27.51,0.65829,5242.54
"1510",20,22,687.1,29.26,0.65844,5970.86
"1511",20,23,532.3,28.07,0.65861,4730.7
"1512",20,24,532.8,28.32,0.65875,4749.41
"1513",20,25,655.7,29.3,0.65888,5583.81
"1514",20,26,231.7,26.98,0.65903,2071.62
"1515",20,27,276.4,26.38,0.65917,2586.09
"1516",20,28,474.1,27.56,0.65931,4345.02
"1517",20,29,714.3,29.32,0.65941,6257.78
"1518",20,30,751.1,29.72,0.65952,6608.42
"1519",20,31,827.5,29.68,0.65962,6150.79
"1520",20,32,764.7,29.51,0.65971,6361.16
"1521",20,33,1009.3,29.19,0.6599,7043.78
"1522",20,34,830.8,29.25,0.66008,5915.04
"1523",20,35,1068.9,30.29,0.66021,7658.38
"1524",20,36,1182.2,30.56,0.66038,8016.35
"1525",20,37,832.8,29.73,0.66052,5761.34
"1526",20,38,813.6,29.12,0.66066,5730.87
"1527",20,39,1153.5,29.78,0.6608,7630.34
"1528",20,40,868.15,30.43,0.66099,6749.14
"1529",20,41,573.4,30.33,0.66118,4566.96
"1530",20,42,682.9,30.2,0.66133,5174.59
"1531",20,43,619.4,30.48,0.66138,4786.59
"1532",20,44,688.2,29.28,0.66146,4935.1
"1533",20,45,437.1,30.05,0.66157,3621.38
"1534",20,46,887.7,31.07,0.66168,6222.16
"1535",20,47,497.9,30.25,0.66178,3733.28
"1536",20,48,144.1,29.12,0.66191,1249.82
"1537",20,49,44.1,25.7,0.66211,380.5
"1538",20,50,105.6,22.87,0.66226,949.67
"1539",20,51,256.6,23.5,0.6623,2357.9
"1540",20,52,857.3,26.31,0.66235,7309.89
"1541",20,53,890.6,29.94,0.66238,7441.06
"1542",20,54,868.1,30.49,0.66246,7295.54
"1543",20,55,823.9,31.56,0.66253,6856.07
"1544",20,56,779.3,32.36,0.66259,6299.46
"1545",20,57,719.4,32.64,0.66266,5901.05
"1546",20,58,581.8,31.41,0.66279,5078.38
"1547",20,59,366.4,31.16,0.66288,3026.61
"1548",20,60,251.4,28.58,0.66303,2457.07
"1549",20,61,558.8,31.57,0.6632,4702.13
"1550",20,62,38.7,26.53,0.6635,328.99
"1551",20,63,24.3,22.42,0.66377,212.24
"1552",20,64,35.4,21.75,0.66392,297.5
"1553",20,65,70.7,21.87,0.66406,580.95
"1554",20,66,79.8,22.34,0.6641,632.05
"1555",20,67,88.7,22.49,0.6642,751.75
"1556",20,68,91.4,22.67,0.66425,804.01
"1557",20,69,84.4,22.98,0.6643,735.66
"1558",20,70,68.2,23.27,0.66437,579.42
"1559",20,71,55.5,23.29,0.66441,460.62
"1560",20,72,38.7,23.27,0.66452,326.89
"1561",20,73,25.5,23.14,0.66462,209.74
"1562",20,74,12.9,23.13,0.66467,99.63
"1563",20,75,1.7,22.9,0.66469,14.76
"1564",21,1,7,21.87,0.66915,41.27
"1565",21,2,14.2,21.87,0.66927,114.92
"1566",21,3,34.2,21.99,0.66933,295.27
"1567",21,4,57.2,22.23,0.66942,511.5
"1568",21,5,88,22.57,0.66954,804.36
"1569",21,6,57.9,22.8,0.66969,507.92
"1570",21,7,46.7,21.99,0.66988,403.9
"1571",21,8,32.5,21.89,0.67009,274.92
"1572",21,9,17.7,21.87,0.67026,144.49
"1573",21,10,19.9,21.87,0.67033,164.51
"1574",21,11,30.2,21.47,0.67046,258.51
"1575",21,12,30.2,20.98,0.67057,256.24
"1576",21,13,14.2,21.01,0.67067,111.57
"1577",21,14,32.2,21.03,0.67081,272.44
"1578",21,15,30.58,21.08,0.67103,254.52
"1579",21,16,39.75,21.12,0.67122,318.25
"1580",21,17,51.5,21.18,0.67133,449.03
"1581",21,18,59.3,21.26,0.67142,510.68
"1582",21,19,110.1,21.5,0.67149,1003.76
"1583",21,20,160.4,21.83,0.67158,1469.48
"1584",21,21,204.9,22.28,0.67167,1856.06
"1585",21,22,270.3,22.92,0.67172,2467.03
"1586",21,23,171.4,22.88,0.6718,1550.81
"1587",21,24,125.6,22.79,0.67187,1126.66
"1588",21,25,136.2,23.03,0.67194,1228.09
"1589",21,26,249.1,23.74,0.67208,2285.8
"1590",21,27,339.4,24.64,0.67216,3142.37
"1591",21,28,268.6,24.94,0.67228,2431.56
"1592",21,29,248,24.43,0.67241,2270.41
"1593",21,30,405.3,25.29,0.67251,3734.01
"1594",21,31,483.1,26.52,0.67257,4381.82
"1595",21,32,630.5,26.56,0.6727,5716.99
"1596",21,33,711.7,27.77,0.67283,6203.6
"1597",21,34,287.7,26.52,0.67292,2503.73
"1598",21,35,335.2,26.06,0.67303,3062.53
"1599",21,36,166.4,25.69,0.67314,1498.81
"1600",21,37,280,25.27,0.67327,2592.32
"1601",21,38,592.7,26.79,0.67342,5328.05
"1602",21,39,642.2,27.37,0.67359,5508.23
"1603",21,40,522.7,27.11,0.67374,4693.87
"1604",21,41,477.2,27.04,0.67391,4269.66
"1605",21,42,561.2,26.73,0.67409,5098.47
"1606",21,43,517.6,27.54,0.67429,4683.31
"1607",21,44,363.3,26.77,0.67449,3325.21
"1608",21,45,392.8,25.46,0.67472,3654.58
"1609",21,46,422,26.39,0.67488,3834.5
"1610",21,47,41.5,20.61,0.67521,354.97
"1611",21,48,68.7,19.18,0.67542,614.02
"1612",21,49,132.5,18.5,0.67569,1245.68
"1613",21,50,122.1,18.43,0.67587,1142.72
"1614",21,51,214.7,18.62,0.67604,2040.27
"1615",21,52,568.8,19.66,0.67623,5412.78
"1616",21,53,534.1,20.85,0.67642,5008.38
"1617",21,54,345.7,20.4,0.67664,3271.01
"1618",21,55,244,20.37,0.67679,2234.84
"1619",21,56,202.5,19.08,0.67692,1889.28
"1620",21,57,166.5,18.92,0.67703,1537.43
"1621",21,58,142.9,19.04,0.67711,1301.87
"1622",21,59,102.3,19.26,0.67712,939.48
"1623",21,60,63,19.44,0.67715,565.05
"1624",21,61,39.9,19.52,0.67735,351.37
"1625",21,62,27.8,19.71,0.67746,235.26
"1626",21,63,44.4,19.81,0.6776,380.78
"1627",21,64,95.3,20.17,0.67773,844.69
"1628",21,65,187.8,21.01,0.67779,1717.19
"1629",21,66,425.7,23.08,0.67786,3716.54
"1630",21,67,372.5,24.28,0.67795,3218.82
"1631",21,68,244.1,23.1,0.67807,1840.08
"1632",21,69,163.3,22.19,0.67814,1310.71
"1633",21,70,136.3,21.86,0.67819,1141.32
"1634",21,71,105.3,21.82,0.67823,920.63
"1635",21,72,58.6,21.37,0.67828,510.41
"1636",21,73,57.2,21.23,0.67834,471.27
"1637",21,74,47.4,21.23,0.67843,394.02
"1638",21,75,19,21,0.67849,155.96
"1639",21,76,5.9,20.78,0.67852,44.31
"1640",21,77,1,20.61,0.67855,9.19
"1641",21,78,0.1,18.71,0.67862,0
"1642",21,79,0.1,18.25,0.67866,0
"1643",21,80,0.3,17.66,0.67889,0
"1644",21,81,0.3,17.44,0.67916,0
