"","DIA","TIME","IRR","TEMP","MA","PDC","PRECIP"
"1",13,1,7.14,21.33,0.13872,51.99,0
"2",13,2,13.6,21.68,0.13882,106.41,0
"3",13,3,22,22.73,0.13892,178.69,0
"4",13,4,34,23.68,0.13899,282.74,0
"5",13,5,54,24.94,0.13906,458.42,0
"6",13,6,81.9,25.43,0.13918,719.55,0
"7",13,7,116.6,25.99,0.13927,1040.22,0
"8",13,8,156,25.96,0.13943,1402.91,0
"9",13,9,199.3,26.46,0.13955,1821.97,0
"10",13,10,243.8,27.14,0.13966,2271.18,0
"11",13,11,290.2,27.99,0.13976,2744.06,0
"12",13,12,334.8,28.33,0.13988,3160.48,0
"13",13,13,386.1,28.32,0.14004,3621.12,0
"14",13,14,434.9,28.6,0.14019,4070.41,0
"15",13,15,480.7,29.01,0.14033,4459.26,0
"16",13,16,571.4,29.18,0.14051,5269.71,0
"17",13,17,463.8,28.55,0.1407,4327.09,0
"18",13,18,498.2,28.89,0.14083,4583.47,0
"19",13,19,680.7,29.42,0.14105,6222,0
"20",13,20,696.9,30.04,0.1412,6339.1,0
"21",13,21,724.2,30.46,0.14135,6489.06,0
"22",13,22,754.1,30.98,0.14148,6690.73,0
"23",13,23,787.4,30.9,0.14161,6979.18,0
"24",13,24,818.6,31.04,0.14176,7193.81,0
"25",13,25,849.8,31.01,0.14189,7441.39,0
"26",13,26,880,31.75,0.14203,7651.7,0
"27",13,27,904.9,32.08,0.14217,7807.99,0
"28",13,28,934.7,32.58,0.14227,7971.5,0
"29",13,29,957.7,32.48,0.14236,8065.65,0
"30",13,30,978.7,32.52,0.14246,8184.79,0
"31",13,31,996.8,32.56,0.1425,8295.09,0
"32",13,32,1019.6,33.73,0.14254,8351.17,0
"33",13,33,1031.6,34.64,0.14256,8389.34,0
"34",13,34,1016.2,33.78,0.14259,8262.21,0
"35",13,35,968.2,34.61,0.14261,7879.66,0
"36",13,36,1071.9,33.93,0.14268,7745.39,0
"37",13,37,962.2,33.69,0.14271,6955.2,0
"38",13,38,1143.3,33.81,0.14279,8439.21,0
"39",13,39,1129.3,33.41,0.14285,8429.86,0
"40",13,40,1153.6,33.87,0.14287,8422.57,0
"41",13,41,1044.3,35.14,0.14289,7473.87,0
"42",13,42,250,33.17,0.1429,2110.51,0
"43",13,43,275.2,32.75,0.14291,2505.43,0
"44",13,44,551.3,34.69,0.14292,4574.68,0
"45",13,45,1036.6,34.76,0.14295,7130.93,0
"46",13,46,283,34.33,0.14298,2395.5,0
"47",13,47,266.2,33.85,0.14299,2189.78,0
"48",13,48,251.9,33.44,0.14299,2374.73,0
"49",13,49,779.8,35.24,0.14301,5948.09,0
"50",13,50,966.2,35.64,0.14304,7338.23,0
"51",13,51,897.1,35.76,0.14308,7062.24,0
"52",13,52,969.5,35.42,0.14314,7963.76,0
"53",13,53,944.7,36.31,0.14318,7670.59,0
"54",13,54,559.5,35.58,0.14322,4108.44,0
"55",13,55,143.3,34.53,0.14322,1223.5,0
"56",13,56,180.5,34.14,0.14323,1575.53,0
"57",13,57,416.6,34.74,0.14323,3719.24,0
"58",13,58,762.5,37.04,0.14325,6513.31,0
"59",13,59,543.2,36.21,0.14333,4543.57,0
"60",13,60,335.7,34.32,0.14339,2887.72,0
"61",13,61,242.3,34.39,0.1434,2062.88,0
"62",13,62,532.6,35.66,0.14342,4618.82,0
"63",13,63,513.7,35.69,0.14348,4279.46,0
"64",13,64,458.9,36.26,0.14348,3783.09,0
"65",13,65,402.2,35.65,0.14353,3279.66,0
"66",13,66,361.8,35.71,0.14355,2930.44,0
"67",13,67,315.3,35.7,0.14359,2512.69,0
"68",13,68,270.4,35.16,0.14363,2115.25,0
"69",13,69,222.5,35.32,0.14365,1669.53,0
"70",13,70,129,34.53,0.14367,1282.99,0
"71",13,71,66.3,33.28,0.14371,876.46,0
"72",13,72,83.2,32.67,0.14377,527.83,0
"73",13,73,59.9,32.3,0.14378,313.91,0
"74",13,74,33.3,31.61,0.14379,213.37,0
"75",13,75,19,31.15,0.14381,144.18,0
"76",13,76,9.5,29.97,0.14379,77.34,0
"77",13,77,1.3,29.28,0.14377,20.98,0
"78",14,1,0.3,24.26,0.14966,0,0
"79",14,2,5.7,24.34,0.14975,38.27,0
"80",14,3,14.8,24.64,0.14985,118,0
"81",14,4,24.8,25.56,0.14996,198.83,0
"82",14,5,37.3,26.25,0.15004,310.03,0
"83",14,6,56.9,26.82,0.15013,481.14,0
"84",14,7,83.4,27.22,0.15025,728.16,0
"85",14,8,117.9,27.51,0.15036,1041.78,0
"86",14,9,149,27.67,0.15048,1327.91,0
"87",14,10,192.1,28.17,0.15063,1736.86,0
"88",14,11,243,28.88,0.15081,2248.21,0
"89",14,12,282.3,29.39,0.15095,2638.63,0
"90",14,13,325.3,29.52,0.15111,3034.01,0
"91",14,14,368.2,29.95,0.15125,3434.69,0
"92",14,15,409.5,30.49,0.15137,3796.44,0
"93",14,16,453.1,30.96,0.1515,4165.27,0
"94",14,17,487.2,31.21,0.15163,4457.05,0
"95",14,18,525.2,31.48,0.15176,4774.52,0
"96",14,19,565.3,31.81,0.15192,5134.68,0
"97",14,20,620.1,32.46,0.15207,5589.12,0
"98",14,21,663.4,32.64,0.15228,5956.67,0
"99",14,22,703.4,32.56,0.15242,6281.05,0
"100",14,23,737,33.13,0.15257,6545.1,0
"101",14,24,769.2,33.39,0.15274,6781.41,0
"102",14,25,805.6,33.72,0.15288,7059.85,0
"103",14,26,832.5,33.9,0.15304,7225.16,0
"104",14,27,861.2,34.45,0.1532,7402.89,0
"105",14,28,891.3,34.81,0.15332,7622.54,0
"106",14,29,918.4,35.04,0.15346,7788.84,0
"107",14,30,947.5,34.94,0.15363,7976.24,0
"108",14,31,969.5,35.37,0.15376,8092.84,0
"109",14,32,983.8,35.88,0.15385,8157.96,0
"110",14,33,1001.7,36.16,0.15393,8193.52,0
"111",14,34,1017.8,35.6,0.15406,8384.58,0
"112",14,35,1030.9,35.97,0.15414,8429.24,0
"113",14,36,1045.5,35.65,0.15427,8434.42,0
"114",14,37,1050.1,36.27,0.15439,8436.2,0
"115",14,38,1060.2,36.98,0.15443,8436.46,0
"116",14,39,1066.6,36.19,0.15452,8437.59,0
"117",14,40,1070,35.89,0.15461,8435.68,0
"118",14,41,1063.2,36.56,0.15471,8437.76,0
"119",14,42,1064.8,36.77,0.15476,8433.04,0
"120",14,43,1063,36.86,0.15487,8442.94,0
"121",14,44,1058.4,36.44,0.15497,8337.81,0
"122",14,45,1056.2,37.33,0.15507,8328.19,0
"123",14,46,861.7,37.41,0.15514,7079.2,0
"124",14,47,1032.4,37.52,0.15523,8277.54,0
"125",14,48,1014.4,37.92,0.15532,8163.1,0
"126",14,49,1008.8,37.86,0.15541,8201.08,0
"127",14,50,573.6,37.25,0.15546,4642.76,0
"128",14,51,645.7,37.16,0.15554,5825.04,0
"129",14,52,662.9,37.12,0.1556,5709.51,0
"130",14,53,636,37.66,0.15568,4965.06,0
"131",14,54,724,37.31,0.15581,6106.08,0
"132",14,55,889.2,38.67,0.15593,7339.17,0
"133",14,56,777.2,38.64,0.15601,6491.93,0
"134",14,57,781.4,38.17,0.15609,6471.31,0
"135",14,58,754.3,38.89,0.15619,6268.46,0
"136",14,59,709,38.78,0.15629,5933.35,0
"137",14,60,672.6,38.93,0.15637,5463.54,0
"138",14,61,660.4,37.96,0.15645,5473.7,0
"139",14,62,588.3,37.3,0.1565,4857.91,0
"140",14,63,540.1,37.8,0.15656,4478.61,0
"141",14,64,412.6,37.7,0.15664,3451.78,0
"142",14,65,443.5,37.84,0.15666,3661.42,0
"143",14,66,221.1,37.03,0.15669,1812.16,0
"144",14,67,246.9,37.04,0.15673,2006.91,0
"145",14,68,207.5,37.67,0.15676,1667.89,0
"146",14,69,96.4,35.61,0.15677,820.48,0
"147",14,70,110.2,35.26,0.15683,945.28,0
"148",14,71,94.9,35.01,0.1569,825.08,0
"149",14,72,76.1,34.94,0.15689,573.51,0
"150",14,73,71.9,34.61,0.15695,477.13,0
"151",14,74,31.4,33.9,0.15698,258.34,0
"152",14,75,22.9,33.4,0.15699,177.33,0
"153",14,76,10.6,33.17,0.15702,96.29,0
"154",14,77,4.3,32.84,0.15703,50.35,0
"155",15,1,1.1,22.63,0.16086,0,0
"156",15,2,6.5,23.44,0.1609,37.68,0
"157",15,3,22.4,24.16,0.16089,187.45,0
"158",15,4,42.3,25.76,0.16095,358.83,0
"159",15,5,52,26.92,0.16098,443.85,0
"160",15,6,73.1,27.81,0.16099,637.22,0
"161",15,7,72.8,27.43,0.161,636.09,0
"162",15,8,84.6,28.24,0.16102,734.43,0
"163",15,9,101,28.01,0.16103,893.16,0
"164",15,10,185.9,29.31,0.16107,1663.78,0
"165",15,11,267,31.11,0.16111,2421.48,0
"166",15,12,248,30.61,0.16115,2268.07,0
"167",15,13,266.8,31.09,0.16118,2427.92,0
"168",15,14,385.1,33.77,0.1612,3508.64,0
"169",15,15,413.6,35.45,0.16122,3717.13,0
"170",15,16,442.7,35.09,0.16125,3972.78,0
"171",15,17,464.7,35.24,0.1613,4164.89,0
"172",15,18,546,36.69,0.16132,4872.06,0
"173",15,19,584.2,36.94,0.16135,5166.13,0
"174",15,20,624.7,37.2,0.16138,5477.04,0
"175",15,21,661.6,36.76,0.16142,5761.41,0
"176",15,22,699.1,35.45,0.16148,6053.78,0
"177",15,23,736,35.39,0.16156,6337.15,0
"178",15,24,772.8,35.24,0.16164,6609.61,0
"179",15,25,808,35.39,0.16174,6898.06,0
"180",15,26,799.1,36.51,0.1618,6758.3,0
"181",15,27,878.9,38.08,0.16182,7365.67,0
"182",15,28,898.7,37.1,0.16188,7600.17,0
"183",15,29,776.2,36.32,0.16195,6459.08,0
"184",15,30,894.4,35.51,0.16202,7491.61,0
"185",15,31,992.6,35.69,0.16214,8150.54,0
"186",15,32,1014.7,35.82,0.16227,8048.26,0
"187",15,33,1003.2,35.38,0.1624,8109.44,0
"188",15,34,1073.5,35.47,0.16252,8414.68,0
"189",15,35,1020.4,35.73,0.16261,7785.14,0
"190",15,36,615.3,35.01,0.16266,4857.12,0
"191",15,37,1128.7,37.01,0.16275,8402.19,0
"192",15,38,813.5,36.12,0.16283,5977.95,0
"193",15,39,924.5,36.13,0.16289,6473.56,0
"194",15,40,860.5,36.78,0.16295,6043.88,0
"195",15,41,834.5,35.43,0.16304,5844.94,0
"196",15,42,507.7,34.76,0.16314,4178.36,0
"197",15,43,886.7,35.95,0.16316,6610.99,0
"198",15,44,1060.8,36.56,0.16321,7820.53,0
"199",15,45,1086.7,36.49,0.1633,8414.13,0
"200",15,46,1063.1,36.4,0.16336,8409.19,0
"201",15,47,1057.7,36.89,0.16345,8387.79,0
"202",15,48,1035.8,37.63,0.16349,8251.19,0
"203",15,49,1027.6,37.75,0.16355,8184.8,0
"204",15,50,1069.5,37.45,0.16361,8377.28,0
"205",15,51,1029.9,38.36,0.16361,8165.52,0
"206",15,52,306.3,36.81,0.16364,2549.86,0
"207",15,53,767.3,36.97,0.16367,6161.54,0
"208",15,54,767.8,38.65,0.1637,6209.41,0
"209",15,55,152.6,34.51,0.16393,1243.34,0
"210",15,56,106.4,29.97,0.16427,920.75,0
"211",15,57,100.9,27.31,0.16457,780.45,0
"212",15,58,101.5,23.06,0.16493,895.03,0
"213",15,59,83.6,20.53,0.16516,715.22,0
"214",15,60,82.5,20.65,0.16528,721.91,0
"215",15,61,98.5,21.75,0.16535,872.16,0
"216",15,62,124.2,22.86,0.16539,1106.92,0
"217",15,63,150.4,23.21,0.16543,1339.14,0
"218",15,64,186.9,24.49,0.16554,1649.7,0
"219",15,65,203.5,25.34,0.16565,1729.84,0
"220",15,66,347.7,26.35,0.16573,2941.35,0
"221",15,67,338.5,28.58,0.16573,2777.18,0
"222",15,68,163,27.62,0.16573,1352.25,0
"223",15,69,176,27.59,0.16575,1408.8,0
"224",15,70,262.1,29.07,0.16575,2007.6,0
"225",15,71,214.9,28.24,0.16584,1572.66,0
"226",15,72,142.4,26.51,0.1659,964.72,0
"227",15,73,85.8,26.29,0.16593,693.18,0
"228",15,74,58.3,26.13,0.1659,492.42,0
"229",15,75,42.9,25.6,0.16587,352.98,0
"230",15,76,35.7,25.01,0.16584,290.92,0
"231",15,77,21.5,24.77,0.16581,170.84,0
"232",15,78,7.2,23.89,0.16579,55.78,0
"233",15,79,0.4,24.24,0.1658,6.68,0
"234",16,1,0.6,22.5,0.16698,0,0
"235",16,2,13,22.63,0.16695,90.28,0
"236",16,3,23.6,22.97,0.16693,188.79,0
"237",16,4,27.1,25.24,0.16691,220.98,0
"238",16,5,39.7,28.89,0.16688,320.7,0
"239",16,6,60.8,28.32,0.16685,517.41,0
"240",16,7,72.2,28.91,0.16682,614.51,0
"241",16,8,88.7,27.65,0.1668,798.93,0
"242",16,9,115.5,27.01,0.16678,1035.37,0
"243",16,10,129.1,26.75,0.16675,1144.23,0
"244",16,11,86,26.58,0.16686,739.96,0
"245",16,12,207.3,27.54,0.16701,1895.6,0
"246",16,13,310.9,28.5,0.16719,2983.93,0
"247",16,14,370.3,29.09,0.16738,3415.51,0
"248",16,15,413.7,29.37,0.16758,3834.9,0
"249",16,16,468.2,29.7,0.16775,4307.19,0
"250",16,17,500.5,30.11,0.16792,4585.93,0
"251",16,18,544.3,30.4,0.16807,4941.33,0
"252",16,19,564.1,30.3,0.16822,5099.46,0
"253",16,20,625.1,30.58,0.16841,5624.39,0
"254",16,21,657.1,30.91,0.16857,5893.05,0
"255",16,22,694.1,31.3,0.16872,6165.73,0
"256",16,23,732.3,31.66,0.16887,6478.82,0
"257",16,24,767.9,31.73,0.16899,6763.4,0
"258",16,25,803,31.67,0.16917,6875.51,0
"259",16,26,810.9,31.58,0.16937,6918.65,0
"260",16,27,771.4,32.08,0.16953,6231.87,0
"261",16,28,815.3,32.33,0.16968,6513.36,0
"262",16,29,908.7,32.4,0.16981,7922.26,0
"263",16,30,942.7,32.54,0.16996,8099.5,0
"264",16,31,960.4,33.34,0.17007,8142.91,0
"265",16,32,977.9,33.24,0.17019,8238.21,0
"266",16,33,997,33.01,0.17034,8335.68,0
"267",16,34,1026,33.44,0.17046,8204.18,0
"268",16,35,964.1,33.43,0.17055,7867.12,0
"269",16,36,1043.7,33.65,0.17067,8409.34,0
"270",16,37,1067.5,33.77,0.1708,8414.69,0
"271",16,38,1076.8,34.24,0.1709,8413.84,0
"272",16,39,1085.8,34.04,0.17102,8421.49,0
"273",16,40,1058.6,33.34,0.17116,7932.93,0
"274",16,41,1112.9,33.42,0.1713,8411.84,0
"275",16,42,874.8,33.98,0.17142,6439.29,0
"276",16,43,975.3,33.86,0.17155,7117.39,0
"277",16,44,917.5,34.09,0.17163,6730.8,0
"278",16,45,1096.8,34.21,0.17175,8421.77,0
"279",16,46,1024.7,34.37,0.17186,7794.05,0
"280",16,47,1034.1,34.42,0.17198,7707.26,0
"281",16,48,1102.9,35.21,0.17208,8426.28,0
"282",16,49,915.1,35.18,0.17217,7162.88,0
"283",16,50,491.3,34.52,0.17222,3535.81,0
"284",16,51,920.1,35.29,0.17229,7749.78,0
"285",16,52,979,35.2,0.17237,8063.04,0
"286",16,53,863.7,35.44,0.17244,7238.59,0
"287",16,54,883.1,35.12,0.17251,7303.59,0
"288",16,55,767.2,35.61,0.17259,6374.26,0
"289",16,56,634.9,35.67,0.17266,5362.77,0
"290",16,57,817.7,35.89,0.17274,6885.44,0
"291",16,58,763.2,35.64,0.17281,6395.3,0
"292",16,59,728.9,35.78,0.1729,6141.4,0
"293",16,60,677.8,35.52,0.17298,5744.92,0
"294",16,61,592.5,35.58,0.17309,4711.62,0
"295",16,62,565.4,34.94,0.17321,4530.85,0
"296",16,63,526.4,34.2,0.17336,4221.94,0
"297",16,64,505.9,34.11,0.17352,4135.04,0
"298",16,65,521,34.84,0.1736,4319.81,0
"299",16,66,339.4,34.37,0.17368,2722.8,0
"300",16,67,279.1,34.16,0.17373,2375.37,0
"301",16,68,387.1,34.63,0.1738,3227.48,0
"302",16,69,264.9,35.05,0.17386,2114.2,0
"303",16,70,258.9,34.57,0.17394,1985.18,0
"304",16,71,186.7,33.84,0.17405,1301.78,0
"305",16,72,163.9,32.77,0.17422,956.21,0
"306",16,73,110.9,31.52,0.17438,632.82,0
"307",16,74,70.6,31.03,0.17452,373.42,0
"308",16,75,37.7,30.85,0.17457,220.29,0
"309",16,76,18.4,30.6,0.17463,148.26,0
"310",16,77,10.2,30.45,0.17468,87.19,0
"311",16,78,2.4,30.3,0.17475,30.35,0
"312",17,1,0.1,25.48,0.17898,0,0
"313",17,2,5.9,25.45,0.17906,34.63,0
"314",17,3,14.8,25.53,0.17916,124.47,0
"315",17,4,25,26.56,0.17925,205.54,0
"316",17,5,38.6,27.64,0.17937,319.84,0
"317",17,6,57.7,28.44,0.17948,494.62,0
"318",17,7,85.2,28.76,0.17959,741.54,0
"319",17,8,117.4,28.96,0.17973,1048.28,0
"320",17,9,155.3,29.6,0.17985,1390.13,0
"321",17,10,195.7,29.62,0.17998,1758.49,0
"322",17,11,237.9,30.17,0.18014,2138.42,0
"323",17,12,281.6,30.41,0.1803,2617.62,0
"324",17,13,326.3,30.41,0.18049,3032.62,0
"325",17,14,373.3,30.72,0.18069,3459.17,0
"326",17,15,420.9,30.88,0.18091,3895.24,0
"327",17,16,465.2,31.09,0.1811,4281.68,0
"328",17,17,508.3,31.14,0.18127,4652.74,0
"329",17,18,549.6,31.74,0.18144,4995.35,0
"330",17,19,602.1,32.55,0.18157,5437.09,0
"331",17,20,632.7,31.71,0.18175,5692.04,0
"332",17,21,670.9,32.6,0.18188,5864.7,0
"333",17,22,705.6,32.87,0.18199,6237.46,0
"334",17,23,742.5,32.54,0.18216,6525.42,0
"335",17,24,773.6,33.02,0.18229,6780.75,0
"336",17,25,808.6,32.66,0.18245,7029.36,0
"337",17,26,837.6,33.92,0.18256,7238.43,0
"338",17,27,865.9,34.12,0.18269,7416.33,0
"339",17,28,893.9,33.63,0.1828,7611.24,0
"340",17,29,922.6,33.98,0.18291,7839.42,0
"341",17,30,944.4,34.11,0.18303,7960.95,0
"342",17,31,967.1,34.89,0.18311,8122.83,0
"343",17,32,995.5,34.25,0.18323,8163.68,0
"344",17,33,1020.4,33.33,0.18342,8408.28,0
"345",17,34,1040.7,34.06,0.18359,8431.94,0
"346",17,35,921.4,34.8,0.1837,7124.4,0
"347",17,36,1133.2,34.88,0.18381,8233,0
"348",17,37,1036.3,35.42,0.18392,7551.26,0
"349",17,38,825.3,34.59,0.18405,5622.6,0
"350",17,39,1109.3,34.81,0.18418,7718.08,0
"351",17,40,943.6,34.56,0.18428,7128.63,0
"352",17,41,785.5,34.03,0.18438,5466.21,0
"353",17,42,1179.3,34.73,0.1845,8417.85,0
"354",17,43,941.7,34.71,0.18464,7387.27,0
"355",17,44,871.3,34.52,0.18478,6407.53,0
"356",17,45,1005.3,34.64,0.18488,7743.62,0
"357",17,46,1078.2,35.38,0.185,8436.69,0
"358",17,47,1078.5,34.94,0.18513,8435.85,0
"359",17,48,966.6,35.12,0.18526,7401.94,0
"360",17,49,1009.4,35.42,0.18543,7953.98,0
"361",17,50,991.5,35.12,0.18561,7987.59,0
"362",17,51,898.4,35.58,0.18574,6918.79,0
"363",17,52,975.1,35.77,0.18587,8027.96,0
"364",17,53,637.7,35.14,0.18601,5487.26,0
"365",17,54,655.4,35.36,0.18613,5939.19,0
"366",17,55,885.2,36.11,0.18624,7356.32,0
"367",17,56,837.8,36.34,0.18635,6930.92,0
"368",17,57,705.8,35.62,0.18651,6075.72,0
"369",17,58,473.9,36.14,0.18658,3978.59,0
"370",17,59,548.1,35.23,0.18668,4801.52,0
"371",17,60,465.5,35.07,0.18681,3974.8,0
"372",17,61,605.8,35.43,0.18689,5008.39,0
"373",17,62,192.8,35.22,0.18697,1628.26,0
"374",17,63,185.8,33.74,0.18704,1614.56,0
"375",17,64,420.4,35.64,0.1871,3478.15,0
"376",17,65,157.6,34.77,0.18719,1262.53,0
"377",17,66,424.9,35.64,0.18725,3457.9,0
"378",17,67,435.5,36.04,0.18733,3522.57,0
"379",17,68,344.7,35.96,0.18741,2737.8,0
"380",17,69,273.1,35.69,0.18748,2127.63,0
"381",17,70,224.5,35.03,0.18756,1685.95,0
"382",17,71,173.8,35.03,0.18761,1098.12,0
"383",17,72,71.1,33.81,0.1877,482.1,0
"384",17,73,91.9,33.56,0.18777,485.18,0
"385",17,74,65.6,33.43,0.18781,369.14,0
"386",17,75,39.5,33.16,0.18788,264.16,0
"387",17,76,20.2,32.61,0.18794,168.67,0
"388",17,77,11.5,32.32,0.18799,98.28,0
"389",17,78,2.3,31.95,0.18802,35.98,0
"390",18,1,8.11,24.12,0.19662,63.73,0
"391",18,2,16.4,23.94,0.19659,140.99,0
"392",18,3,27.8,25.23,0.19659,231.3,0
"393",18,4,42.7,25.75,0.19661,357.16,0
"394",18,5,62.4,26.48,0.19663,547.43,0
"395",18,6,86.8,27.14,0.19662,768.06,0
"396",18,7,118.6,28.34,0.19661,1059.73,0
"397",18,8,156.7,28.7,0.1966,1398.26,0
"398",18,9,194.1,29.13,0.1966,1744.92,0
"399",18,10,229.9,29.55,0.19661,2094.52,0
"400",18,11,270.8,29.78,0.19663,2484.33,0
"401",18,12,316.9,30.59,0.19664,2910,0
"402",18,13,357.9,31.41,0.19667,3270.87,0
"403",18,14,398.3,32.3,0.19671,3630.46,0
"404",18,15,432.7,32.41,0.19675,3918.69,0
"405",18,16,478.9,33.33,0.19676,4331,0
"406",18,17,525.8,33.15,0.19678,4698.8,0
"407",18,18,571.8,34.98,0.19679,5076.19,0
"408",18,19,617.6,34.5,0.19683,5441.86,0
"409",18,20,589.4,35.63,0.19689,5214.77,0
"410",18,21,664.4,34.88,0.19698,5860.49,0
"411",18,22,670.7,34.93,0.19705,5878.92,0
"412",18,23,624.8,33.94,0.19715,5428.12,0
"413",18,24,780.2,35.04,0.19724,6702.11,0
"414",18,25,709,35.31,0.19734,5911.09,0
"415",18,26,602.2,34.09,0.19748,4909,0
"416",18,27,572.6,33.61,0.19756,4885.28,0
"417",18,28,722.5,33.74,0.19768,6384.48,0
"418",18,29,961.3,34.47,0.19784,8122,0
"419",18,30,962.4,34.11,0.19797,8070.79,0
"420",18,31,986,34.77,0.19806,8203.54,0
"421",18,32,1001.6,34.48,0.19818,8242.32,0
"422",18,33,1006.5,34.73,0.19829,8305.24,0
"423",18,34,1025.1,34.37,0.1984,8291.1,0
"424",18,35,1032.9,35.09,0.19849,8221.53,0
"425",18,36,1035.8,35.05,0.1986,8313.17,0
"426",18,37,1012.5,35.13,0.19869,8143.5,0
"427",18,38,1057.4,35.18,0.19879,8425.19,0
"428",18,39,1061.7,34.73,0.1989,8431.5,0
"429",18,40,1041.5,35.16,0.19899,7866.45,0
"430",18,41,1133.3,35.96,0.19908,8425.97,0
"431",18,42,463.7,35.18,0.19916,3781.04,0
"432",18,43,389.2,34.77,0.19925,3395.68,0
"433",18,44,378.2,34.32,0.19937,3235.76,0
"434",18,45,299.6,34.4,0.19946,2611.76,0
"435",18,46,511.7,34.38,0.19956,4488.33,0
"436",18,47,956.5,35.06,0.19972,7466.58,0
"437",18,48,973.2,35.68,0.19987,7794.03,0
"438",18,49,959.4,35.81,0.2,7558.51,0
"439",18,50,936.6,35.53,0.20013,7481.94,0
"440",18,51,1017.2,35.61,0.20029,8113.19,0
"441",18,52,873.4,35.76,0.20041,7131.56,0
"442",18,53,982.3,36.33,0.20055,7976.66,0
"443",18,54,542,35.21,0.20073,4381.77,0
"444",18,55,658.8,35.02,0.2009,5506.99,0
"445",18,56,841.9,36.08,0.20101,7025.1,0
"446",18,57,612.3,35.45,0.20115,5200.2,0
"447",18,58,829,36.6,0.20127,6928.43,0
"448",18,59,475.4,36.05,0.20137,3880.28,0
"449",18,60,143.4,34.04,0.20146,1180.3,0
"450",18,61,139.8,33.74,0.20157,1196.53,0
"451",18,62,174.8,33.54,0.20167,1532.18,0
"452",18,63,177.8,33.67,0.20175,1555.34,0
"453",18,64,142,33.95,0.20182,1224.72,0
"454",18,65,124.3,33.9,0.20185,1065.83,0
"455",18,66,118.6,33.7,0.20193,995.45,0
"456",18,67,105.1,33.28,0.20199,845.62,0
"457",18,68,85.1,33.56,0.20205,721,0
"458",18,69,98,33.41,0.20213,735.28,0
"459",18,70,142.55,34.06,0.20217,885.48,0
"460",18,71,53,33.66,0.20221,447.79,0
"461",18,72,44.6,33.19,0.20225,384.38,0
"462",18,73,50.4,33.07,0.2023,402.35,0
"463",18,74,52.9,32.12,0.20239,446.77,0
"464",18,75,38.65,31.4,0.20248,314.9,0
"465",18,76,23.8,31.27,0.20255,195.88,0
"466",18,77,7.7,30.86,0.20264,72.77,0
"467",19,1,0.1,25.4,0.20699,0,0
"468",19,2,3.6,25.46,0.20703,23.86,0
"469",19,3,13.1,25.28,0.20706,105.24,0
"470",19,4,30.2,25.73,0.20711,255.77,0
"471",19,5,41.9,27.5,0.20713,354.48,0
"472",19,6,59,28.25,0.20716,520.06,0
"473",19,7,77.4,27.92,0.20719,685.5,0
"474",19,8,102.1,28.91,0.20722,912.51,0
"475",19,9,135.1,30.7,0.20725,1212.68,0
"476",19,10,170,30.2,0.20732,1479.16,0
"477",19,11,215.2,31.78,0.20738,1927.74,0
"478",19,12,268.7,33.24,0.20746,2427.14,0
"479",19,13,332.7,32.13,0.20755,3041.85,0
"480",19,14,411.05,32.9,0.20767,3726.75,0
"481",19,15,413.9,33.5,0.20778,3723.22,0
"482",19,16,435.1,33.43,0.20789,3913.38,0
"483",19,17,477.3,33.75,0.20801,4276.67,0
"484",19,18,498,33.55,0.20814,4446.94,0
"485",19,19,522.5,33.77,0.20827,4661.27,0
"486",19,20,554.6,34.07,0.20837,4803.22,0
"487",19,21,563.4,34.62,0.20847,4978.36,0
"488",19,22,548.7,34.51,0.20856,4854.6,0
"489",19,23,543.2,34.47,0.20867,4790.28,0
"490",19,24,610,34.58,0.20879,5380.18,0
"491",19,25,776.7,34.7,0.20891,6744.72,0
"492",19,26,818,34.54,0.20908,7018.95,0
"493",19,27,876.3,35.85,0.20919,7392.79,0
"494",19,28,850.3,35.41,0.20929,7115.13,0
"495",19,29,910.9,35.67,0.20944,7808.35,0
"496",19,30,1028.9,35.84,0.20957,8380.11,0
"497",19,31,924.2,36.18,0.20968,7338.41,0
"498",19,32,1006.1,36.24,0.20977,8141.27,0
"499",19,33,946.2,36.67,0.20986,7819.97,0
"500",19,34,863.8,35.79,0.20995,6890.37,0
"501",19,35,1020.8,36.96,0.21002,8066.09,0
"502",19,36,774.9,36.16,0.21011,6009.68,0
"503",19,37,1117.9,35.94,0.21017,8388.77,0
"504",19,38,770,36.12,0.21024,5921.76,0
"505",19,39,1110.9,37,0.2103,8350.72,0
"506",19,40,1053.1,36,0.2104,8305.94,0
"507",19,41,934.3,36.34,0.21046,7589.21,0
"508",19,42,1068,36.56,0.21055,8432.06,0
"509",19,43,1064.1,36.43,0.21061,8438.14,0
"510",19,44,1063.9,36.86,0.21067,8438.01,0
"511",19,45,1095,36.62,0.21075,8432.85,0
"512",19,46,1040.8,36.58,0.21083,7873.86,0
"513",19,47,1044.2,36.68,0.2109,7548.59,0
"514",19,48,1031.6,36.89,0.21096,7992.2,0
"515",19,49,1051.2,37.49,0.21102,8229.58,0
"516",19,50,1032,37.44,0.21109,8147.83,0
"517",19,51,1083.5,37.79,0.21115,8429.14,0
"518",19,52,1060,37.62,0.21118,8317.35,0
"519",19,53,1029.7,38.54,0.21124,8078.74,0
"520",19,54,968.6,38.16,0.21132,7733.69,0
"521",19,55,951,37.59,0.21138,7680.24,0
"522",19,56,385.6,37.2,0.21143,3019.58,0
"523",19,57,805,36.85,0.21148,6681.67,0
"524",19,58,876.5,38.59,0.21153,7106.35,0
"525",19,59,753.3,38.47,0.21158,6104.95,0
"526",19,60,814.2,38.22,0.21165,6654.37,0
"527",19,61,773,38.65,0.21168,6280.05,0
"528",19,62,664.1,39.34,0.21171,5331.31,0
"529",19,63,422.6,38.86,0.21174,3364.65,0
"530",19,64,150.4,36.53,0.21174,1267.01,0
"531",19,65,237,36.05,0.21179,1951.55,0
"532",19,66,86.8,36,0.21181,715.27,0
"533",19,67,92.1,35.64,0.21183,792.56,0
"534",19,68,117.2,35.36,0.21187,1023.64,0
"535",19,69,83.8,35.2,0.21189,719.52,0
"536",19,70,105.5,34.98,0.21192,839.71,0
"537",19,71,89.6,34.85,0.21194,673.31,0
"538",19,72,46.9,34.8,0.21192,388.97,0
"539",19,73,27.5,33.44,0.21193,225.87,0
"540",19,74,22.4,33.08,0.21193,187.45,0
"541",19,75,17.1,32.81,0.21192,142.56,0
"542",19,76,11.7,31.77,0.21191,98.63,0
"543",19,77,9.9,31.36,0.2119,84.67,0
"544",19,78,6,31.07,0.21189,53.8,0
"545",19,79,1.5,31.11,0.21199,24.41,0
"546",20,1,6.5,27.75,0.21613,52.48,0
"547",20,2,13.2,27.82,0.21618,110,0
"548",20,3,24.5,28.98,0.21624,203.7,0
"549",20,4,39.4,30.04,0.2163,323.27,0
"550",20,5,59.9,30.78,0.21636,505.4,0
"551",20,6,88,31.59,0.21642,762.69,0
"552",20,7,122,31.79,0.2165,1068.58,0
"553",20,8,160,32.01,0.21659,1422.68,0
"554",20,9,201.9,32.08,0.21668,1800.92,0
"555",20,10,245.9,32.31,0.21678,2216.21,0
"556",20,11,290.5,32.81,0.21687,2650.64,0
"557",20,12,336.1,32.84,0.217,3062.17,0
"558",20,13,382.6,33.59,0.21712,3472.8,0
"559",20,14,427.6,33.71,0.21723,3867.33,0
"560",20,15,472.6,34.07,0.21737,4240.84,0
"561",20,16,516.1,34.06,0.21751,4604.93,0
"562",20,17,558.4,34.44,0.21762,4973.85,0
"563",20,18,600.9,34.95,0.21772,5277.38,0
"564",20,19,641.7,34.73,0.21784,5626.7,0
"565",20,20,681.1,35.42,0.21794,5928.45,0
"566",20,21,717.7,35.5,0.21805,6188.49,0
"567",20,22,753.9,35.69,0.21818,6469.95,0
"568",20,23,784.7,35.85,0.21831,6725.64,0
"569",20,24,815.4,35.33,0.21845,6996.53,0
"570",20,25,847.6,35.7,0.2186,7168.16,0
"571",20,26,878,35.99,0.21871,7372.77,0
"572",20,27,902.6,36.19,0.21882,7572.1,0
"573",20,28,931.5,36.32,0.21893,7726.54,0
"574",20,29,953,36.61,0.21907,7865.96,0
"575",20,30,969.8,36.67,0.21919,7984.29,0
"576",20,31,993.1,36.86,0.21933,8163.25,0
"577",20,32,1009.8,37.22,0.2194,8215.77,0
"578",20,33,1009.8,37.23,0.21952,8163.52,0
"579",20,34,1038.7,37.36,0.21964,8231.69,0
"580",20,35,1050.8,37.34,0.21971,8378.96,0
"581",20,36,1120.2,38.16,0.21978,8413.54,0
"582",20,37,1152.3,38.46,0.21982,8441.37,0
"583",20,38,1168.5,38.41,0.21987,8437.91,0
"584",20,39,680,37.13,0.21993,5056.41,0
"585",20,40,1197.2,37.9,0.21996,8374.76,0
"586",20,41,1142.3,37.42,0.22007,8173.48,0
"587",20,42,1143.6,37.88,0.22016,8345.72,0
"588",20,43,1117.3,38.1,0.22023,8399.65,0
"589",20,44,1104.6,38.15,0.2203,8336.67,0
"590",20,45,997.3,37.61,0.22039,7465.27,0
"591",20,46,256.6,36.31,0.22049,2085.99,0
"592",20,47,969,37.48,0.22055,7488.22,0
"593",20,48,1096.5,38.78,0.2206,8417.02,0
"594",20,49,1055.7,38.49,0.22069,8274.41,0
"595",20,50,676.8,37.62,0.22079,5597.91,0
"596",20,51,1006.4,38.76,0.22085,8177.59,0
"597",20,52,480.3,38.66,0.2209,3791.92,0
"598",20,53,318.8,37.59,0.2209,2672.33,0
"599",20,54,867,38.94,0.22093,7161.97,0
"600",20,55,598.7,37.52,0.22101,5038.11,0
"601",20,56,720.6,37.59,0.22109,6012.46,0
"602",20,57,753.8,38.52,0.22115,6245.73,0
"603",20,58,569,38.11,0.22119,4693.98,0
"604",20,59,479.7,38.58,0.2212,3967.18,0
"605",20,60,375.1,38.58,0.2212,3105.37,0
"606",20,61,379.5,38.32,0.22122,3176.1,0
"607",20,62,317.8,38.01,0.22124,2662.97,0
"608",20,63,222,37.57,0.22124,1869.25,0
"609",20,64,148.3,36.79,0.22125,1274.73,0
"610",20,65,99.4,36.41,0.22127,859.12,0
"611",20,66,93,36.21,0.22131,802.39,0
"612",20,67,76.9,34.65,0.22134,662.25,0
"613",20,68,53.7,33.88,0.22141,466.74,0
"614",20,69,35.1,32.91,0.22155,303.36,0
"615",20,70,38.4,31.97,0.22165,330.54,0
"616",20,71,43.5,30.54,0.22174,372.33,0
"617",20,72,44.3,29.62,0.22187,377.94,0
"618",20,73,41.6,28.99,0.22201,349.85,0
"619",20,74,37.3,28.41,0.22215,310.15,0
"620",20,75,23.9,27.96,0.22226,194.91,0
"621",20,76,12,27.65,0.22238,96.38,0
"622",20,77,1.5,27.53,0.22254,18.97,0
"623",21,1,5,19.15,0.22856,35.52,0
"624",21,2,10.4,19.76,0.22861,73.51,0
"625",21,3,18.6,20.37,0.22866,149.48,0
"626",21,4,27.2,22.31,0.22871,217.3,0
"627",21,5,34.9,22.91,0.22876,283.82,0
"628",21,6,48.7,25.61,0.22881,398.6,0
"629",21,7,67.5,25.47,0.22884,580.18,0
"630",21,8,116,27.63,0.22886,997.19,0
"631",21,9,156.9,28.93,0.22892,1370.05,0
"632",21,10,197.5,28.48,0.22901,1739.59,0
"633",21,11,241.6,28.77,0.22907,2148.43,0
"634",21,12,284.5,28.26,0.22914,2576.6,0
"635",21,13,328.8,28.74,0.22917,3009.82,0
"636",21,14,372.3,28.94,0.22929,3421.97,0
"637",21,15,413.9,29.53,0.22942,3790.23,0
"638",21,16,459.7,30.13,0.22949,4189.32,0
"639",21,17,507.8,29.94,0.22957,4591.54,0
"640",21,18,552.3,30.5,0.22962,4970.76,0
"641",21,19,593.5,31.51,0.22965,5334.51,0
"642",21,20,627,30.16,0.22977,5577.01,0
"643",21,21,646.4,30.32,0.22988,5732.29,0
"644",21,22,693.8,30.66,0.22998,6144.67,0
"645",21,23,736.2,30.84,0.23011,6484.99,0
"646",21,24,760,32.09,0.23017,6642.34,0
"647",21,25,801.7,31.98,0.23028,6918.93,0
"648",21,26,833.5,31.8,0.23041,7164.4,0
"649",21,27,861.6,32.61,0.2305,7329.44,0
"650",21,28,899.8,33.24,0.2306,7590.21,0
"651",21,29,924.7,33.06,0.23068,7789.84,0
"652",21,30,949.8,33.24,0.23078,7954.39,0
"653",21,31,971.4,33.59,0.23088,8022.96,0
"654",21,32,999.8,33.26,0.23105,8286.34,0
"655",21,33,976.7,33.39,0.23121,8098.47,0
"656",21,34,929.2,33.49,0.23134,7677.47,0
"657",21,35,995.2,33.95,0.23147,8231.83,0
"658",21,36,972.1,34.5,0.23158,8039.62,0
"659",21,37,1054,34.12,0.2317,8396.7,0
"660",21,38,1069.3,34.52,0.23186,8435.72,0
"661",21,39,1088.3,34.24,0.23201,8406.84,0
"662",21,40,990.9,34.27,0.23213,7876.08,0
"663",21,41,1080.1,34.41,0.23228,8387.66,0
"664",21,42,1080.3,34.78,0.23241,8461.33,0
"665",21,43,1029.6,34.55,0.23253,8253.65,0
"666",21,44,1069.2,35.14,0.23268,8427.71,0
"667",21,45,1044.8,35.56,0.23278,8328.21,0
"668",21,46,1078.6,35.3,0.23288,8420.25,0
"669",21,47,1084.6,35.29,0.23304,8421.06,0
"670",21,48,615.8,34.59,0.23315,4953.99,0
"671",21,49,1018.7,35.37,0.23324,8334.32,0
"672",21,50,1011.5,35.62,0.23333,8188.64,0
"673",21,51,1007.3,35.91,0.23339,8075.51,0
"674",21,52,555.1,35.36,0.23347,4465.04,0
"675",21,53,679.8,35.49,0.23354,5592.42,0
"676",21,54,773.7,36.22,0.23357,6360.04,0
"677",21,55,547.7,36.01,0.23362,4093.62,0
"678",21,56,768.3,36.31,0.23366,6261.43,0
"679",21,57,489,34.88,0.23375,4161.11,0
"680",21,58,741.7,35.88,0.23379,6196.97,0
"681",21,59,706.6,36.04,0.23384,5862.18,0
"682",21,60,668.4,36.24,0.23389,5519.37,0
"683",21,61,637.5,36.79,0.2339,5233.16,0
"684",21,62,559.8,37.12,0.23389,4576.06,0
"685",21,63,536.4,37.77,0.23388,4419.04,0
"686",21,64,510.7,36.61,0.23392,4121.7,0
"687",21,65,469.1,35.97,0.23397,3813.01,0
"688",21,66,424.7,35.9,0.234,3400.03,0
"689",21,67,181.5,35.21,0.23401,1460.67,0
"690",21,68,85.6,33.57,0.23408,707.84,0
"691",21,69,70.4,31.26,0.23418,599.81,0
"692",21,70,207.2,31.24,0.23427,1328.39,0
"693",21,71,184.2,30.51,0.23439,1067.51,0
"694",21,72,67.3,30.44,0.23447,786.76,0
"695",21,73,92.3,30.07,0.23457,457.56,0
"696",21,74,60.6,29.91,0.23462,320.34,0
"697",21,75,27.3,29.38,0.23467,221.96,0
"698",21,76,21,29.37,0.2347,161.24,0
"699",21,77,14,29.79,0.23474,104.16,0
"700",21,78,5,29.08,0.23476,42.32,0
"701",22,1,7,22.3,0.23668,36.39,0
"702",22,2,10.3,22.63,0.23672,71.19,0
"703",22,3,19,23.17,0.2367,136.51,0
"704",22,4,28.7,24.88,0.23669,211.67,0
"705",22,5,41.8,26.38,0.23667,322.12,0
"706",22,6,61.4,27.83,0.23665,481.4,0
"707",22,7,88.3,29.28,0.23662,698.33,0
"708",22,8,122,30.43,0.23661,968.76,0
"709",22,9,159.6,30.84,0.2366,1286.84,0
"710",22,10,198.7,30.59,0.2366,1637.4,0
"711",22,11,240.4,30.25,0.23664,2018.22,0
"712",22,12,287.5,30.51,0.23669,2450.43,0
"713",22,13,330.1,31.99,0.23672,2839.53,0
"714",22,14,372.8,32.67,0.23676,3131.76,0
"715",22,15,418.2,33.48,0.23681,3426.37,0
"716",22,16,464.5,33.3,0.23686,3827.96,0
"717",22,17,509.6,32.61,0.23694,4199.94,0
"718",22,18,549.1,33.05,0.23702,4537.41,0
"719",22,19,589.1,33.98,0.23708,4876.8,0
"720",22,20,623.7,33.94,0.23715,5157.85,0
"721",22,21,669.4,34.73,0.23721,5490.11,0
"722",22,22,700.9,34.64,0.23727,5751.93,0
"723",22,23,737.8,35.13,0.23735,6033.43,0
"724",22,24,779.6,34.9,0.23741,6275.73,0
"725",22,25,802.6,35.51,0.23748,6494.83,0
"726",22,26,839.4,35.99,0.23755,6697.99,0
"727",22,27,854.6,35.73,0.2376,6830.75,0
"728",22,28,888.6,36.75,0.23766,7081.89,0
"729",22,29,921.5,37.06,0.2377,7224.93,0
"730",22,30,942,37.31,0.23774,7352.88,0
"731",22,31,962.5,36.25,0.23781,7490.45,0
"732",22,32,1003.8,36.19,0.2379,7757.12,0
"733",22,33,1051.5,36.03,0.23803,8041.88,0
"734",22,34,672,34.45,0.23815,5172.3,0
"735",22,35,855.2,35.77,0.23821,6146.16,0
"736",22,36,889.3,35.92,0.23828,6767.87,0
"737",22,37,1149.3,37.15,0.23834,8418.33,0
"738",22,38,919.4,37.38,0.23839,6538.77,0
"739",22,39,1168.4,36.93,0.23847,8420.81,0
"740",22,40,1192.2,36.38,0.23855,8431.91,0
"741",22,41,575.5,35.87,0.23862,4038.22,0
"742",22,42,1143.8,36.46,0.23869,7864.4,0
"743",22,43,1153.7,36.48,0.23878,8245.43,0
"744",22,44,1115.1,36.42,0.23888,8268.3,0
"745",22,45,1160.7,37.59,0.23896,8432.97,0
"746",22,46,711.4,36.19,0.23902,5055.15,0
"747",22,47,944,36.44,0.23908,7283.36,0
"748",22,48,1069.4,36.32,0.23919,8043.18,0
"749",22,49,1044,36.83,0.23927,7783.45,0
"750",22,50,1063.4,36.68,0.23934,7819.96,0
"751",22,51,1073.2,37.33,0.23938,7780.25,0
"752",22,52,1109,37.04,0.23948,7958.44,0
"753",22,53,993.9,37.16,0.23954,7145.66,0
"754",22,54,363.1,36.04,0.23955,2716.2,0
"755",22,55,133.9,31.94,0.23961,1062.16,0
"756",22,56,206.9,29.81,0.23969,1706.5,0
"757",22,57,289.4,31.03,0.23977,2343.67,0
"758",22,58,215,31.17,0.23986,1726.18,0
"759",22,59,125.1,31.03,0.2399,994.4,0
"760",22,60,173.7,31.38,0.23999,1371.63,0
"761",22,61,185.8,30.91,0.24004,1468.78,0
"762",22,62,167,32.02,0.24008,1334.32,0
"763",22,63,185.5,32.62,0.24011,1477.49,0
"764",22,64,167.4,32.38,0.24015,1317.47,0
"765",22,65,249.4,32.44,0.2402,2007.28,0
"766",22,66,426,32.99,0.24025,3397.15,0
"767",22,67,239.4,32.01,0.24039,1889.54,0
"768",22,68,330.3,31.51,0.24054,2516.04,0
"769",22,69,291,32.57,0.24061,2142.67,0
"770",22,70,249.8,32.89,0.24067,1512.46,0
"771",22,71,170.2,31.77,0.24071,1070.86,0
"772",22,72,200.2,31.34,0.24076,1128.97,0
"773",22,73,161.4,32.19,0.24078,980.64,0
"774",22,74,120.9,31.56,0.24082,775.61,0
"775",22,75,91.6,30.61,0.2409,625.92,0
"776",22,76,61.6,30.37,0.24094,441.75,0
"777",22,77,37.8,30.04,0.24099,285.11,0
"778",22,78,13.5,29.59,0.24101,99.14,0
"779",22,79,0.7,28.93,0.241,12.72,0
"780",23,1,7.8,25.86,0.246,54.58,0
"781",23,2,18,25.93,0.24617,130.18,0
"782",23,3,32.1,26.27,0.24631,242.12,0
"783",23,4,48,26.79,0.24648,374.5,0
"784",23,5,67.9,27.2,0.24669,540.17,0
"785",23,6,88.8,27.45,0.24703,716.21,0
"786",23,7,117.3,27.88,0.24743,961.2,0
"787",23,8,152.3,28.34,0.24787,1258.86,0
"788",23,9,189.1,28.7,0.24828,1568.23,0
"789",23,10,228.8,29.38,0.24878,1919.42,0
"790",23,11,267.2,29.95,0.24932,2273.72,0
"791",23,12,300.6,30.97,0.24983,2536.84,0
"792",23,13,363.1,31.77,0.25035,3041,0
"793",23,14,415.5,31.83,0.25086,3447.84,0
"794",23,15,464,32.46,0.2513,3828.47,0
"795",23,16,501.1,32.64,0.25169,4122.94,0
"796",23,17,541.9,32.25,0.25207,4467.3,0
"797",23,18,576.7,32.86,0.25249,4769.88,0
"798",23,19,615.4,32.21,0.2529,5127.55,0
"799",23,20,645.5,32.11,0.2533,5377.36,0
"800",23,21,683.2,32.76,0.25372,5681.22,0
"801",23,22,725,33.21,0.25406,5985.89,0
"802",23,23,761.3,32.81,0.25442,6271.75,0
"803",23,24,786,33.53,0.25476,6445.21,0
"804",23,25,816.4,33.5,0.25513,6686.04,0
"805",23,26,843.8,33.36,0.2555,6873.23,0
"806",23,27,868.8,33.28,0.25589,7046.16,0
"807",23,28,898.1,33.61,0.25624,7260.15,0
"808",23,29,923.6,34.08,0.25659,7395.98,0
"809",23,30,944.6,34.32,0.25692,7527.91,0
"810",23,31,964.3,34.09,0.25726,7654.97,0
"811",23,32,977.2,34.26,0.25761,7762.92,0
"812",23,33,993.9,34.16,0.258,7882.98,0
"813",23,34,1004.4,35.74,0.25833,7918.9,0
"814",23,35,1009.5,34.85,0.25868,8001.58,0
"815",23,36,972.3,35.26,0.25903,7694.64,0
"816",23,37,1001.5,35.66,0.25933,7893.8,0
"817",23,38,983.3,35.19,0.25961,7824.14,0
"818",23,39,1056.1,34.71,0.2599,8194.98,0
"819",23,40,1068.4,34.96,0.26019,8230.11,0
"820",23,41,794.8,34.68,0.26046,6243.04,0
"821",23,42,209,33.91,0.26072,1628.41,0
"822",23,43,988.4,34.63,0.26105,7785.24,0
"823",23,44,1060.6,34.66,0.26142,8262.62,0
"824",23,45,1044.4,35.34,0.2617,7915.28,0
"825",23,46,1052.6,35.29,0.26199,8008.99,0
"826",23,47,999.2,35.41,0.26229,7630.59,0
"827",23,48,936.6,35.94,0.26255,6907.62,0
"828",23,49,861.8,35.6,0.26284,6248.33,0
"829",23,50,958.1,36.43,0.2631,7202.45,0
"830",23,51,999.3,35.73,0.26338,7441.98,0
"831",23,52,924.7,36.42,0.26364,6835.81,0
"832",23,53,851.1,36.37,0.26382,6230.03,0
"833",23,54,538.3,35.56,0.26402,4135.52,0
"834",23,55,573.9,35.68,0.26419,4404.52,0
"835",23,56,725,36.46,0.26434,5535.91,0
"836",23,57,738.4,35.51,0.26453,5564.72,0
"837",23,58,716.6,36.33,0.26468,5407.66,0
"838",23,59,387.4,35.5,0.26483,2976.94,0
"839",23,60,439,35.18,0.26502,3421.33,0
"840",23,61,444.7,35.48,0.26516,3471.19,0
"841",23,62,351.1,35.25,0.26528,2716.91,0
"842",23,63,237.8,34.94,0.26539,1866.38,0
"843",23,64,258.1,34.54,0.26553,2036.9,0
"844",23,65,269.1,33.37,0.26577,2078.55,0
"845",23,66,203.5,32.39,0.26597,1607.11,0
"846",23,67,162.4,31.87,0.2662,1269.92,0
"847",23,68,157.5,31.02,0.26642,1210.02,0
"848",23,69,146.3,28.93,0.26667,1042.53,0
"849",23,70,94.1,28.44,0.26688,699.04,0
"850",23,71,69.2,28.06,0.26706,535,0
"851",23,72,54.9,28.42,0.26722,421.37,0
"852",23,73,36.3,28.58,0.26738,269.22,0
"853",23,74,20.7,28.33,0.26757,154.75,0
"854",23,75,11.2,28.24,0.26772,83.49,0
"855",23,76,4.5,28.22,0.26791,37.7,0
"856",23,77,0.1,28.42,0.26807,6.61,0
"857",24,1,2.25,27.33,0.27375,6.68,0
"858",24,2,6,25.55,0.27626,43.31,0
"859",24,3,9.4,25.54,0.27637,64.19,0
"860",24,4,20.3,25.55,0.27648,152.86,0
"861",24,5,33.7,26.53,0.27657,252.35,0
"862",24,6,37.2,26.16,0.27665,282.02,0
"863",24,7,71.1,27.54,0.27672,562.19,0
"864",24,8,135,28.82,0.27684,1103.89,0
"865",24,9,169.8,29.55,0.27694,1401.39,0
"866",24,10,181,29.47,0.27706,1486.95,0
"867",24,11,216.1,29.87,0.27716,1797.54,0
"868",24,12,266.9,30.68,0.27725,2273.72,0
"869",24,13,307.8,30.01,0.27743,2645.41,0
"870",24,14,312,29.07,0.27756,2668.58,0
"871",24,15,387,29.15,0.27769,3276.74,0
"872",24,16,421.9,28.88,0.27784,3503.85,0
"873",24,17,464.7,29.04,0.27805,3860.25,0
"874",24,18,506.9,29.49,0.27827,4215.34,0
"875",24,19,548.6,29.89,0.27845,4559.61,0
"876",24,20,586,29.87,0.27869,4871.33,0
"877",24,21,625.4,30.65,0.27887,5236.72,0
"878",24,22,664.5,31.29,0.27903,5533.81,0
"879",24,23,700.4,32.28,0.27916,5845.16,0
"880",24,24,736.6,32.3,0.27934,6108.56,0
"881",24,25,769.6,33.34,0.27951,6353.33,0
"882",24,26,801.3,33.49,0.27971,6574.52,0
"883",24,27,827.4,33.41,0.27991,6793.79,0
"884",24,28,865.1,34.24,0.28008,7072.05,0
"885",24,29,894.5,35.1,0.28026,7234.91,0
"886",24,30,850,34.41,0.28043,6921.7,0
"887",24,31,859.6,35.21,0.28059,7590.24,0
"888",24,32,959.4,35.99,0.28074,7692.56,0
"889",24,33,986.7,35,0.28097,7863.94,0
"890",24,34,1015.5,34.98,0.28116,8080.5,0
"891",24,35,1056.8,35.62,0.28134,8278.06,0
"892",24,36,921.6,35.35,0.28156,6613.08,0
"893",24,37,733.1,35.88,0.28175,5992.02,0
"894",24,38,733.1,35.14,0.28193,5367.94,0
"895",24,39,1096.7,36.19,0.28213,8130.27,0
"896",24,40,827.1,35.6,0.2823,6526.15,0
"897",24,41,1105.8,35.52,0.28249,8428.56,0
"898",24,42,1132.6,35.3,0.28272,8425.35,0
"899",24,43,1159.9,35.93,0.28294,8420.31,0
"900",24,44,1028.1,35.89,0.28311,7785.35,0
"901",24,45,1047.5,36.25,0.28332,7816.08,0
"902",24,46,1028.1,36.11,0.28351,7476.18,0
"903",24,47,1085.8,36.08,0.28375,8296.12,0
"904",24,48,605,35.44,0.28397,4583.1,0
"905",24,49,980.7,36.18,0.28419,7574.83,0
"906",24,50,688.8,36.03,0.28442,5324.17,0
"907",24,51,813.85,36.23,0.28464,6276.94,0
"908",24,52,824.6,36.54,0.28487,6230.2,0
"909",24,53,897.5,36.07,0.28507,6774.88,0
"910",24,54,849.1,36.07,0.28534,6331.11,0
"911",24,55,839.4,35.83,0.28561,6310.2,0
"912",24,56,701.4,36.46,0.28581,5404.63,0
"913",24,57,797.6,36.53,0.28605,6034.6,0
"914",24,58,555,36.62,0.28629,4236.15,0
"915",24,59,537.5,36.49,0.28656,4475.08,0
"916",24,60,661.1,36.79,0.28677,5421.18,0
"917",24,61,443.2,36.11,0.287,3463.85,0
"918",24,62,612.1,36.51,0.28727,5027.4,0
"919",24,63,407.6,37.04,0.28747,3344.61,0
"920",24,64,516.7,36.99,0.28775,4260.25,0
"921",24,65,427.9,36.26,0.28801,3616.73,0
"922",24,66,296.9,36.04,0.28824,2428.45,0
"923",24,67,336.1,36.71,0.28847,2650.56,0
"924",24,68,156.1,34.92,0.28872,1254.39,0
"925",24,69,304.2,36.01,0.28898,2373.78,0
"926",24,70,246.9,35.84,0.28921,1674.92,0
"927",24,71,201.9,35.91,0.28943,1186.12,0
"928",24,72,130.9,35.25,0.28964,812.29,0
"929",24,73,80.1,34.75,0.28987,671.17,0
"930",24,74,57.8,34.42,0.29007,485.01,0
"931",24,75,43.8,34.14,0.29032,365.31,0
"932",24,76,37.7,33.88,0.29059,308.51,0
"933",24,77,32.9,33.67,0.29081,261.95,0
"934",24,78,22.4,33.65,0.29103,185.66,0
"935",24,79,6.9,33.51,0.29123,66.27,0
"936",25,1,6.6,23.34,0.33793,49.8,0
"937",25,2,12,23.35,0.33803,94.17,0
"938",25,3,21,23.54,0.33814,172.88,0
"939",25,4,30.9,23.6,0.33822,249.5,0
"940",25,5,38,23.5,0.33831,309.39,0
"941",25,6,47.2,23.46,0.33845,390.13,0
"942",25,7,63.2,23.62,0.33867,535.07,0
"943",25,8,86.1,23.67,0.33887,735.26,0
"944",25,9,105,23.92,0.33904,904.2,0
"945",25,10,116.2,24.03,0.33923,990.78,0
"946",25,11,126.3,24.15,0.33941,1094.41,0
"947",25,12,139.6,24.18,0.33967,1212.39,0
"948",25,13,155.5,24.28,0.33989,1353.9,0
"949",25,14,176.8,24.53,0.34011,1556.57,0
"950",25,15,203.4,24.77,0.34041,1791.49,0
"951",25,16,231.9,24.99,0.34074,2049.23,0
"952",25,17,260.5,25.37,0.34107,2297.72,0
"953",25,18,290.4,25.75,0.34136,2559.48,0
"954",25,19,326.2,25.93,0.34167,2884.58,0
"955",25,20,358.8,26.77,0.34193,3178.13,0
"956",25,21,391.3,26.93,0.34221,3463.39,0
"957",25,22,407.7,27.21,0.34248,3647.64,0
"958",25,23,434.4,27.56,0.34271,3925.07,0
"959",25,24,561.9,28.19,0.34293,5041.22,0
"960",25,25,604.7,28.8,0.34319,5353.66,0
"961",25,26,509.1,29.03,0.3434,4526.55,0
"962",25,27,661.8,29.64,0.34363,5853.36,0
"963",25,28,894.7,31.36,0.34383,7694.84,0
"964",25,29,1015,32.87,0.34405,8401.57,0
"965",25,30,765.3,31.54,0.34429,6415.67,0
"966",25,31,772.2,31.2,0.3445,6585.66,0
"967",25,32,863.9,32.1,0.34472,7311.04,0
"968",25,33,689.6,32.14,0.34491,5833.39,0
"969",25,34,611.1,31.9,0.34512,5105.62,0
"970",25,35,619.9,32.02,0.34529,5319.38,0
"971",25,36,690.7,31.29,0.34558,5958.14,0
"972",25,37,689.9,32.3,0.34584,5799.11,0
"973",25,38,463.3,31.04,0.34614,3981.67,0
"974",25,39,623.5,30.77,0.34644,5429.08,0
"975",25,40,612.5,31.67,0.34666,5261.78,0
"976",25,41,534.6,31.14,0.34688,4624.39,0
"977",25,42,483.9,31.34,0.34713,4182.15,0
"978",25,43,377.9,30.38,0.34737,3266.01,0
"979",25,44,358,30.66,0.3476,3075.03,0
"980",25,45,347.1,30.3,0.34785,3021.03,0
"981",25,46,350.8,30.12,0.34808,3067.47,0
"982",25,47,390.2,30.31,0.3483,3394.42,0
"983",25,48,409.8,30.48,0.34855,3565.58,0
"984",25,49,488.9,30.71,0.34878,4261.54,0
"985",25,50,573.6,30.94,0.34901,4928.58,0
"986",25,51,516.9,31.17,0.34923,4412.85,0
"987",25,52,440.2,31,0.34945,3759.66,0
"988",25,53,428.6,31.24,0.34967,3677,0
"989",25,54,431.2,30.89,0.34989,3664.88,0
"990",25,55,441.7,31.05,0.35012,3801.76,0
"991",25,56,498.7,31.4,0.3503,4260.66,0
"992",25,57,569.5,31.8,0.35049,4818.83,0
"993",25,58,489.5,32.39,0.35064,4096.26,0
"994",25,59,337.4,31.55,0.3508,2864.23,0
"995",25,60,374.5,31.52,0.35093,3232.81,0
"996",25,61,413.8,31.54,0.35108,3531.74,0
"997",25,62,491.2,31.92,0.35118,4099.23,0
"998",25,63,458.1,32.65,0.35132,3627.21,0
"999",25,64,421.3,31.45,0.35144,3225.6,0
"1000",25,65,377.3,31.73,0.35157,2877.78,0
"1001",25,66,324.9,32.29,0.35164,2488.59,0
"1002",25,67,281.1,31.33,0.35179,2050.89,0
"1003",25,68,237.5,32.33,0.35186,1435.95,0
"1004",25,69,190.9,32.82,0.35194,1049.39,0
"1005",25,70,145.1,32.27,0.35201,832.85,0
"1006",25,71,114.7,31.56,0.35208,644.03,0
"1007",25,72,87.8,31.61,0.35223,521.79,0
"1008",25,73,65.8,31.42,0.35234,421.21,0
"1009",25,74,43,30.89,0.35243,307.81,0
"1010",25,75,21.7,29.99,0.35249,174.13,0
"1011",25,76,5.2,29.3,0.35256,49.22,0
"1012",26,1,6.4,20.92,0.3577,43,1
"1013",26,2,8.1,21.31,0.35786,56.73,1
"1014",26,3,9.6,20.97,0.35801,70.36,1
"1015",26,4,13.5,20.89,0.35811,100.54,1
"1016",26,5,29.5,21.06,0.35819,236,1
"1017",26,6,51.6,21.39,0.35824,427.2,1
"1018",26,7,88.3,21.6,0.35829,760.08,1
"1019",26,8,83.6,22,0.35834,713.02,1
"1020",26,9,70.8,21.89,0.3584,603.02,1
"1021",26,10,78.6,21.82,0.3585,674.43,1
"1022",26,11,167,22.56,0.35857,1481.94,1
"1023",26,12,203.8,23.24,0.35865,1819.17,1
"1024",26,13,279.7,23.51,0.35873,2534.07,1
"1025",26,14,196.3,24.35,0.35877,1739.51,1
"1026",26,15,135.4,22.63,0.35882,1189.16,1
"1027",26,16,279.4,23.76,0.35882,2526.25,1
"1028",26,17,452.6,25.08,0.35882,4156.99,1
"1029",26,18,527.1,25.18,0.35887,4769.11,1
"1030",26,19,442.6,25.33,0.35891,3959.84,1
"1031",26,20,453,25.73,0.35893,4080.68,1
"1032",26,21,575.8,25.76,0.35901,5214.22,1
"1033",26,22,654.6,26.57,0.35912,5971.62,1
"1034",26,23,440.9,27.09,0.3592,3708.61,1
"1035",26,24,198.5,25.68,0.35922,1744.57,1
"1036",26,25,186.4,25.9,0.35924,1678.13,1
"1037",26,26,154.8,25.34,0.35928,1383.89,1
"1038",26,27,148.2,24.64,0.35936,1312.53,1
"1039",26,28,282,24.93,0.35947,2578.44,1
"1040",26,29,375.8,26.3,0.35955,3423.34,1
"1041",26,30,432.5,26.47,0.35964,3897.71,1
"1042",26,31,492.4,26.43,0.35973,4450.42,1
"1043",26,32,629.2,27.59,0.3598,5608.63,1
"1044",26,33,887.1,28.79,0.35987,7502.45,1
"1045",26,34,806.5,29.36,0.35992,6780.57,1
"1046",26,35,769.2,28.82,0.36,6638.39,1
"1047",26,36,830,29.58,0.36008,7074.75,1
"1048",26,37,735.8,29.47,0.36013,6294.48,1
"1049",26,38,729.1,29.5,0.3602,6232.46,1
"1050",26,39,571.7,29.2,0.36027,4933.28,1
"1051",26,40,411.6,29.25,0.36028,3553.54,1
"1052",26,41,485.3,28.71,0.36033,4326.43,1
"1053",26,42,536.7,29.18,0.36038,4712.67,1
"1054",26,43,865.25,30.31,0.36044,7028.31,1
"1055",26,44,695.7,29.56,0.36052,6021.87,1
"1056",26,45,539.4,29.61,0.36058,4652.79,1
"1057",26,46,665.3,29.77,0.36062,5396.31,1
"1058",26,47,657.3,29.64,0.3607,5743.14,1
"1059",26,48,719.2,29.47,0.36081,6133.51,1
"1060",26,49,590.6,29.53,0.36087,5089.56,1
"1061",26,50,497.5,28.93,0.36093,4314.96,1
"1062",26,51,447,28.26,0.36099,3912.75,1
"1063",26,52,468.8,28.6,0.36105,4123.34,1
"1064",26,53,465.1,28.12,0.36111,3978.99,1
"1065",26,54,468.7,28.44,0.36121,4105.06,1
"1066",26,55,446.8,28.95,0.36126,3898.55,1
"1067",26,56,599.6,29.85,0.36128,5163.35,1
"1068",26,57,490.5,28.63,0.36132,4242.88,1
"1069",26,58,861.3,30.58,0.36138,7252.75,1
"1070",26,59,626.3,30.69,0.3614,5514.64,1
"1071",26,60,607.7,30.74,0.36144,5029.99,1
"1072",26,61,431,31.48,0.36147,3704.8,1
"1073",26,62,247.9,29.25,0.36149,2107.63,1
"1074",26,63,271.9,29.24,0.36152,2259.26,1
"1075",26,64,250.8,28.95,0.36151,2198.55,1
"1076",26,65,204.5,29.3,0.36152,1792.45,1
"1077",26,66,160.1,28.84,0.36152,1415.47,1
"1078",26,67,128.3,28.31,0.36154,1130.98,1
"1079",26,68,126.4,28.02,0.36156,1118.97,1
"1080",26,69,105.3,27.91,0.36157,924.62,1
"1081",26,70,91.4,27.8,0.36159,800.37,1
"1082",26,71,66.1,27.66,0.36158,572.33,1
"1083",26,72,50.5,27.59,0.36155,437.25,1
"1084",26,73,40.7,27.14,0.36153,336.05,1
"1085",26,74,30.3,26.98,0.36149,258.09,1
"1086",26,75,19.7,26.45,0.36143,161.84,1
"1087",26,76,5.8,26.02,0.36138,50.23,1
"1088",26,77,0.1,26.04,0.36133,9.66,1
"1089",27,1,4,22.05,0.36412,34.82,0
"1090",27,2,7.2,21.98,0.36418,47.72,0
"1091",27,3,13.6,22.05,0.36422,109.72,0
"1092",27,4,25.1,22.12,0.36427,201.57,0
"1093",27,5,27.6,22.46,0.36434,230.49,0
"1094",27,6,36.7,22.66,0.36437,305.71,0
"1095",27,7,61.5,22.95,0.36443,531.11,0
"1096",27,8,66.9,23.05,0.36451,577.95,0
"1097",27,9,80.5,23.13,0.36462,705.56,0
"1098",27,10,97.6,23.33,0.36468,868.49,0
"1099",27,11,115.2,23.46,0.36477,1018.28,0
"1100",27,12,138.7,23.98,0.36482,1238.32,0
"1101",27,13,171.3,24.39,0.36489,1542.35,0
"1102",27,14,212.2,24.79,0.36497,1926.96,0
"1103",27,15,236.2,25.14,0.36505,2119.42,0
"1104",27,16,238.1,25.51,0.36513,2138.5,0
"1105",27,17,238.4,25.44,0.36524,2138.87,0
"1106",27,18,265.9,25.62,0.36535,2403.03,0
"1107",27,19,277.2,25.87,0.36547,2500.37,0
"1108",27,20,257.1,26.15,0.36555,2300.29,0
"1109",27,21,273,26.05,0.36564,2452.36,0
"1110",27,22,212.6,25.83,0.36573,1880.87,0
"1111",27,23,191.5,25.94,0.36579,1698.7,0
"1112",27,24,189.4,25.58,0.36588,1671.65,0
"1113",27,25,165.4,25.55,0.36597,1440.22,0
"1114",27,26,159.5,25.46,0.36604,1399.37,0
"1115",27,27,198.4,25.76,0.36609,1757.68,0
"1116",27,28,253.2,26.34,0.36614,2241.44,0
"1117",27,29,265.1,26.52,0.36622,2338.48,0
"1118",27,30,269.6,26.7,0.3663,2379.74,0
"1119",27,31,265.8,26.78,0.36636,2354.7,0
"1120",27,32,275.1,27.28,0.3664,2450.96,0
"1121",27,33,341.2,27.31,0.36643,3075.88,0
"1122",27,34,455.8,28.1,0.36652,4092.88,0
"1123",27,35,422.3,28.88,0.36655,3731.98,0
"1124",27,36,409.6,28.8,0.36658,3653.18,0
"1125",27,37,335.4,29.06,0.36657,3000.04,0
"1126",27,38,162.4,28.23,0.36655,1426.72,0
"1127",27,39,98.9,28.08,0.36656,871.43,0
"1128",27,40,92.6,27.73,0.36655,829.88,0
"1129",27,41,87.4,25.92,0.36659,776.86,0
"1130",27,42,118,25.2,0.36663,1057.03,0
"1131",27,43,130.2,25.72,0.36666,1167.99,0
"1132",27,44,191.4,26.16,0.36667,1738.68,0
"1133",27,45,242.93,27.2,0.36672,2210.34,0
"1134",27,46,258.6,27.64,0.36694,2327.23,0
"1135",27,47,266.9,28.06,0.36708,2429.76,0
"1136",27,48,253.6,28.68,0.36716,2302.89,0
"1137",27,49,241.4,28.58,0.36719,2173.08,0
"1138",27,50,239.9,28.19,0.36726,2144.62,0
"1139",27,51,275.4,28.21,0.3674,2476.05,0
"1140",27,52,369.2,28.16,0.36746,3304.64,0
"1141",27,53,499.1,30.13,0.36745,4445.31,0
"1142",27,54,663.7,31.18,0.36747,5765.29,0
"1143",27,55,732.8,31.3,0.36752,6213.27,0
"1144",27,56,348.6,30.92,0.36758,2918.63,0
"1145",27,57,373.3,30.36,0.36763,3201.83,0
"1146",27,58,465.6,29.91,0.36771,3985.13,0
"1147",27,59,390,29.9,0.36774,3347.67,0
"1148",27,60,555.2,29.92,0.36787,4783.72,0
"1149",27,61,547.7,29.79,0.36796,4730.33,0
"1150",27,62,658.8,30.54,0.36805,5619,0
"1151",27,63,525.1,30.05,0.36811,4346.38,0
"1152",27,64,476.6,30.03,0.36819,3977.24,0
"1153",27,65,445.9,30.05,0.36829,3671.5,0
"1154",27,66,389.1,30.42,0.36832,3185.59,0
"1155",27,67,353.5,30.12,0.36835,2485.77,0
"1156",27,68,319.3,29.83,0.36843,1777.73,0
"1157",27,69,291.2,29.72,0.36853,1610.04,0
"1158",27,70,221.8,29.73,0.36864,1196.83,0
"1159",27,71,170.4,29.4,0.36874,793.07,0
"1160",27,72,131.8,29.27,0.3688,684.61,0
"1161",27,73,65,28.59,0.3689,409.66,0
"1162",27,74,29.8,28.12,0.369,218.94,0
"1163",27,75,23.1,27.82,0.36906,164.58,0
"1164",27,76,15.9,27.5,0.36916,122.16,0
"1165",27,77,6.5,27.2,0.36923,53.74,0
"1166",27,78,0.3,27.12,0.36933,8.02,0
"1167",28,1,0.2,22.57,0.37146,0,10.4
"1168",28,2,4.4,22.57,0.37142,21.26,10.4
"1169",28,3,7.9,22.69,0.37142,63.37,10.4
"1170",28,4,20.4,22.46,0.37143,157.62,10.4
"1171",28,5,53.7,22.71,0.37144,458.65,10.4
"1172",28,6,81.9,23.12,0.37147,712.87,10.4
"1173",28,7,102.1,23.18,0.37148,907.65,10.4
"1174",28,8,135,23.9,0.37146,1209.78,10.4
"1175",28,9,113.9,24.11,0.37146,997.37,10.4
"1176",28,10,179.2,24.66,0.37146,1604.44,10.4
"1177",28,11,232.2,25.84,0.37147,2090.09,10.4
"1178",28,12,209.9,25.06,0.37146,1911.19,10.4
"1179",28,13,344.2,25.79,0.37146,3213.96,10.4
"1180",28,14,331.5,26.08,0.37147,3031.64,10.4
"1181",28,15,453.1,26.29,0.37146,4198.78,10.4
"1182",28,16,581.1,26.91,0.37149,5266.2,10.4
"1183",28,17,370.1,26.66,0.37149,3339.81,10.4
"1184",28,18,450.2,27,0.37148,3972.33,10.4
"1185",28,19,376.7,27.18,0.37148,3615.14,10.4
"1186",28,20,536.8,28.31,0.37147,4865.87,10.4
"1187",28,21,897.4,30.43,0.37147,7868.09,10.4
"1188",28,22,918,31.55,0.37148,7773.82,10.4
"1189",28,23,860.2,30.42,0.37151,7294.09,10.4
"1190",28,24,633.7,29.9,0.37157,5444.44,10.4
"1191",28,25,799.3,29.09,0.37169,6942.75,10.4
"1192",28,26,694.1,29.46,0.37182,6047.32,10.4
"1193",28,27,744.1,29.61,0.37197,6453.73,10.4
"1194",28,28,783.3,30.65,0.37208,6719.02,10.4
"1195",28,29,621.8,30.72,0.37219,5389.71,10.4
"1196",28,30,584.1,30.31,0.37226,5081.61,10.4
"1197",28,31,565.9,30.58,0.37234,4943.81,10.4
"1198",28,32,806.9,32.38,0.3724,6923.02,10.4
"1199",28,33,689.3,33.02,0.37244,5893.35,10.4
"1200",28,34,637.2,32.03,0.37249,5528.8,10.4
"1201",28,35,611.3,32.58,0.37254,5249.8,10.4
"1202",28,36,521.2,31.81,0.37257,4569.16,10.4
"1203",28,37,447.3,31.67,0.37262,3924.57,10.4
"1204",28,38,393.4,31.02,0.37267,3458.24,10.4
"1205",28,39,441.8,31.38,0.37271,3925.8,10.4
"1206",28,40,545.1,31.61,0.37277,4840.34,10.4
"1207",28,41,781.1,31.7,0.37286,6768.81,10.4
"1208",28,42,817.2,32.09,0.37293,6951.54,10.4
"1209",28,43,895.8,32.54,0.37299,7477.14,10.4
"1210",28,44,751.1,33.24,0.3731,6326.9,10.4
"1211",28,45,924.3,33.47,0.37315,7763.61,10.4
"1212",28,46,786.3,33.91,0.3732,6229.97,10.4
"1213",28,47,750.2,33.69,0.37324,5332.76,10.4
"1214",28,48,504,32.57,0.37331,4233.1,10.4
"1215",28,49,197.6,31.14,0.37337,1692.25,10.4
"1216",28,50,136.8,30.5,0.3734,1220.7,10.4
"1217",28,51,148.8,30.46,0.37345,1299.21,10.4
"1218",28,52,132.8,29.81,0.37352,1191.58,10.4
"1219",28,53,256.5,29.72,0.37365,2341.01,10.4
"1220",28,54,251.6,28.84,0.37377,2296.23,10.4
"1221",28,55,204.4,28.14,0.37383,1866.31,10.4
"1222",28,56,158.3,27.63,0.37392,1436.36,10.4
"1223",28,57,137.6,27.11,0.37403,1208.89,10.4
"1224",28,58,133,26.74,0.37416,1205.45,10.4
"1225",28,59,128.6,26.59,0.37428,1163.84,10.4
"1226",28,60,109.7,26.36,0.3744,988.36,10.4
"1227",28,61,111.7,26.21,0.37447,986.85,10.4
"1228",28,62,51.1,26.09,0.37456,427.07,10.4
"1229",28,63,60.4,25.53,0.3747,522.93,10.4
"1230",28,64,41.5,24.61,0.37488,345.75,10.4
"1231",28,65,17.8,24.14,0.37495,143.88,10.4
"1232",28,66,2.6,22.24,0.37506,10.99,10.4
"1233",28,67,12.7,20.45,0.37505,96.5,10.4
"1234",28,68,15.4,19.64,0.37499,122.32,10.4
"1235",28,69,11.2,19.89,0.37495,87.95,10.4
"1236",28,70,10.6,19.84,0.37489,78.32,10.4
"1237",28,71,10.3,20.05,0.37483,80.43,10.4
"1238",28,72,10.4,20.07,0.37477,78,10.4
"1239",28,73,8.7,20.14,0.37471,61.38,10.4
"1240",28,74,6.4,20.33,0.37466,43.31,10.4
"1241",28,75,5,20.42,0.37462,29.47,10.4
"1242",28,76,2.8,20.56,0.37458,18.03,10.4
"1243",28,77,1.3,20.54,0.37454,14.63,10.4
"1244",28,78,1.4,20.66,0.3745,9.8,10.4
"1245",29,1,7.88,20.56,0.37221,53.01,4.6
"1246",29,2,18.5,20.7,0.37216,143.74,4.6
"1247",29,3,34.8,21.46,0.37211,261.76,4.6
"1248",29,4,44.1,22.85,0.37206,342.3,4.6
"1249",29,5,48.6,23.08,0.372,414.64,4.6
"1250",29,6,81.9,26.48,0.37195,655.9,4.6
"1251",29,7,106,27.98,0.37189,877.24,4.6
"1252",29,8,138.6,31.64,0.37184,1185.33,4.6
"1253",29,9,175,31.71,0.37178,1533.35,4.6
"1254",29,10,217.8,30.15,0.37173,1944.02,4.6
"1255",29,11,258.9,32.5,0.37167,2338.8,4.6
"1256",29,12,299.6,29.71,0.37162,2717.29,4.6
"1257",29,13,301.8,26.67,0.37159,2755.06,4.6
"1258",29,14,392.1,26.85,0.37155,3583.41,4.6
"1259",29,15,435,27.09,0.37153,3976.59,4.6
"1260",29,16,477.1,27.38,0.37154,4344.54,4.6
"1261",29,17,520.2,27.58,0.37156,4710.89,4.6
"1262",29,18,561,27.89,0.37155,5025.75,4.6
"1263",29,19,600.6,28.16,0.37159,5357.34,4.6
"1264",29,20,639.7,28.9,0.3716,5686.52,4.6
"1265",29,21,675.9,29.28,0.37164,5952.47,4.6
"1266",29,22,711.4,29.74,0.37168,6223.96,4.6
"1267",29,23,744.9,30.16,0.37172,6448.81,4.6
"1268",29,24,781.9,30.93,0.37171,6716.7,4.6
"1269",29,25,814.4,31.34,0.37174,6934.06,4.6
"1270",29,26,851.7,32.08,0.37175,7225.84,4.6
"1271",29,27,970.1,33.39,0.37175,8055.15,4.6
"1272",29,28,991.8,34.51,0.37175,7776.09,4.6
"1273",29,29,818.9,33.55,0.37176,6622.1,4.6
"1274",29,30,625.3,32.87,0.37174,5133.35,4.6
"1275",29,31,628.5,33.34,0.37171,5382.75,4.6
"1276",29,32,783.8,34.61,0.37174,6672.33,4.6
"1277",29,33,813.5,34.31,0.37177,6936.41,4.6
"1278",29,34,751,33.81,0.37181,6393.74,4.6
"1279",29,35,652.6,33.34,0.37187,5555.18,4.6
"1280",29,36,768.3,32.99,0.37193,6416.03,4.6
"1281",29,37,685.8,34.51,0.37196,5847.87,4.6
"1282",29,38,715.7,33.92,0.372,6082.8,4.6
"1283",29,39,895.5,33.68,0.37205,7185.1,4.6
"1284",29,40,1048.6,34.13,0.37211,7997.82,4.6
"1285",29,41,844.25,34.36,0.37215,6933.74,4.6
"1286",29,42,1110.1,33.61,0.37223,7901.81,4.6
"1287",29,43,996.7,34.04,0.3723,7470.52,4.6
"1288",29,44,936,34.13,0.3723,7468.06,4.6
"1289",29,45,863.8,33.68,0.37239,6952.3,4.6
"1290",29,46,1089,34.29,0.37243,8313.32,4.6
"1291",29,47,1054,33.79,0.37253,8395.12,4.6
"1292",29,48,1023.8,33.79,0.37262,8278.14,4.6
"1293",29,49,1046.5,33.76,0.37272,8382.66,4.6
"1294",29,50,891.5,34.75,0.37279,7101.97,4.6
"1295",29,51,190.4,32.64,0.37284,1651.11,4.6
"1296",29,52,222.1,32.23,0.37284,1983.97,4.6
"1297",29,53,189.2,32.45,0.37283,1690.68,4.6
"1298",29,54,175.6,30.33,0.37288,1577.26,4.6
"1299",29,55,330.1,30.23,0.37289,3001.7,4.6
"1300",29,56,698.5,30.58,0.37296,6282.32,4.6
"1301",29,57,617.2,30.59,0.37301,5336.5,4.6
"1302",29,58,340.3,29.98,0.37304,2971.55,4.6
"1303",29,59,279.8,29.85,0.37305,2468.9,4.6
"1304",29,60,281.9,30.25,0.37303,2486.55,4.6
"1305",29,61,242.1,28.67,0.37309,2141.59,4.6
"1306",29,62,318,27.08,0.37316,2814.04,4.6
"1307",29,63,658.7,27.78,0.37324,5873.59,4.6
"1308",29,64,660.9,30.3,0.37323,5569.2,4.6
"1309",29,65,368.5,29.89,0.3733,3063.77,4.6
"1310",29,66,184.8,28.94,0.37336,1564.52,4.6
"1311",29,67,105.2,28.38,0.37338,890.07,4.6
"1312",29,68,94,28.64,0.37337,806.64,4.6
"1313",29,69,91.9,29.04,0.37336,781.27,4.6
"1314",29,70,88.8,28.51,0.37341,750.81,4.6
"1315",29,71,84.9,28.51,0.37342,720.42,4.6
"1316",29,72,76.1,27.79,0.37341,646.33,4.6
"1317",29,73,69.6,27.62,0.37344,584.67,4.6
"1318",29,74,63.2,27.36,0.37352,526.48,4.6
"1319",29,75,57.8,27.17,0.37357,477.69,4.6
"1320",29,76,54.5,27.15,0.37362,446.45,4.6
"1321",29,77,42.7,27.07,0.37365,339.66,4.6
"1322",29,78,24.4,26.83,0.37366,190.53,4.6
"1323",29,79,8.3,26.64,0.37367,58.52,4.6
"1324",29,80,0.3,26.26,0.37367,2.77,4.6
"1325",30,1,7.5,21.04,0.37465,54.65,0
"1326",30,2,14.6,21.15,0.37461,114.25,0
"1327",30,3,22.6,21.71,0.37463,182.14,0
"1328",30,4,31.7,22.8,0.37465,261.75,0
"1329",30,5,47.2,24.42,0.37468,403.34,0
"1330",30,6,68.8,25.16,0.37471,572.48,0
"1331",30,7,99.8,25.58,0.37473,849.47,0
"1332",30,8,135,25.95,0.37478,1181.84,0
"1333",30,9,172.1,26.23,0.37486,1531.96,0
"1334",30,10,213.4,25.75,0.37499,1859.58,0
"1335",30,11,254.4,25.61,0.37516,2320.03,0
"1336",30,12,283.9,25.45,0.37534,2591.37,0
"1337",30,13,341.1,25,0.37545,3148.56,0
"1338",30,14,390.7,25.03,0.37557,3590.39,0
"1339",30,15,433.9,25.26,0.37568,3979.25,0
"1340",30,16,479.6,25.44,0.3758,4405.42,0
"1341",30,17,521.8,25.79,0.37594,4799.55,0
"1342",30,18,567.3,26.72,0.37605,5207.38,0
"1343",30,19,604.1,26.61,0.37619,5524.71,0
"1344",30,20,641,27,0.37637,5559.63,0
"1345",30,21,681.4,28.19,0.37645,5729.48,0
"1346",30,22,717.2,27.95,0.3766,6016.56,0
"1347",30,23,753.9,28.24,0.37675,6321,0
"1348",30,24,784.4,28.96,0.37688,6528.59,0
"1349",30,25,819.5,29.93,0.37701,6808.45,0
"1350",30,26,850.6,30.45,0.37712,6961.69,0
"1351",30,27,875.2,30.69,0.3772,7177.14,0
"1352",30,28,901.4,31.2,0.3773,7370.71,0
"1353",30,29,930,31.72,0.37742,7571.94,0
"1354",30,30,954.3,31.76,0.37753,7640.07,0
"1355",30,31,973.6,32.58,0.37761,7827.26,0
"1356",30,32,949.9,32.33,0.37774,8089.04,0
"1357",30,33,1015.9,32.74,0.37785,8401.98,0
"1358",30,34,1025,33.02,0.37795,8418.63,0
"1359",30,35,1039.8,33.34,0.37806,8424.28,0
"1360",30,36,1052.1,33.65,0.37815,8422.78,0
"1361",30,37,1063.8,33.41,0.37823,8415.55,0
"1362",30,38,1077.4,33.41,0.37831,8389.84,0
"1363",30,39,1119.6,33.47,0.37841,8421.79,0
"1364",30,40,1088.3,33.31,0.37845,8355,0
"1365",30,41,950.1,33.19,0.37851,7713.31,0
"1366",30,42,934.6,33.09,0.37857,7467.49,0
"1367",30,43,983.3,33.87,0.37862,7790.99,0
"1368",30,44,742,33.26,0.37866,6133.36,0
"1369",30,45,954.3,33.6,0.37874,7514.6,0
"1370",30,46,761.1,33.48,0.37877,6248.11,0
"1371",30,47,656.4,34.03,0.37878,5513.07,0
"1372",30,48,870,34.16,0.37879,7252.91,0
"1373",30,49,1083.2,34.93,0.37877,8422.54,0
"1374",30,50,1016.4,35.4,0.37876,8062.36,0
"1375",30,51,769.9,34.23,0.3788,6267.84,0
"1376",30,52,1028,35.17,0.37879,8332.4,0
"1377",30,53,1011,35.61,0.37882,7983.38,0
"1378",30,54,647.7,34.7,0.37889,5237.85,0
"1379",30,55,317.7,33.86,0.37891,2906.92,0
"1380",30,56,170.5,33.11,0.37896,1464.9,0
"1381",30,57,133.6,32.16,0.37904,1171.13,0
"1382",30,58,117.1,31.82,0.37914,1028.86,0
"1383",30,59,128.9,31.67,0.37922,1134.98,0
"1384",30,60,117.1,31.62,0.37929,1022.73,0
"1385",30,61,75.9,30.63,0.37938,664.92,0
"1386",30,62,67.3,30.54,0.37947,577.37,0
"1387",30,63,61.4,30.59,0.37959,523.36,0
"1388",30,64,46.5,30.44,0.37969,396.84,0
"1389",30,65,29.7,29.15,0.37971,245.66,0
"1390",30,66,38.7,27.66,0.37971,324.08,0
"1391",30,67,39,27.95,0.37968,322.22,0
"1392",30,68,44.9,28.19,0.37967,373.27,0
"1393",30,69,70.4,29.07,0.37971,595.17,0
"1394",30,70,96,29.59,0.37981,831.61,0
"1395",30,71,65.1,29.43,0.37986,560.47,0
"1396",30,72,59,29.1,0.37993,467.59,0
"1397",30,73,50.8,28.8,0.37996,406.34,0
"1398",30,74,51.7,28.7,0.38003,420.28,0
"1399",30,75,53.1,28.62,0.38014,444.48,0
"1400",30,76,35.5,28.39,0.3802,297.46,0
"1401",30,77,11.9,28.2,0.38027,92.62,0
"1402",30,78,2.6,27.97,0.38032,27.12,0
"1403",31,1,4.7,23.88,0.38248,25.99,7
"1404",31,2,9.9,23.89,0.38249,79.2,7
"1405",31,3,18.5,23.98,0.38253,148.54,7
"1406",31,4,24.1,24.17,0.38256,204.59,7
"1407",31,5,29.8,24.08,0.38258,245.8,7
"1408",31,6,49.8,24.13,0.38262,425.6,7
"1409",31,7,88,24.51,0.38266,774.94,7
"1410",31,8,126.5,24.8,0.38274,1132.05,7
"1411",31,9,134.7,25.07,0.38287,1186.42,7
"1412",31,10,128.7,25.21,0.38295,1131.53,7
"1413",31,11,138,25.28,0.38307,1216.51,7
"1414",31,12,163.4,25.72,0.38316,1451.43,7
"1415",31,13,176.4,25.71,0.38332,1559.57,7
"1416",31,14,199.9,25.82,0.38345,1776.75,7
"1417",31,15,268.8,26.3,0.38355,2449.82,7
"1418",31,16,307.2,26.94,0.38365,2762.72,7
"1419",31,17,361.6,27.53,0.38372,3259.36,7
"1420",31,18,356.6,27.84,0.38381,3197.83,7
"1421",31,19,401.2,28.25,0.3839,3614.07,7
"1422",31,20,363.6,28.08,0.38405,3249.75,7
"1423",31,21,339,28.1,0.38415,3036.44,7
"1424",31,22,327.7,28.18,0.3843,2926.45,7
"1425",31,23,369.4,28.78,0.38439,3321.55,7
"1426",31,24,401.8,29.32,0.38453,3608.07,7
"1427",31,25,467.6,29.31,0.38466,4218.63,7
"1428",31,26,727.1,30.52,0.3848,6137.84,7
"1429",31,27,968.1,31.94,0.38493,7993.07,7
"1430",31,28,1018.2,32.15,0.38511,8167.5,7
"1431",31,29,930.6,32.4,0.38527,7455.27,7
"1432",31,30,793.7,32.21,0.38545,6735.94,7
"1433",31,31,920.9,32.72,0.38568,7766.76,7
"1434",31,32,970,33.51,0.38587,8004.72,7
"1435",31,33,748.7,32.56,0.38603,6211.36,7
"1436",31,34,671.8,32.58,0.3862,5791.77,7
"1437",31,35,767,32.62,0.38637,6615.55,7
"1438",31,36,829.2,32.87,0.38654,6987.49,7
"1439",31,37,604.8,32.62,0.38666,5013.2,7
"1440",31,38,954.6,33.43,0.38684,7953.32,7
"1441",31,39,911.4,33.16,0.38694,7262.78,7
"1442",31,40,882.5,33.28,0.3871,7002.8,7
"1443",31,41,505.1,32.55,0.3872,4238.1,7
"1444",31,42,310.5,32.18,0.38731,2649.81,7
"1445",31,43,286.7,31.52,0.3874,2559.1,7
"1446",31,44,356.7,31.69,0.38747,3232.45,7
"1447",31,45,876.9,32.69,0.38757,6943.28,7
"1448",31,46,509.3,32.48,0.38771,4275.81,7
"1449",31,47,872.5,33.44,0.38784,7351.58,7
"1450",31,48,479.9,32.71,0.38796,4062.69,7
"1451",31,49,294.9,32.16,0.3881,2571.3,7
"1452",31,50,261.5,31.87,0.38825,2302.72,7
"1453",31,51,238.8,31.48,0.38839,2080.61,7
"1454",31,52,290.6,31.66,0.38848,2558.92,7
"1455",31,53,827.3,32.38,0.38863,7164.4,7
"1456",31,54,910.3,33.61,0.38874,7696.84,7
"1457",31,55,684.4,33.29,0.38895,5795.56,7
"1458",31,56,643.9,32.73,0.38914,5529,7
"1459",31,57,376.6,31.92,0.38941,3315.76,7
"1460",31,58,264.6,31.69,0.38951,2351.01,7
"1461",31,59,165.5,30.61,0.38978,1458.64,7
"1462",31,60,137.9,27.65,0.39004,1221.54,7
"1463",31,61,86,26.38,0.39027,760.9,7
"1464",31,62,55.3,25.54,0.39048,479,7
"1465",31,63,45.4,23.69,0.39059,398.54,7
"1466",31,64,59.8,24.41,0.39071,522.79,7
"1467",31,65,44.5,24.65,0.39093,384.62,7
"1468",31,66,27.3,24.81,0.39106,232.87,7
"1469",31,67,21.2,24.95,0.39123,173.46,7
"1470",31,68,11.7,25,0.39137,92.03,7
"1471",31,69,7,25.28,0.39149,50.96,7
"1472",31,70,2.9,25.58,0.39165,25.5,7
"1473",31,71,1,24.96,0.39179,17.38,7
"1474",31,72,0.3,23.5,0.39188,13.04,7
"1475",31,73,0.5,23.57,0.39197,2.91,7
"1476",31,74,0.1,22.81,0.39211,0,7
"1477",32,1,8.5,20.83,0.39118,62.39,17.4
"1478",32,2,16,20.88,0.39116,124.41,17.4
"1479",32,3,25.1,20.99,0.39114,196.28,17.4
"1480",32,4,33,21.09,0.39111,270,17.4
"1481",32,5,44.1,21.21,0.39109,367.97,17.4
"1482",32,6,50.7,21.34,0.39106,424.4,17.4
"1483",32,7,65.8,21.52,0.39104,563.26,17.4
"1484",32,8,62.4,21.66,0.391,534.02,17.4
"1485",32,9,52.9,21.72,0.39096,442.31,17.4
"1486",32,10,56.5,21.76,0.39092,478.09,17.4
"1487",32,11,63.7,21.95,0.39088,555.28,17.4
"1488",32,12,75.4,22.07,0.39083,665.56,17.4
"1489",32,13,80.5,21.93,0.39082,707.53,17.4
"1490",32,14,75.2,21.85,0.39079,656.98,17.4
"1491",32,15,75.2,21.32,0.39073,650.61,17.4
"1492",32,16,55.8,21.23,0.39068,465.2,17.4
"1493",32,17,49.6,21.03,0.39066,413.87,17.4
"1494",32,18,39.2,20.82,0.39064,317.78,17.4
"1495",32,19,45.1,20.6,0.3906,379.13,17.4
"1496",32,20,54.8,20.48,0.39054,473.3,17.4
"1497",32,21,58.3,20.15,0.39048,503.67,17.4
"1498",32,22,80.9,20.07,0.3904,713.92,17.4
"1499",32,23,94.1,20.21,0.39035,830.16,17.4
"1500",32,24,68.3,20.13,0.3903,587.94,17.4
"1501",32,25,59,19.9,0.39022,513.47,17.4
"1502",32,26,60.1,20.04,0.39019,518.4,17.4
"1503",32,27,54.2,20.06,0.39019,463.15,17.4
"1504",32,28,57,19.75,0.39018,483.15,17.4
"1505",32,29,62.6,19.9,0.39016,536.86,17.4
"1506",32,30,78.9,20.02,0.3901,680.96,17.4
"1507",32,31,110.2,20.35,0.39006,976.67,17.4
"1508",32,32,104,20.54,0.39002,916.5,17.4
"1509",32,33,90.2,20.49,0.38997,781.34,17.4
"1510",32,34,85.3,20.36,0.38991,729.84,17.4
"1511",32,35,97.4,20.44,0.38985,843.19,17.4
"1512",32,36,113.5,20.59,0.3898,989.04,17.4
"1513",32,37,117.5,20.74,0.38974,1041.84,17.4
"1514",32,38,135.4,20.71,0.38967,1200.53,17.4
"1515",32,39,174.9,20.86,0.38961,1568.92,17.4
"1516",32,40,208.5,20.88,0.38954,1901.91,17.4
"1517",32,41,232.6,21.19,0.38947,2113.65,17.4
"1518",32,42,279.7,21.81,0.3894,2535.76,17.4
"1519",32,43,336.9,21.73,0.38933,3074.6,17.4
"1520",32,44,443.1,22.33,0.38926,4018.15,17.4
"1521",32,45,561.3,23.59,0.38919,4940.79,17.4
"1522",32,46,507.7,23.53,0.38913,4541.29,17.4
"1523",32,47,333.7,23.38,0.38908,2962.67,17.4
"1524",32,48,215.8,23.28,0.38903,1918.39,17.4
"1525",32,49,302.6,23.96,0.38898,2745.96,17.4
"1526",32,50,330.3,24.62,0.38892,2981.34,17.4
"1527",32,51,258,24.32,0.38887,2322.47,17.4
"1528",32,52,184.8,23.54,0.3888,1643.73,17.4
"1529",32,53,292.9,24.02,0.38874,2652.61,17.4
"1530",32,54,350.7,24.34,0.38867,3165.24,17.4
"1531",32,55,314.6,25.09,0.3886,2763.25,17.4
"1532",32,56,357.3,25.3,0.38853,3171.12,17.4
"1533",32,57,430.7,25.54,0.38845,3819.56,17.4
"1534",32,58,425.6,26.34,0.38837,3741.41,17.4
"1535",32,59,349.8,25.6,0.3883,3083.69,17.4
"1536",32,60,377,25.67,0.38822,3335.77,17.4
"1537",32,61,301.9,24.88,0.38819,2695.29,17.4
"1538",32,62,231.4,24.14,0.38822,2092.07,17.4
"1539",32,63,205.9,24.03,0.38815,1873.23,17.4
"1540",32,64,154.3,23.97,0.38811,1384.92,17.4
"1541",32,65,172.7,23.37,0.3881,1537.11,17.4
"1542",32,66,195.4,23.54,0.38815,1688.55,17.4
"1543",32,67,136.9,23.07,0.38819,1197.19,17.4
"1544",32,68,129.1,23.19,0.38821,1137.97,17.4
"1545",32,69,72.4,22.76,0.38824,623.29,17.4
"1546",32,70,68.2,22.59,0.38827,590.01,17.4
"1547",32,71,43.5,22.35,0.38828,364.04,17.4
"1548",32,72,42,22.17,0.38832,351.98,17.4
"1549",32,73,28.6,21.97,0.38832,226.26,17.4
"1550",32,74,13.4,21.81,0.3883,99.21,17.4
"1551",32,75,11.8,21.7,0.38826,87.37,17.4
"1552",32,76,6.7,21.57,0.38818,44.13,17.4
"1553",32,77,3.5,21.45,0.38813,25.85,17.4
"1554",33,1,8,20.18,0.38494,54.61,0
"1555",33,2,13.3,20.31,0.38488,103.05,0
"1556",33,3,19.7,20.44,0.38482,155.11,0
"1557",33,4,38.5,21.02,0.38482,296.4,0
"1558",33,5,53.2,21.71,0.38502,437.99,0
"1559",33,6,92.1,21.48,0.3851,812.66,0
"1560",33,7,70.9,21.45,0.3851,610.11,0
"1561",33,8,71.4,21.31,0.38507,613.16,0
"1562",33,9,129.7,22.18,0.38504,1157.23,0
"1563",33,10,118.6,22.4,0.38499,1069.7,0
"1564",33,11,222.4,23.21,0.38496,2074.85,0
"1565",33,12,244.9,24.52,0.385,2213.52,0
"1566",33,13,405.1,24.74,0.38504,3717.58,0
"1567",33,14,482.5,25.34,0.38507,4536.34,0
"1568",33,15,308.5,24.49,0.38505,2725.17,0
"1569",33,16,263.8,24.38,0.38501,2386.96,0
"1570",33,17,296,24.73,0.38495,2699.4,0
"1571",33,18,389.1,24.75,0.38489,3544.72,0
"1572",33,19,707.8,25.77,0.38484,6224.62,0
"1573",33,20,442.3,26.16,0.38483,3622.75,0
"1574",33,21,505.3,25.34,0.38478,4361.63,0
"1575",33,22,376.2,25.3,0.38476,3361.61,0
"1576",33,23,323.7,25.73,0.38471,2938.56,0
"1577",33,24,557.9,26.47,0.38468,4610.19,0
"1578",33,25,663.1,27.05,0.38464,5365,0
"1579",33,26,693.5,28.17,0.38461,5611.43,0
"1580",33,27,425.9,27.16,0.3846,3765.12,0
"1581",33,28,727.4,28.02,0.38454,5777.09,0
"1582",33,29,865.2,29,0.38454,6871.69,0
"1583",33,30,964.4,30.42,0.38447,7537.62,0
"1584",33,31,730.2,28.88,0.38439,5372.42,0
"1585",33,32,1183.1,30.86,0.38433,8297.42,0
"1586",33,33,694.1,29.51,0.38428,5118.02,0
"1587",33,34,1157,30.75,0.38426,8475.12,0
"1588",33,35,1020.9,31.39,0.38425,8259.63,0
"1589",33,36,1007.8,31.01,0.38423,7912.92,0
"1590",33,37,868.2,30.47,0.38416,6885.18,0
"1591",33,38,959.2,30.63,0.38418,7745.69,0
"1592",33,39,848.9,31.12,0.38413,6997.6,0
"1593",33,40,878.4,30.8,0.38406,7394.02,0
"1594",33,41,643,30.5,0.38402,5250.65,0
"1595",33,42,958.9,30.95,0.38405,8028.99,0
"1596",33,43,893.9,31.34,0.38406,6442.53,0
"1597",33,44,898.1,31.16,0.3841,7656.62,0
"1598",33,45,761.6,30.06,0.38411,5956.93,0
"1599",33,46,779,30.52,0.38416,5794.22,0
"1600",33,47,1087.8,31.16,0.38418,7368.61,0
"1601",33,48,812,31.05,0.38422,6004.79,0
"1602",33,49,869.1,30.53,0.38428,6595.63,0
"1603",33,50,1004.6,30.92,0.38439,8245.21,0
"1604",33,51,813.2,30.44,0.38451,6853.54,0
"1605",33,52,805.6,30.41,0.38465,5756.48,0
"1606",33,53,742.5,30.77,0.38472,5623.34,0
"1607",33,54,814.1,30.57,0.38478,6478.35,0
"1608",33,55,735.8,31.26,0.38486,6135.85,0
"1609",33,56,625.2,30.54,0.38493,5298.12,0
"1610",33,57,889.5,31.36,0.38504,7577.89,0
"1611",33,58,649.7,30.86,0.38515,5500.19,0
"1612",33,59,383.1,30.32,0.38524,3271.64,0
"1613",33,60,665.2,31.16,0.3853,5786.32,0
"1614",33,61,693.5,31.31,0.38542,5878.22,0
"1615",33,62,408.1,30.55,0.38547,3460.28,0
"1616",33,63,493.6,31.1,0.38556,4258.04,0
"1617",33,64,525,30.78,0.38562,4435.33,0
"1618",33,65,480.2,31.19,0.3857,4048.24,0
"1619",33,66,418.3,31.16,0.3858,3439.84,0
"1620",33,67,355,30.5,0.38589,2529.89,0
"1621",33,68,282.7,30.29,0.386,1673.38,0
"1622",33,69,274.7,29.68,0.3861,1513.65,0
"1623",33,70,233.8,30.46,0.38618,1252.28,0
"1624",33,71,194.5,30.18,0.38623,920.29,0
"1625",33,72,190.4,30.1,0.38629,1048.9,0
"1626",33,73,144.9,29.75,0.38635,851.59,0
"1627",33,74,113.3,29.44,0.38639,738.98,0
"1628",33,75,63.2,28.74,0.38647,415.89,0
"1629",33,76,34.2,28.1,0.38649,261.91,0
"1630",33,77,20.8,27.43,0.38651,165.26,0
"1631",33,78,11.3,26.89,0.38652,87.97,0
"1632",33,79,2,26.34,0.3865,23.26,0
